entry,a,b,c,alpha,beta,gamma,label,natoms,src,cell_vol,B,X,nB,nX,nC,nN,nH,nS,nO,A_cation
0001,4.75327205649,4.96701249034,5.10069400556,73.7278505823,94.1794172842,100.125980698,Ethylammonium Germanium Fluoride,15,"B.Saparov et al., Chem. Rev. 116, 4558 (2016)",113.76491263539513,Ge,F,1,3,2,1,8,0,0,Ethylammonium
0002,5.14908209966,4.65174556999,5.15492200371,80.5176233861,70.2206829864,80.7926386196,Ethylammonium Germanium Fluoride,15,"B.Saparov et al., Chem. Rev. 116, 4558 (2016)",113.87449859124642,Ge,F,1,3,2,1,8,0,0,Ethylammonium
0003,4.27142996019,3.7589415834,7.49001455369,93.8057338014,97.6764935709,95.9633120463,Ethylammonium Germanium Fluoride,15,"B.Saparov et al., Chem. Rev. 116, 4558 (2016)",118.14385232106181,Ge,F,1,3,2,1,8,0,0,Ethylammonium
0004,4.67795629958,3.64099826929,7.93998005883,65.0256599809,104.652997989,104.321985077,Ethylammonium Germanium Fluoride,15,"B.Saparov et al., Chem. Rev. 116, 4558 (2016)",117.07150495873869,Ge,F,1,3,2,1,8,0,0,Ethylammonium
0005,6.8909561669,3.82887500908,5.16145399801,115.91657242,74.1434833251,105.65114519,Ethylammonium Germanium Fluoride,15,"B.Saparov et al., Chem. Rev. 116, 4558 (2016)",116.03352866000738,Ge,F,1,3,2,1,8,0,0,Ethylammonium
0006,4.79012378643,3.58040173685,7.70205696483,107.565592285,78.2958618439,110.719872971,Ethylammonium Germanium Fluoride,15,"B.Saparov et al., Chem. Rev. 116, 4558 (2016)",117.10424335557398,Ge,F,1,3,2,1,8,0,0,Ethylammonium
0007,4.68746300519,3.63526529344,7.34397904481,92.0150055716,81.8140655162,69.29006077,Ethylammonium Germanium Fluoride,15,"B.Saparov et al., Chem. Rev. 116, 4558 (2016)",115.36835368362611,Ge,F,1,3,2,1,8,0,0,Ethylammonium
0008,7.45693103151,3.82132121041,4.08447825814,88.725274605,89.2703916862,89.0276047494,Ethylammonium Germanium Fluoride,15,"B.Saparov et al., Chem. Rev. 116, 4558 (2016)",116.33410085629264,Ge,F,1,3,2,1,8,0,0,Ethylammonium
0009,6.70960013794,4.28390495174,4.74642929797,112.994561377,105.671746747,82.403896249,Ethylammonium Germanium Fluoride,15,"B.Saparov et al., Chem. Rev. 116, 4558 (2016)",120.86423333057773,Ge,F,1,3,2,1,8,0,0,Ethylammonium
0010,4.5826114452,4.9854438242,6.66485028202,73.6297273678,89.8494485117,88.4114533505,Propylammonium Germanium Fluoride,18,"S.Kataoka et al., J. Am. Chem. Soc. 137, 4158 (2015)",146.03635892187728,Ge,F,1,3,3,1,10,0,0,Propylammonium
0011,4.5680301402,4.84971269073,6.76097728097,106.263994158,80.6733335928,91.015762746,Propylammonium Germanium Fluoride,18,"S.Kataoka et al., J. Am. Chem. Soc. 137, 4158 (2015)",141.82493511077308,Ge,F,1,3,3,1,10,0,0,Propylammonium
0012,4.86215289262,5.13501210274,6.13229071196,106.866360566,75.9306835316,94.0790557712,Propylammonium Germanium Fluoride,18,"S.Kataoka et al., J. Am. Chem. Soc. 137, 4158 (2015)",142.12491854192893,Ge,F,1,3,3,1,10,0,0,Propylammonium
0013,4.98374973736,5.20408877358,5.47671528167,76.4068608809,89.4193281427,84.6318998412,Propylammonium Germanium Fluoride,18,"S.Kataoka et al., J. Am. Chem. Soc. 137, 4158 (2015)",137.44881759084237,Ge,F,1,3,3,1,10,0,0,Propylammonium
0014,4.62114747201,5.53463295227,5.72051159023,78.9000171607,75.0115453072,87.0576321911,Propylammonium Germanium Fluoride,18,"S.Kataoka et al., J. Am. Chem. Soc. 137, 4158 (2015)",138.68795484187552,Ge,F,1,3,3,1,10,0,0,Propylammonium
0015,8.90634789114,3.75046052239,4.79380513362,69.5162576434,75.2595449034,65.842882329,Propylammonium Germanium Fluoride,18,"S.Kataoka et al., J. Am. Chem. Soc. 137, 4158 (2015)",135.702356611001,Ge,F,1,3,3,1,10,0,0,Propylammonium
0016,4.70393834151,3.79597086625,8.34584839863,91.0132864609,111.331359366,99.3112195397,Propylammonium Germanium Fluoride,18,"S.Kataoka et al., J. Am. Chem. Soc. 137, 4158 (2015)",136.50959821779784,Ge,F,1,3,3,1,10,0,0,Propylammonium
0017,5.02891819073,5.1172566994,7.53122658513,59.7043548264,123.23388038,107.517957148,Propylammonium Germanium Fluoride,18,"S.Kataoka et al., J. Am. Chem. Soc. 137, 4158 (2015)",139.8913668406668,Ge,F,1,3,3,1,10,0,0,Propylammonium
0018,7.11682577113,5.6349300241,4.36155581642,90.9943976281,85.0491412428,109.323828201,Butylammonium Germanium Fluoride,21,"H. Hu et al., Sci. Rep. 6, 33546 (2016)",164.42930854496365,Ge,F,1,3,4,1,12,0,0,Butylammonium
0019,4.60090310015,5.70813391934,6.80259632032,71.433726109,82.6165331193,84.221581811,Butylammonium Germanium Fluoride,21,"H. Hu et al., Sci. Rep. 6, 33546 (2016)",167.6118413285336,Ge,F,1,3,4,1,12,0,0,Butylammonium
0020,5.71487225931,6.52308435505,4.58802516529,82.1269716403,91.7186440857,106.972036153,Butylammonium Germanium Fluoride,21,"H. Hu et al., Sci. Rep. 6, 33546 (2016)",162.035123775424,Ge,F,1,3,4,1,12,0,0,Butylammonium
0021,4.4333184356,5.46194620311,7.07224796259,69.8252124765,98.1913540863,91.4509091155,Butylammonium Germanium Fluoride,21,"H. Hu et al., Sci. Rep. 6, 33546 (2016)",159.05188763938227,Ge,F,1,3,4,1,12,0,0,Butylammonium
0022,6.04581848034,5.00506041983,4.6227207507,84.6073489792,86.4095029504,91.5307091503,Isopropylammonium Germanium Fluoride,18,"C.C.Stoumpos et al., J. Am. Chem. Soc. 137, 6804 (2015)",138.91479241749192,Ge,F,1,3,3,1,10,0,0,Isopropylammonium
0023,5.08645698627,5.33941412664,5.39118464736,90.8235413797,100.435404604,73.2356369879,Isopropylammonium Germanium Fluoride,18,"C.C.Stoumpos et al., J. Am. Chem. Soc. 137, 6804 (2015)",137.76428592885713,Ge,F,1,3,3,1,10,0,0,Isopropylammonium
0024,5.42719838759,4.31671455526,5.97849645708,83.7611381721,92.9096188567,86.7432097944,Isopropylammonium Germanium Fluoride,18,"C.C.Stoumpos et al., J. Am. Chem. Soc. 137, 6804 (2015)",138.7789118085784,Ge,F,1,3,3,1,10,0,0,Isopropylammonium
0025,6.25983565749,4.35348730209,5.07629809248,92.4102636554,91.7520375815,95.0174063876,Isopropylammonium Germanium Fluoride,18,"C.C.Stoumpos et al., J. Am. Chem. Soc. 137, 6804 (2015)",137.60628786774572,Ge,F,1,3,3,1,10,0,0,Isopropylammonium
0026,4.39617291238,4.74599150485,7.69026116065,112.448451317,92.0314250224,104.684552924,Isopropylammonium Germanium Fluoride,18,"C.C.Stoumpos et al., J. Am. Chem. Soc. 137, 6804 (2015)",141.8708508843446,Ge,F,1,3,3,1,10,0,0,Isopropylammonium
0027,5.98892842798,4.91436248974,4.68174488675,95.9804528926,84.9050740957,88.896531552,Isopropylammonium Germanium Fluoride,18,"C.C.Stoumpos et al., J. Am. Chem. Soc. 137, 6804 (2015)",136.4440768110699,Ge,F,1,3,3,1,10,0,0,Isopropylammonium
0028,5.70141393064,3.96568125132,7.00489444265,101.581852308,85.0301081475,116.894883636,Isopropylammonium Germanium Fluoride,18,"C.C.Stoumpos et al., J. Am. Chem. Soc. 137, 6804 (2015)",138.3722305783889,Ge,F,1,3,3,1,10,0,0,Isopropylammonium
0029,7.47792409112,3.82030072667,5.14030241213,72.5804360422,90.9116193611,105.032361875,Isopropylammonium Germanium Fluoride,18,"C.C.Stoumpos et al., J. Am. Chem. Soc. 137, 6804 (2015)",135.01427700456745,Ge,F,1,3,3,1,10,0,0,Isopropylammonium
0030,5.89327145071,4.31476778877,5.48796131848,88.9801969586,87.5251052825,94.3920333677,Isopropylammonium Germanium Fluoride,18,"C.C.Stoumpos et al., J. Am. Chem. Soc. 137, 6804 (2015)",138.97763501966446,Ge,F,1,3,3,1,10,0,0,Isopropylammonium
0031,5.4899764624,4.79093577973,4.64600390316,83.0958388145,103.673276521,99.0516062031,Dimethylammonium Germanium Fluoride,15,"B.Saparov et al., Chem. Rev. 116, 4558 (2016)",116.81825532999264,Ge,F,1,3,2,1,8,0,0,Dimethylammonium
0032,5.41979793346,4.78795583055,4.82286830656,76.7865068722,105.415353037,97.8993712286,Dimethylammonium Germanium Fluoride,15,"B.Saparov et al., Chem. Rev. 116, 4558 (2016)",117.06296073133022,Ge,F,1,3,2,1,8,0,0,Dimethylammonium
0033,5.32366637008,4.82463464706,4.85494702414,84.6882158123,80.5026249825,73.2286825229,Dimethylammonium Germanium Fluoride,15,"B.Saparov et al., Chem. Rev. 116, 4558 (2016)",117.62385777466153,Ge,F,1,3,2,1,8,0,0,Dimethylammonium
0034,4.83284055789,3.56398987268,7.08618919224,93.769226125,78.3828685828,97.6731744672,Dimethylammonium Germanium Fluoride,15,"B.Saparov et al., Chem. Rev. 116, 4558 (2016)",118.38820885416268,Ge,F,1,3,2,1,8,0,0,Dimethylammonium
0035,4.87836323517,3.65616388435,6.87088292711,91.3940921734,79.4266600821,98.8935919995,Dimethylammonium Germanium Fluoride,15,"B.Saparov et al., Chem. Rev. 116, 4558 (2016)",119.01952440962691,Ge,F,1,3,2,1,8,0,0,Dimethylammonium
0036,4.96976317909,5.16830052587,5.21220440311,89.0128270918,106.271024318,73.9626365202,Acetamidinium Germanium Fluoride,15,"C.C.Stoumpos et al., J. Am. Chem. Soc. 137, 6804 (2015)",122.86148649631357,Ge,F,1,3,2,2,7,0,0,Acetamidinium
0037,4.89808672384,5.26499597885,5.20367605108,91.2454097774,106.046620304,106.107953242,Acetamidinium Germanium Fluoride,15,"C.C.Stoumpos et al., J. Am. Chem. Soc. 137, 6804 (2015)",123.1967579926131,Ge,F,1,3,2,2,7,0,0,Acetamidinium
0038,4.74515507446,5.5340422381,4.85314746558,79.5351960272,100.374416519,87.2488887487,Acetamidinium Germanium Fluoride,15,"C.C.Stoumpos et al., J. Am. Chem. Soc. 137, 6804 (2015)",122.84469102134764,Ge,F,1,3,2,2,7,0,0,Acetamidinium
0039,4.9517574307,3.46232726054,7.27843623805,87.3717885392,93.5738907291,99.188902323,Acetamidinium Germanium Fluoride,15,"C.C.Stoumpos et al., J. Am. Chem. Soc. 137, 6804 (2015)",122.86335090897077,Ge,F,1,3,2,2,7,0,0,Acetamidinium
0040,4.82741614596,3.42214163395,8.07361736719,111.334049939,88.712267407,97.5995994146,Acetamidinium Germanium Fluoride,15,"C.C.Stoumpos et al., J. Am. Chem. Soc. 137, 6804 (2015)",123.09861301998721,Ge,F,1,3,2,2,7,0,0,Acetamidinium
0041,7.4607190223,3.52482647364,4.7362405652,89.4077940499,90.0492553538,86.8221719349,Acetamidinium Germanium Fluoride,15,"C.C.Stoumpos et al., J. Am. Chem. Soc. 137, 6804 (2015)",124.35412638571212,Ge,F,1,3,2,2,7,0,0,Acetamidinium
0042,4.5518058432,4.46865179965,4.83245527841,88.7656297897,103.783683641,90.903866924,Methylammonium Germanium Fluoride,12,"T.D.Huan et al., Phys. Rev. B 93,094105(2016)",95.43569720259435,Ge,F,1,3,1,1,6,0,0,Methylammonium
0043,4.6412432626,4.44100020036,4.78398239176,93.4471355464,76.2843638442,93.3768727319,Methylammonium Germanium Fluoride,12,"T.D.Huan et al., Phys. Rev. B 93,094105(2016)",95.51977322492728,Ge,F,1,3,1,1,6,0,0,Methylammonium
0044,4.46373087577,3.79510253404,5.72933316883,82.4826958679,88.2977679615,87.4047045517,Methylammonium Germanium Fluoride,12,"T.D.Huan et al., Phys. Rev. B 93,094105(2016)",96.09614047080996,Ge,F,1,3,1,1,6,0,0,Methylammonium
0045,4.65227202179,3.57530083584,6.47623452672,107.625055541,84.2729689676,75.4908549429,Methylammonium Germanium Fluoride,12,"T.D.Huan et al., Phys. Rev. B 93,094105(2016)",97.57255085228536,Ge,F,1,3,1,1,6,0,0,Methylammonium
0046,5.97109360525,3.54415890618,4.61040886095,79.3107773307,94.590466041,88.380770642,Methylammonium Germanium Fluoride,12,"T.D.Huan et al., Phys. Rev. B 93,094105(2016)",95.47465600685805,Ge,F,1,3,1,1,6,0,0,Methylammonium
0047,7.00066474403,4.16807348149,6.22744153193,43.866911048,115.622212256,126.844029799,Methylammonium Germanium Fluoride,12,"T.D.Huan et al., Phys. Rev. B 93,094105(2016)",100.77329763540611,Ge,F,1,3,1,1,6,0,0,Methylammonium
0048,4.67499015941,5.04501339356,5.07229887879,100.879250546,96.4495677164,95.9999870108,Guanidinium Germanium Fluoride,14,"B.Saparov et al., Chem. Rev. 116, 4558 (2016)",115.76541894615501,Ge,F,1,3,1,3,6,0,0,Guanidinium
0049,5.26846923108,4.61977830679,4.88118589355,85.2799198201,100.234023252,82.5037904224,Guanidinium Germanium Fluoride,14,"B.Saparov et al., Chem. Rev. 116, 4558 (2016)",115.23542077739333,Ge,F,1,3,1,3,6,0,0,Guanidinium
0050,8.08314598549,3.33110898724,4.71254879173,80.7765829831,93.8619337874,114.334473772,Guanidinium Germanium Fluoride,14,"B.Saparov et al., Chem. Rev. 116, 4558 (2016)",114.12098069228448,Ge,F,1,3,1,3,6,0,0,Guanidinium
0051,4.36059074548,4.42575905727,4.41944917531,105.447697896,92.9232435552,87.2542376688,Hydroxylammonium Germanium Fluoride,10,"G.Kieslich et al., Chem. Sci. 6, 3430 (2015)",82.0502310730821,Ge,F,1,3,0,1,4,0,1,Hydroxylammonium
0052,4.61317206146,3.88058056421,5.3763607679,111.130826921,92.4751924916,72.0809680748,Hydroxylammonium Germanium Fluoride,10,"G.Kieslich et al., Chem. Sci. 6, 3430 (2015)",85.17095326877985,Ge,F,1,3,0,1,4,0,1,Hydroxylammonium
0053,4.76765451927,3.67432172975,5.29523801906,76.352717774,84.3414982248,66.4856936935,Hydroxylammonium Germanium Fluoride,10,"G.Kieslich et al., Chem. Sci. 6, 3430 (2015)",82.65604029537629,Ge,F,1,3,0,1,4,0,1,Hydroxylammonium
0054,4.67203153635,3.37102397967,5.67291654772,97.2131553934,77.2299174154,109.247085394,Hydroxylammonium Germanium Fluoride,10,"G.Kieslich et al., Chem. Sci. 6, 3430 (2015)",82.13056537283944,Ge,F,1,3,0,1,4,0,1,Hydroxylammonium
0055,5.66460790941,3.49297420398,4.72297261192,73.3689403889,79.6598032685,69.5283019285,Hydroxylammonium Germanium Fluoride,10,"G.Kieslich et al., Chem. Sci. 6, 3430 (2015)",83.55733755442989,Ge,F,1,3,0,1,4,0,1,Hydroxylammonium
0056,5.15926860609,3.69667118202,4.78425893875,112.248458063,93.2383324581,76.8011883964,Hydroxylammonium Germanium Fluoride,10,"G.Kieslich et al., Chem. Sci. 6, 3430 (2015)",82.17636142419111,Ge,F,1,3,0,1,4,0,1,Hydroxylammonium
0057,5.90807247936,3.45422190082,4.7177273921,72.3984774401,90.8074537786,66.8664014436,Hydroxylammonium Germanium Fluoride,10,"G.Kieslich et al., Chem. Sci. 6, 3430 (2015)",83.41612471060456,Ge,F,1,3,0,1,4,0,1,Hydroxylammonium
0058,4.98934232891,4.46658247871,4.78655352951,71.3281758062,83.5250004781,87.3760097498,Formamidinium Germanium Fluoride,12,"T.D.Huan et al., Phys. Rev. B 93,094105(2016)",100.40563491978466,Ge,F,1,3,1,2,5,0,0,Formamidinium
0059,4.56922541586,4.84417696575,5.22308061937,102.319582872,101.536912794,71.3883897611,Formamidinium Germanium Fluoride,12,"T.D.Huan et al., Phys. Rev. B 93,094105(2016)",105.9477787266404,Ge,F,1,3,1,2,5,0,0,Formamidinium
0060,5.4729951532,5.42753598502,5.48063109371,91.7728291107,88.7412235074,88.3213120928,Tetramethylammonium Germanium Fluoride,21,"B.Saparov et al., Chem. Rev. 116, 4558 (2016)",162.61108016403657,Ge,F,1,3,4,1,12,0,0,Tetramethylammonium
0061,5.68208390395,4.98003345886,5.80665682277,87.0154486927,87.7163263203,87.4007158257,Tetramethylammonium Germanium Fluoride,21,"B.Saparov et al., Chem. Rev. 116, 4558 (2016)",163.80332804797428,Ge,F,1,3,4,1,12,0,0,Tetramethylammonium
0062,4.74006152805,4.35343983909,4.4060543076,87.8771327321,73.5754277189,89.1115868149,Hydrazinium Germanium Fluoride,11,"B.Saparov et al., Chem. Rev. 116, 4558 (2016)",87.15014942307565,Ge,F,1,3,0,2,5,0,0,Hydrazinium
0063,3.46942578258,4.81938397316,6.20674358465,88.4334305971,114.218539055,109.704736011,Hydrazinium Germanium Fluoride,11,"B.Saparov et al., Chem. Rev. 116, 4558 (2016)",88.35623140804564,Ge,F,1,3,0,2,5,0,0,Hydrazinium
0064,6.28550876792,4.61960722955,4.41806705018,91.6482471848,45.1505351677,101.957011665,Hydrazinium Germanium Fluoride,11,"B.Saparov et al., Chem. Rev. 116, 4558 (2016)",87.6935470249616,Ge,F,1,3,0,2,5,0,0,Hydrazinium
0065,3.43369057755,4.86544640737,6.22913839809,74.7098800334,113.595220513,111.076730294,Hydrazinium Germanium Fluoride,11,"B.Saparov et al., Chem. Rev. 116, 4558 (2016)",88.10918746532607,Ge,F,1,3,0,2,5,0,0,Hydrazinium
0066,4.80744423158,5.2437135686,3.86597028614,75.8202861173,67.4122681929,85.7914575142,Hydrazinium Germanium Fluoride,11,"B.Saparov et al., Chem. Rev. 116, 4558 (2016)",87.21617872355536,Ge,F,1,3,0,2,5,0,0,Hydrazinium
0067,6.33976675233,3.50840466518,4.73711442931,110.292684136,104.7760614,63.4796667702,Hydrazinium Germanium Fluoride,11,"B.Saparov et al., Chem. Rev. 116, 4558 (2016)",87.79432415982508,Ge,F,1,3,0,2,5,0,0,Hydrazinium
0068,6.02344572625,3.30781997514,4.54100677009,80.5695407672,101.992245639,88.5834724704,Hydrazinium Germanium Fluoride,11,"B.Saparov et al., Chem. Rev. 116, 4558 (2016)",87.14442960011226,Ge,F,1,3,0,2,5,0,0,Hydrazinium
0069,5.22066806296,3.4834389383,5.20021074826,82.2084396093,91.0029096394,72.2297491792,Hydrazinium Germanium Fluoride,11,"B.Saparov et al., Chem. Rev. 116, 4558 (2016)",89.05290948213081,Ge,F,1,3,0,2,5,0,0,Hydrazinium
0070,5.13157173042,4.74932341534,3.49726940018,69.0234743467,110.696756749,96.7668425915,Ammonium Germanium Fluoride,9,"T.D.Huan et al., Phys. Rev. B 93,094105(2016)",74.44522280137555,Ge,F,1,3,0,1,4,0,0,Ammonium
0071,4.22373837671,4.35602996198,4.41327359265,80.3541960457,82.9717450279,81.9256827881,Ammonium Germanium Fluoride,9,"T.D.Huan et al., Phys. Rev. B 93,094105(2016)",78.84985362737224,Ge,F,1,3,0,1,4,0,0,Ammonium
0072,4.57565279471,5.87885635576,5.31133842515,85.651369303,89.0304480478,100.228805147,Trimethylammonium Germanium Fluoride,18,"A. Mancini et al., J. Solid State Chem. 240, 55 (2016)",140.13014380663515,Ge,F,1,3,3,1,10,0,0,Trimethylammonium
0073,4.89181595353,5.05130503946,5.83526248959,89.2967595394,93.0594424194,105.128924462,Trimethylammonium Germanium Fluoride,18,"A. Mancini et al., J. Solid State Chem. 240, 55 (2016)",138.99358942030062,Ge,F,1,3,3,1,10,0,0,Trimethylammonium
0074,5.32256648003,5.35462909361,5.0861205345,94.8206650399,95.129630196,103.190567487,Trimethylammonium Germanium Fluoride,18,"A. Mancini et al., J. Solid State Chem. 240, 55 (2016)",139.7489861912219,Ge,F,1,3,3,1,10,0,0,Trimethylammonium
0075,5.27594013269,5.37325402576,5.29036474112,96.9632606314,99.39816621,96.5146004006,Trimethylammonium Germanium Fluoride,18,"A. Mancini et al., J. Solid State Chem. 240, 55 (2016)",145.5059198911371,Ge,F,1,3,3,1,10,0,0,Trimethylammonium
0076,4.72949200811,5.75042951212,5.23866169073,92.0186372337,78.8955258643,90.0400062526,Trimethylammonium Germanium Fluoride,18,"A. Mancini et al., J. Solid State Chem. 240, 55 (2016)",139.71694142080094,Ge,F,1,3,3,1,10,0,0,Trimethylammonium
0077,5.49835500918,4.71896710408,5.80908313773,102.383977439,85.7274015442,78.5772455156,Trimethylammonium Germanium Fluoride,18,"A. Mancini et al., J. Solid State Chem. 240, 55 (2016)",143.22148504424666,Ge,F,1,3,3,1,10,0,0,Trimethylammonium
0078,5.4961135337,4.1200311708,6.40999687539,92.809355005,82.1818071952,82.145282313,Trimethylammonium Germanium Fluoride,18,"A. Mancini et al., J. Solid State Chem. 240, 55 (2016)",142.11226224002593,Ge,F,1,3,3,1,10,0,0,Trimethylammonium
0079,4.48804828758,5.39109769914,5.41329302273,90.6178042723,90.6388181987,89.1459353042,Azetidinium Germanium Fluoride,16,"B. Zhou et al., Angew. Chem. Int. Ed. 50, 11441 (2011)",130.94729462445446,Ge,F,1,3,3,1,8,0,0,Azetidinium
0080,5.61445078849,4.84346867307,4.65868181419,89.2319993488,83.8825735212,96.8858436295,Azetidinium Germanium Fluoride,16,"B. Zhou et al., Angew. Chem. Int. Ed. 50, 11441 (2011)",125.01150606445985,Ge,F,1,3,3,1,8,0,0,Azetidinium
0081,4.72260016439,4.74996260814,5.82238221177,90.0652694036,89.1248297525,99.2535529962,Azetidinium Germanium Fluoride,16,"B. Zhou et al., Angew. Chem. Int. Ed. 50, 11441 (2011)",128.8938497240611,Ge,F,1,3,3,1,8,0,0,Azetidinium
0082,4.80443362021,5.51501318357,4.7975878376,82.854544149,87.0556593209,98.0880056457,Azetidinium Germanium Fluoride,16,"B. Zhou et al., Angew. Chem. Int. Ed. 50, 11441 (2011)",124.57024565409523,Ge,F,1,3,3,1,8,0,0,Azetidinium
0083,6.92408151366,4.5656276023,4.41354291117,105.794712886,78.615619602,87.6655974265,Azetidinium Germanium Fluoride,16,"B. Zhou et al., Angew. Chem. Int. Ed. 50, 11441 (2011)",130.95332388728568,Ge,F,1,3,3,1,8,0,0,Azetidinium
0084,6.92701125009,4.42960628174,4.42837619193,102.72830045,81.9481111966,87.4519689059,Azetidinium Germanium Fluoride,16,"B. Zhou et al., Angew. Chem. Int. Ed. 50, 11441 (2011)",130.83455673194095,Ge,F,1,3,3,1,8,0,0,Azetidinium
0085,6.31819994548,4.85053235611,4.45124624983,87.2370996939,96.8941576923,80.3779358661,Azetidinium Germanium Fluoride,16,"B. Zhou et al., Angew. Chem. Int. Ed. 50, 11441 (2011)",133.19896173335772,Ge,F,1,3,3,1,8,0,0,Azetidinium
0086,6.72603192466,3.72912596131,5.47233122857,70.3149735806,96.1914689214,103.019224964,Azetidinium Germanium Fluoride,16,"B. Zhou et al., Angew. Chem. Int. Ed. 50, 11441 (2011)",125.83809618998828,Ge,F,1,3,3,1,8,0,0,Azetidinium
0087,5.02999486446,3.80439882934,7.11714258252,105.772160859,87.3673361118,106.133730492,Azetidinium Germanium Fluoride,16,"B. Zhou et al., Angew. Chem. Int. Ed. 50, 11441 (2011)",125.84018567838505,Ge,F,1,3,3,1,8,0,0,Azetidinium
0088,5.0776058583,3.78071928208,7.07438509916,74.9037846999,95.5598855233,106.285813066,Azetidinium Germanium Fluoride,16,"B. Zhou et al., Angew. Chem. Int. Ed. 50, 11441 (2011)",125.81734563652152,Ge,F,1,3,3,1,8,0,0,Azetidinium
0089,3.63950631662,4.89008549111,7.2693625175,86.8127864236,92.7883013597,97.0521976369,Azetidinium Germanium Fluoride,16,"B. Zhou et al., Angew. Chem. Int. Ed. 50, 11441 (2011)",128.08485922869735,Ge,F,1,3,3,1,8,0,0,Azetidinium
0090,6.42436272487,5.18347095224,4.56750032714,60.2208614171,85.1404228968,82.233176167,Azetidinium Germanium Fluoride,16,"B. Zhou et al., Angew. Chem. Int. Ed. 50, 11441 (2011)",130.77622063997399,Ge,F,1,3,3,1,8,0,0,Azetidinium
0091,6.36918224253,4.62116850022,4.58167939884,98.7104849239,86.4232527496,86.0702979768,Azetidinium Germanium Fluoride,16,"B. Zhou et al., Angew. Chem. Int. Ed. 50, 11441 (2011)",132.62159134211493,Ge,F,1,3,3,1,8,0,0,Azetidinium
0092,4.53791848304,6.33845745557,4.54741963778,91.0284270781,74.2158815335,92.0853586602,Imidazolium Germanium Fluoride,14,"B.Saparov et al., Chem. Rev. 116, 4558 (2016)",125.77950668439829,Ge,F,1,3,3,2,5,0,0,Imidazolium
0093,4.65914891281,6.15963122266,4.51474352443,94.052619845,75.9247414191,83.9361262647,Imidazolium Germanium Fluoride,14,"B.Saparov et al., Chem. Rev. 116, 4558 (2016)",124.34858285108209,Ge,F,1,3,3,2,5,0,0,Imidazolium
0094,5.59829816822,5.14279440547,4.68999635472,76.6417314848,82.6353979055,97.6912535424,Imidazolium Germanium Fluoride,14,"B.Saparov et al., Chem. Rev. 116, 4558 (2016)",128.40922436895806,Ge,F,1,3,3,2,5,0,0,Imidazolium
0095,4.76695201977,5.69262898844,4.77816888699,98.2512332792,102.255472924,96.384932966,Imidazolium Germanium Fluoride,14,"B.Saparov et al., Chem. Rev. 116, 4558 (2016)",124.04339411147144,Ge,F,1,3,3,2,5,0,0,Imidazolium
0096,4.66893042419,3.41550358858,7.90987366684,94.2727276558,86.4182187811,91.7475518817,Imidazolium Germanium Fluoride,14,"B.Saparov et al., Chem. Rev. 116, 4558 (2016)",125.49816854994755,Ge,F,1,3,3,2,5,0,0,Imidazolium
0097,4.68505747088,3.53171230536,8.20954214828,112.594924061,93.7043997995,84.6921431227,Imidazolium Germanium Fluoride,14,"B.Saparov et al., Chem. Rev. 116, 4558 (2016)",124.81085182697521,Ge,F,1,3,3,2,5,0,0,Imidazolium
0098,5.70777866916,5.6924646398,6.05549611143,79.1353782185,89.518398641,97.6754983243,Ethylammonium Germanium Chloride,15,"B.Saparov et al., Chem. Rev. 116, 4558 (2016)",191.37917922870295,Ge,Cl,1,3,2,1,8,0,0,Ethylammonium
0099,5.96203381467,5.55465600494,5.94121535738,83.5391876052,74.6838088243,83.148912473,Ethylammonium Germanium Chloride,15,"B.Saparov et al., Chem. Rev. 116, 4558 (2016)",187.736799082057,Ge,Cl,1,3,2,1,8,0,0,Ethylammonium
0100,5.78095485697,4.17288276922,8.33203203435,95.1833466229,93.3072042491,100.414796608,Ethylammonium Germanium Chloride,15,"B.Saparov et al., Chem. Rev. 116, 4558 (2016)",196.31286724199308,Ge,Cl,1,3,2,1,8,0,0,Ethylammonium
0101,8.15123113077,4.18977875641,5.77201698277,79.746712992,93.9827042427,87.8363708184,Ethylammonium Germanium Chloride,15,"B.Saparov et al., Chem. Rev. 116, 4558 (2016)",193.25630575677542,Ge,Cl,1,3,2,1,8,0,0,Ethylammonium
0102,5.9192245361,4.24518999937,7.89133911747,95.6358394969,99.1239540083,94.7212432777,Ethylammonium Germanium Chloride,15,"B.Saparov et al., Chem. Rev. 116, 4558 (2016)",193.87094353446068,Ge,Cl,1,3,2,1,8,0,0,Ethylammonium
0103,6.51570353418,4.43645085424,7.0877203961,101.247334179,90.029019004,87.1155733752,Ethylammonium Germanium Chloride,15,"B.Saparov et al., Chem. Rev. 116, 4558 (2016)",200.6833521563412,Ge,Cl,1,3,2,1,8,0,0,Ethylammonium
0104,5.31141729482,3.92535966579,9.14127671415,91.149718387,83.255245743,90.2557871604,Ethylammonium Germanium Chloride,15,"B.Saparov et al., Chem. Rev. 116, 4558 (2016)",189.23096567997726,Ge,Cl,1,3,2,1,8,0,0,Ethylammonium
0105,5.56035017258,4.67371943396,7.61004729476,85.6700295084,84.9577314463,74.7033201837,Ethylammonium Germanium Chloride,15,"B.Saparov et al., Chem. Rev. 116, 4558 (2016)",189.7398434202672,Ge,Cl,1,3,2,1,8,0,0,Ethylammonium
0106,10.3653653703,4.59342506542,4.09810501424,90.2807986442,89.6636233719,83.6945461122,Ethylammonium Germanium Chloride,15,"B.Saparov et al., Chem. Rev. 116, 4558 (2016)",193.93439897285214,Ge,Cl,1,3,2,1,8,0,0,Ethylammonium
0107,7.94658897516,4.54412177041,5.79730323128,96.1342061001,102.420215526,96.9477504158,Ethylammonium Germanium Chloride,15,"B.Saparov et al., Chem. Rev. 116, 4558 (2016)",201.02621220594577,Ge,Cl,1,3,2,1,8,0,0,Ethylammonium
0108,6.02743302786,5.63051827118,6.87435962199,72.3698659676,88.0661145506,84.1911386583,Propylammonium Germanium Chloride,18,"S.Kataoka et al., J. Am. Chem. Soc. 137, 4158 (2015)",221.19848297916778,Ge,Cl,1,3,3,1,10,0,0,Propylammonium
0109,5.8727060794,5.66404669951,7.05883201554,107.465114743,85.4782015237,85.8852530531,Propylammonium Germanium Chloride,18,"S.Kataoka et al., J. Am. Chem. Soc. 137, 4158 (2015)",222.1516440446075,Ge,Cl,1,3,3,1,10,0,0,Propylammonium
0110,5.80778739577,5.73448089062,7.16022965932,106.928157658,78.4349982033,94.6110585944,Propylammonium Germanium Chloride,18,"S.Kataoka et al., J. Am. Chem. Soc. 137, 4158 (2015)",223.44287519367398,Ge,Cl,1,3,3,1,10,0,0,Propylammonium
0111,6.21422124981,5.94467483675,5.96843554703,76.8285456235,88.8913787173,82.2560941346,Propylammonium Germanium Chloride,18,"S.Kataoka et al., J. Am. Chem. Soc. 137, 4158 (2015)",212.7101687525697,Ge,Cl,1,3,3,1,10,0,0,Propylammonium
0112,6.07324464504,5.82215047479,6.13153852516,81.6347110541,80.0875698,82.2835306459,Propylammonium Germanium Chloride,18,"S.Kataoka et al., J. Am. Chem. Soc. 137, 4158 (2015)",209.96720534978527,Ge,Cl,1,3,3,1,10,0,0,Propylammonium
0113,5.78805597195,5.88693252858,6.48219534292,80.8481993576,77.2060836614,82.0473513239,Propylammonium Germanium Chloride,18,"S.Kataoka et al., J. Am. Chem. Soc. 137, 4158 (2015)",211.42453442273106,Ge,Cl,1,3,3,1,10,0,0,Propylammonium
0114,7.75747457276,4.38315876734,6.82428654865,80.1525291864,83.9931847947,78.3311695539,Propylammonium Germanium Chloride,18,"S.Kataoka et al., J. Am. Chem. Soc. 137, 4158 (2015)",223.306438083472,Ge,Cl,1,3,3,1,10,0,0,Propylammonium
0115,6.60720421032,5.5301272245,7.18982125873,90.4688221843,115.330613165,110.075154257,Propylammonium Germanium Chloride,18,"S.Kataoka et al., J. Am. Chem. Soc. 137, 4158 (2015)",219.27105132591902,Ge,Cl,1,3,3,1,10,0,0,Propylammonium
0116,6.19444397829,5.58511849819,7.24244982065,89.278591329,115.734917855,75.4461346996,Propylammonium Germanium Chloride,18,"S.Kataoka et al., J. Am. Chem. Soc. 137, 4158 (2015)",216.3306038661906,Ge,Cl,1,3,3,1,10,0,0,Propylammonium
0117,7.88267873648,5.1467181951,6.99751970215,73.3197743856,57.4906816575,93.4061445686,Propylammonium Germanium Chloride,18,"S.Kataoka et al., J. Am. Chem. Soc. 137, 4158 (2015)",221.16295809546745,Ge,Cl,1,3,3,1,10,0,0,Propylammonium
0118,5.80052315859,5.79556929068,9.05202975337,58.5806774637,122.916837999,102.135893128,Propylammonium Germanium Chloride,18,"S.Kataoka et al., J. Am. Chem. Soc. 137, 4158 (2015)",216.85993693853857,Ge,Cl,1,3,3,1,10,0,0,Propylammonium
0119,7.55438764289,5.94047011713,6.08029011674,76.2261677798,109.222063714,107.924057458,Butylammonium Germanium Chloride,21,"H. Hu et al., Sci. Rep. 6, 33546 (2016)",242.2884548290507,Ge,Cl,1,3,4,1,12,0,0,Butylammonium
0120,6.27614960026,7.12799654291,6.0448181048,76.6895488111,98.5542474467,112.624891289,Butylammonium Germanium Chloride,21,"H. Hu et al., Sci. Rep. 6, 33546 (2016)",242.36122271048185,Ge,Cl,1,3,4,1,12,0,0,Butylammonium
0121,6.27939747228,5.7882537949,7.51601653141,70.0591173134,86.1923491028,90.5415765532,Butylammonium Germanium Chloride,21,"H. Hu et al., Sci. Rep. 6, 33546 (2016)",256.08711115784917,Ge,Cl,1,3,4,1,12,0,0,Butylammonium
0122,6.43720689757,5.79579263469,5.85401872227,81.5419013625,83.4058948331,88.1739050756,Isopropylammonium Germanium Chloride,18,"C.C.Stoumpos et al., J. Am. Chem. Soc. 137, 6804 (2015)",214.5764175747581,Ge,Cl,1,3,3,1,10,0,0,Isopropylammonium
0123,6.1988655267,6.12435665314,5.85350111751,76.8190318424,82.5655963546,90.3920616491,Isopropylammonium Germanium Chloride,18,"C.C.Stoumpos et al., J. Am. Chem. Soc. 137, 6804 (2015)",214.3971996330701,Ge,Cl,1,3,3,1,10,0,0,Isopropylammonium
0124,5.87857350547,5.50927946079,6.80071592964,95.7323562197,93.9293929558,83.5914337417,Isopropylammonium Germanium Chloride,18,"C.C.Stoumpos et al., J. Am. Chem. Soc. 137, 6804 (2015)",217.41494728613446,Ge,Cl,1,3,3,1,10,0,0,Isopropylammonium
0125,8.03359141819,4.74896311167,6.61970540625,114.986115645,79.7781721609,103.740366342,Propylammonium Germanium Chloride,18,"S.Kataoka et al., J. Am. Chem. Soc. 137, 4158 (2015)",221.50789702144402,Ge,Cl,1,3,3,1,10,0,0,Propylammonium
0126,7.4044896084,4.81882113067,7.14561664919,80.4228799623,77.071499067,70.4166223988,Isopropylammonium Germanium Chloride,18,"C.C.Stoumpos et al., J. Am. Chem. Soc. 137, 6804 (2015)",232.9621129080587,Ge,Cl,1,3,3,1,10,0,0,Isopropylammonium
0127,8.06526336551,5.04662629788,6.12190556201,115.809841891,74.9276259842,106.070137278,Isopropylammonium Germanium Chloride,18,"C.C.Stoumpos et al., J. Am. Chem. Soc. 137, 6804 (2015)",212.7317654933961,Ge,Cl,1,3,3,1,10,0,0,Isopropylammonium
0128,7.7476373048,4.31484457702,6.73934314901,78.1851331776,81.4346560063,95.7993301595,Isopropylammonium Germanium Chloride,18,"C.C.Stoumpos et al., J. Am. Chem. Soc. 137, 6804 (2015)",216.03950036527868,Ge,Cl,1,3,3,1,10,0,0,Isopropylammonium
0129,6.61160770506,4.38041749482,7.5544599748,90.558770391,83.3053023559,99.6927388988,Isopropylammonium Germanium Chloride,18,"C.C.Stoumpos et al., J. Am. Chem. Soc. 137, 6804 (2015)",214.18457716384805,Ge,Cl,1,3,3,1,10,0,0,Isopropylammonium
0130,5.99539254692,5.83065448105,5.80347252908,78.954994854,102.938703385,99.2318289209,Dimethylammonium Germanium Chloride,15,"B.Saparov et al., Chem. Rev. 116, 4558 (2016)",192.588609460357,Ge,Cl,1,3,2,1,8,0,0,Dimethylammonium
0131,5.90955459005,5.85927212692,5.84606345128,80.9756451842,103.490414992,100.224416203,Dimethylammonium Germanium Chloride,15,"B.Saparov et al., Chem. Rev. 116, 4558 (2016)",192.29834623589915,Ge,Cl,1,3,2,1,8,0,0,Dimethylammonium
0132,6.01012291825,5.85067494592,5.79278518274,78.2782879994,102.69270889,99.4258333666,Dimethylammonium Germanium Chloride,15,"B.Saparov et al., Chem. Rev. 116, 4558 (2016)",193.05235698595862,Ge,Cl,1,3,2,1,8,0,0,Dimethylammonium
0133,5.72364520138,4.11605849086,8.38793680677,88.6812021956,79.878431419,85.7410071372,Dimethylammonium Germanium Chloride,15,"B.Saparov et al., Chem. Rev. 116, 4558 (2016)",193.98763392391146,Ge,Cl,1,3,2,1,8,0,0,Dimethylammonium
0134,5.81406831055,4.06190242164,8.24202587109,91.3595388655,80.887178975,97.382681476,Dimethylammonium Germanium Chloride,15,"B.Saparov et al., Chem. Rev. 116, 4558 (2016)",190.59405125507837,Ge,Cl,1,3,2,1,8,0,0,Dimethylammonium
0135,7.82880104652,4.2514519049,6.84868635878,121.002646738,94.2343147992,93.438499993,Dimethylammonium Germanium Chloride,15,"B.Saparov et al., Chem. Rev. 116, 4558 (2016)",193.56764111892687,Ge,Cl,1,3,2,1,8,0,0,Dimethylammonium
0136,5.92473145733,4.40318705905,7.53282501427,80.2271165564,85.0213404945,82.7806276799,Dimethylammonium Germanium Chloride,15,"B.Saparov et al., Chem. Rev. 116, 4558 (2016)",191.69599592225822,Ge,Cl,1,3,2,1,8,0,0,Dimethylammonium
0137,5.78818994138,6.05419942677,6.03839151437,91.1287999868,103.655176543,103.956239204,Acetamidinium Germanium Chloride,15,"C.C.Stoumpos et al., J. Am. Chem. Soc. 137, 6804 (2015)",198.89143307797826,Ge,Cl,1,3,2,2,7,0,0,Acetamidinium
0138,5.87743406146,6.06931354273,5.72373883668,83.2114694624,102.656240069,91.1698860682,Acetamidinium Germanium Chloride,15,"C.C.Stoumpos et al., J. Am. Chem. Soc. 137, 6804 (2015)",197.8162604874,Ge,Cl,1,3,2,2,7,0,0,Acetamidinium
0139,6.03529718515,4.12385931167,7.93694630075,89.7142200095,96.9862699349,102.065142436,Acetamidinium Germanium Chloride,15,"C.C.Stoumpos et al., J. Am. Chem. Soc. 137, 6804 (2015)",191.7000773423414,Ge,Cl,1,3,2,2,7,0,0,Acetamidinium
0140,6.22627003382,3.87199090756,8.80869492829,110.520906874,79.1113944524,92.8438719725,Acetamidinium Germanium Chloride,15,"C.C.Stoumpos et al., J. Am. Chem. Soc. 137, 6804 (2015)",195.27257427688534,Ge,Cl,1,3,2,2,7,0,0,Acetamidinium
0141,8.25524964974,3.85898032946,6.24863512393,88.3944885072,87.5800696024,88.5896380389,Acetamidinium Germanium Chloride,15,"C.C.Stoumpos et al., J. Am. Chem. Soc. 137, 6804 (2015)",198.7514905287632,Ge,Cl,1,3,2,2,7,0,0,Acetamidinium
0142,5.55303082822,5.47088945794,5.58001617216,90.3824515494,98.0934365717,89.6328006121,Methylammonium Germanium Chloride,12,"T.D.Huan et al., Phys. Rev. B 93,094105(2016)",167.8262266245991,Ge,Cl,1,3,1,1,6,0,0,Methylammonium
0143,5.73847562232,4.14970827944,7.37555141888,96.6932083647,78.8382465236,92.9789016151,Methylammonium Germanium Chloride,12,"T.D.Huan et al., Phys. Rev. B 93,094105(2016)",171.05947076835238,Ge,Cl,1,3,1,1,6,0,0,Methylammonium
0144,5.90163571679,4.16411492863,7.67035880519,109.022448855,84.1150636651,79.4961329153,Methylammonium Germanium Chloride,12,"T.D.Huan et al., Phys. Rev. B 93,094105(2016)",172.53987183581913,Ge,Cl,1,3,1,1,6,0,0,Methylammonium
0145,7.4452711017,4.02644865724,5.5694594736,84.6504829567,92.8070541995,88.9798323424,Methylammonium Germanium Chloride,12,"T.D.Huan et al., Phys. Rev. B 93,094105(2016)",165.99259014633125,Ge,Cl,1,3,1,1,6,0,0,Methylammonium
0146,8.17614800883,4.50667505259,7.08801019411,50.1406335013,109.737552325,120.071801068,Methylammonium Germanium Chloride,12,"T.D.Huan et al., Phys. Rev. B 93,094105(2016)",173.44286306050236,Ge,Cl,1,3,1,1,6,0,0,Methylammonium
0147,5.74930850049,5.81846853844,5.79850573045,102.821626768,93.9483038845,93.2935737464,Guanidinium Germanium Chloride,14,"B.Saparov et al., Chem. Rev. 116, 4558 (2016)",188.15895654353298,Ge,Cl,1,3,1,3,6,0,0,Guanidinium
0148,5.65809962348,5.64465189496,5.99080028928,88.953373807,94.9792133919,79.6632773832,Guanidinium Germanium Chloride,14,"B.Saparov et al., Chem. Rev. 116, 4558 (2016)",187.40674500725007,Ge,Cl,1,3,1,3,6,0,0,Guanidinium
0149,8.90750410516,4.00305648104,5.90714083834,77.462106736,96.4636189848,116.711294807,Guanidinium Germanium Chloride,14,"B.Saparov et al., Chem. Rev. 116, 4558 (2016)",183.64012075014617,Ge,Cl,1,3,1,3,6,0,0,Guanidinium
0150,5.36458244364,5.4456479861,5.36126893303,98.37489825,88.4406351011,92.1695826897,Hydroxylammonium Germanium Chloride,10,"G.Kieslich et al., Chem. Sci. 6, 3430 (2015)",154.80355609574818,Ge,Cl,1,3,0,1,4,0,1,Hydroxylammonium
0151,5.6190701175,4.11477511844,6.88359294081,107.475163722,84.7274976314,92.8485020877,Hydroxylammonium Germanium Chloride,10,"G.Kieslich et al., Chem. Sci. 6, 3430 (2015)",151.1282020897961,Ge,Cl,1,3,0,1,4,0,1,Hydroxylammonium
0152,6.87050138551,4.16685032016,5.58942126933,94.2926191638,96.3046412418,71.4746330609,Hydroxylammonium Germanium Chloride,10,"G.Kieslich et al., Chem. Sci. 6, 3430 (2015)",150.67114674204345,Ge,Cl,1,3,0,1,4,0,1,Hydroxylammonium
0153,5.60182327548,3.95404803017,6.91456835893,105.020135145,83.4975631758,93.5380048965,Hydroxylammonium Germanium Chloride,10,"G.Kieslich et al., Chem. Sci. 6, 3430 (2015)",146.88902512615263,Ge,Cl,1,3,0,1,4,0,1,Hydroxylammonium
0154,7.04768485378,3.96109000496,5.63744664716,82.4551181051,79.4690895667,73.8634380381,Hydroxylammonium Germanium Chloride,10,"G.Kieslich et al., Chem. Sci. 6, 3430 (2015)",148.09010788799512,Ge,Cl,1,3,0,1,4,0,1,Hydroxylammonium
0155,5.58657043583,4.02326107996,6.8606311931,105.343785753,80.8909008989,94.6398516801,Hydroxylammonium Germanium Chloride,10,"G.Kieslich et al., Chem. Sci. 6, 3430 (2015)",146.706133851858,Ge,Cl,1,3,0,1,4,0,1,Hydroxylammonium
0156,7.08499263706,3.94552263932,5.63315269573,82.2347380675,95.9903851706,73.7601554201,Hydroxylammonium Germanium Chloride,10,"G.Kieslich et al., Chem. Sci. 6, 3430 (2015)",148.11785240619736,Ge,Cl,1,3,0,1,4,0,1,Hydroxylammonium
0157,5.67627709642,5.68738521074,5.55868356699,79.123876299,81.4083042785,84.1796567202,Formamidinium Germanium Chloride,12,"T.D.Huan et al., Phys. Rev. B 93,094105(2016)",173.75478545218274,Ge,Cl,1,3,1,2,5,0,0,Formamidinium
0158,5.6661091315,5.58822222607,5.65283908789,89.1954791022,104.179434206,90.7837641377,Formamidinium Germanium Chloride,12,"T.D.Huan et al., Phys. Rev. B 93,094105(2016)",173.50857076364082,Ge,Cl,1,3,1,2,5,0,0,Formamidinium
0159,5.58506168194,5.6175063319,6.19353996002,101.894426752,99.4180143181,71.0527746048,Formamidinium Germanium Chloride,12,"T.D.Huan et al., Phys. Rev. B 93,094105(2016)",178.85768044432626,Ge,Cl,1,3,1,2,5,0,0,Formamidinium
0160,6.21728289474,6.16677903974,6.24109707392,92.3015155689,90.2743495773,88.8973623369,Tetramethylammonium Germanium Chloride,21,"B.Saparov et al., Chem. Rev. 116, 4558 (2016)",239.04823777356188,Ge,Cl,1,3,4,1,12,0,0,Tetramethylammonium
0161,6.20552024458,6.30882522027,6.12531387278,91.7936804591,85.8844403019,88.8375766944,Tetramethylammonium Germanium Chloride,21,"B.Saparov et al., Chem. Rev. 116, 4558 (2016)",239.00659290869035,Ge,Cl,1,3,4,1,12,0,0,Tetramethylammonium
0162,6.50896993028,5.34238786975,7.0698331062,87.6662134983,89.7571664778,85.9043282316,Tetramethylammonium Germanium Chloride,21,"B.Saparov et al., Chem. Rev. 116, 4558 (2016)",245.01098459173014,Ge,Cl,1,3,4,1,12,0,0,Tetramethylammonium
0163,5.55473694901,5.38371536065,5.42808957761,89.5147651154,81.7099801613,88.8515254163,Hydrazinium Germanium Chloride,11,"B.Saparov et al., Chem. Rev. 116, 4558 (2016)",160.596687126387,Ge,Cl,1,3,0,2,5,0,0,Hydrazinium
0164,3.82818922616,5.92148714504,7.54205328823,98.6226428463,108.705001119,70.3542340623,Hydrazinium Germanium Chloride,11,"B.Saparov et al., Chem. Rev. 116, 4558 (2016)",152.3409633755195,Ge,Cl,1,3,0,2,5,0,0,Hydrazinium
0165,7.63856553522,5.41490953447,5.40445101544,89.7634862781,46.1612817688,95.6320635699,Hydrazinium Germanium Chloride,11,"B.Saparov et al., Chem. Rev. 116, 4558 (2016)",159.64754553089955,Ge,Cl,1,3,0,2,5,0,0,Hydrazinium
0166,3.82423032293,5.96041335097,7.4859051445,81.4530363894,107.62490105,110.190438757,Hydrazinium Germanium Chloride,11,"B.Saparov et al., Chem. Rev. 116, 4558 (2016)",152.44509594062512,Ge,Cl,1,3,0,2,5,0,0,Hydrazinium
0167,7.10512656637,5.79997885191,4.00425149626,99.0504172516,77.7229200784,95.9283846729,Hydrazinium Germanium Chloride,11,"B.Saparov et al., Chem. Rev. 116, 4558 (2016)",158.81485753667909,Ge,Cl,1,3,0,2,5,0,0,Hydrazinium
0168,6.88830413732,5.73918557485,4.23059882406,89.5381854049,71.5401066208,93.3533388494,Hydrazinium Germanium Chloride,11,"B.Saparov et al., Chem. Rev. 116, 4558 (2016)",158.30957760908314,Ge,Cl,1,3,0,2,5,0,0,Hydrazinium
0169,7.35532571388,3.8326041562,5.73591645933,103.842465194,95.2877071166,77.2379152569,Hydrazinium Germanium Chloride,11,"B.Saparov et al., Chem. Rev. 116, 4558 (2016)",152.98917552711472,Ge,Cl,1,3,0,2,5,0,0,Hydrazinium
0170,7.15675371619,5.60996238663,4.24179818904,90.8479137978,104.261678409,73.511601162,Hydrazinium Germanium Chloride,11,"B.Saparov et al., Chem. Rev. 116, 4558 (2016)",157.98960318646428,Ge,Cl,1,3,0,2,5,0,0,Hydrazinium
0171,7.59539067855,3.8038679336,5.51212798024,90.8765079315,90.8614305309,77.8144589104,Hydrazinium Germanium Chloride,11,"B.Saparov et al., Chem. Rev. 116, 4558 (2016)",155.63791858702672,Ge,Cl,1,3,0,2,5,0,0,Hydrazinium
0172,5.82895235144,3.8690384127,7.23307262455,99.7460227486,91.4033262052,71.917711256,Hydrazinium Germanium Chloride,11,"B.Saparov et al., Chem. Rev. 116, 4558 (2016)",152.7605786166696,Ge,Cl,1,3,0,2,5,0,0,Hydrazinium
0173,6.84639958349,5.74342916094,4.28873679698,66.9155375305,108.85437894,102.91371848,Ammonium Germanium Chloride,9,"T.D.Huan et al., Phys. Rev. B 93,094105(2016)",145.90332400950882,Ge,Cl,1,3,0,1,4,0,0,Ammonium
0174,5.43189076678,5.43067189119,5.43286239623,83.9376546289,83.9934804574,84.0685039763,Ammonium Germanium Chloride,9,"T.D.Huan et al., Phys. Rev. B 93,094105(2016)",157.80020343107708,Ge,Cl,1,3,0,1,4,0,0,Ammonium
0175,5.77346791148,6.0956328335,6.30568317817,87.307996124,88.468755382,101.966324237,Trimethylammonium Germanium Chloride,18,"A. Mancini et al., J. Solid State Chem. 240, 55 (2016)",216.70265582932032,Ge,Cl,1,3,3,1,10,0,0,Trimethylammonium
0176,5.7713005182,6.00444345684,6.38328024231,89.1811275004,90.654882665,102.88242908,Trimethylammonium Germanium Chloride,18,"A. Mancini et al., J. Solid State Chem. 240, 55 (2016)",215.60517758983727,Ge,Cl,1,3,3,1,10,0,0,Trimethylammonium
0177,5.94673953003,5.99584186908,6.23482476881,100.871199475,87.7610749058,84.2013058174,Trimethylammonium Germanium Chloride,18,"A. Mancini et al., J. Solid State Chem. 240, 55 (2016)",216.81570994652836,Ge,Cl,1,3,3,1,10,0,0,Trimethylammonium
0178,6.19339445457,6.16669556513,5.90741531953,93.3695117689,92.975498202,104.85318576,Trimethylammonium Germanium Chloride,18,"A. Mancini et al., J. Solid State Chem. 240, 55 (2016)",217.17960365484214,Ge,Cl,1,3,3,1,10,0,0,Trimethylammonium
0179,6.10964759293,6.14546485217,6.11909674229,97.2762039768,99.4006833804,97.0791483167,Trimethylammonium Germanium Chloride,18,"A. Mancini et al., J. Solid State Chem. 240, 55 (2016)",222.39567144322766,Ge,Cl,1,3,3,1,10,0,0,Trimethylammonium
0180,4.67649449627,7.30282038887,6.8280926977,102.573760002,78.7282961068,87.599681621,Trimethylammonium Germanium Chloride,18,"A. Mancini et al., J. Solid State Chem. 240, 55 (2016)",222.33746307457187,Ge,Cl,1,3,3,1,10,0,0,Trimethylammonium
0181,6.12580224933,5.06290329027,7.39006154739,91.4035711114,82.7586827606,78.9743938146,Trimethylammonium Germanium Chloride,18,"A. Mancini et al., J. Solid State Chem. 240, 55 (2016)",222.89483956699505,Ge,Cl,1,3,3,1,10,0,0,Trimethylammonium
0182,6.17477031142,4.9296272525,7.38381962671,90.7425798439,93.825803268,75.2180838151,Trimethylammonium Germanium Chloride,18,"A. Mancini et al., J. Solid State Chem. 240, 55 (2016)",216.83359004534407,Ge,Cl,1,3,3,1,10,0,0,Trimethylammonium
0183,5.99420420052,5.82680683829,5.79958404001,90.5213216031,90.0046610758,84.3831181725,Azetidinium Germanium Chloride,16,"B. Zhou et al., Angew. Chem. Int. Ed. 50, 11441 (2011)",201.58148416758888,Ge,Cl,1,3,3,1,8,0,0,Azetidinium
0184,5.86712079157,5.88981886102,5.90403594223,92.6473381128,83.9269009249,91.291812964,Azetidinium Germanium Chloride,16,"B. Zhou et al., Angew. Chem. Int. Ed. 50, 11441 (2011)",202.62794369213526,Ge,Cl,1,3,3,1,8,0,0,Azetidinium
0185,5.6888504876,5.84742907458,6.12645752625,94.6223346701,90.3294321984,96.9866518295,Azetidinium Germanium Chloride,16,"B. Zhou et al., Angew. Chem. Int. Ed. 50, 11441 (2011)",201.6013973416321,Ge,Cl,1,3,3,1,8,0,0,Azetidinium
0186,5.82963725834,5.86709576491,5.83726345718,85.8260952634,81.5833034834,94.2304806344,Azetidinium Germanium Chloride,16,"B. Zhou et al., Angew. Chem. Int. Ed. 50, 11441 (2011)",196.25556287736157,Ge,Cl,1,3,3,1,8,0,0,Azetidinium
0187,7.85840264146,5.82264715259,4.71247763657,99.570118604,79.80904924,88.7151698806,Azetidinium Germanium Chloride,16,"B. Zhou et al., Angew. Chem. Int. Ed. 50, 11441 (2011)",208.97332462762873,Ge,Cl,1,3,3,1,8,0,0,Azetidinium
0188,7.92438296461,5.65018724613,4.68809976845,94.4909622379,84.6814773631,86.2274754255,Azetidinium Germanium Chloride,16,"B. Zhou et al., Angew. Chem. Int. Ed. 50, 11441 (2011)",207.795713741904,Ge,Cl,1,3,3,1,8,0,0,Azetidinium
0189,7.74695771579,5.71174533144,4.70628564649,90.1006397574,94.1473604009,83.3481308858,Azetidinium Germanium Chloride,16,"B. Zhou et al., Angew. Chem. Int. Ed. 50, 11441 (2011)",206.29866743514086,Ge,Cl,1,3,3,1,8,0,0,Azetidinium
0190,8.18925947616,4.21819909977,6.34755866115,67.1179090398,92.6969154716,98.4679957141,Azetidinium Germanium Chloride,16,"B. Zhou et al., Angew. Chem. Int. Ed. 50, 11441 (2011)",199.79977671488484,Ge,Cl,1,3,3,1,8,0,0,Azetidinium
0191,5.91548394027,4.30132129478,8.45195529377,106.090386317,86.9108034639,102.729705725,Azetidinium Germanium Chloride,16,"B. Zhou et al., Angew. Chem. Int. Ed. 50, 11441 (2011)",201.54547551586415,Ge,Cl,1,3,3,1,8,0,0,Azetidinium
0192,8.19521694365,4.24663452226,6.28527379395,68.154665354,92.8296842805,99.2788027789,Azetidinium Germanium Chloride,16,"B. Zhou et al., Angew. Chem. Int. Ed. 50, 11441 (2011)",200.3631813443657,Ge,Cl,1,3,3,1,8,0,0,Azetidinium
0193,5.88718467369,4.16041268706,8.35691344202,81.236427099,90.4917708615,99.0664271149,Azetidinium Germanium Chloride,16,"B. Zhou et al., Angew. Chem. Int. Ed. 50, 11441 (2011)",199.7448456515693,Ge,Cl,1,3,3,1,8,0,0,Azetidinium
0194,4.11801086328,5.66944251593,8.53700685296,91.9158785788,90.2135632161,94.7597145314,Azetidinium Germanium Chloride,16,"B. Zhou et al., Angew. Chem. Int. Ed. 50, 11441 (2011)",198.50941188523163,Ge,Cl,1,3,3,1,8,0,0,Azetidinium
0195,7.50289468292,6.10636215721,4.69981680474,83.1524707208,84.4554459411,83.1815178625,Azetidinium Germanium Chloride,16,"B. Zhou et al., Angew. Chem. Int. Ed. 50, 11441 (2011)",211.5320049717444,Ge,Cl,1,3,3,1,8,0,0,Azetidinium
0196,7.66732903135,5.88166750841,4.8213352156,85.8961096683,87.8553436585,77.9238211637,Azetidinium Germanium Chloride,16,"B. Zhou et al., Angew. Chem. Int. Ed. 50, 11441 (2011)",212.01329117663423,Ge,Cl,1,3,3,1,8,0,0,Azetidinium
0197,5.5797822803,6.78487510895,5.59273842353,90.1676004261,78.2386227014,90.40036451,Imidazolium Germanium Chloride,14,"B.Saparov et al., Chem. Rev. 116, 4558 (2016)",207.28001069860466,Ge,Cl,1,3,3,2,5,0,0,Imidazolium
0198,5.69972093728,6.47960311843,5.60355075194,96.2057422303,79.9113169623,84.1364647784,Imidazolium Germanium Chloride,14,"B.Saparov et al., Chem. Rev. 116, 4558 (2016)",200.99983220930142,Ge,Cl,1,3,3,2,5,0,0,Imidazolium
0199,5.96441757904,5.7402703648,6.12331395006,96.667871026,94.9871271216,101.211363832,Imidazolium Germanium Chloride,14,"B.Saparov et al., Chem. Rev. 116, 4558 (2016)",202.96008341316033,Ge,Cl,1,3,3,2,5,0,0,Imidazolium
0200,9.05051444899,3.93545248422,5.60463549537,98.007850402,94.2988589867,89.7809814057,Imidazolium Germanium Chloride,14,"B.Saparov et al., Chem. Rev. 116, 4558 (2016)",197.11805568107886,Ge,Cl,1,3,3,2,5,0,0,Imidazolium
0201,5.58553329158,3.94517234073,9.05474588493,91.999716391,87.8883821218,97.0562347076,Imidazolium Germanium Chloride,14,"B.Saparov et al., Chem. Rev. 116, 4558 (2016)",197.79091556553385,Ge,Cl,1,3,3,2,5,0,0,Imidazolium
0202,5.76365563835,3.93423443159,9.41984746983,112.398719719,94.8892546195,81.8436949937,Imidazolium Germanium Chloride,14,"B.Saparov et al., Chem. Rev. 116, 4558 (2016)",195.37422959352944,Ge,Cl,1,3,3,2,5,0,0,Imidazolium
0203,5.96716203183,5.91187306763,6.30671022703,80.8103262339,87.552550774,94.6823558856,Ethylammonium Germanium Bromide,15,"B.Saparov et al., Chem. Rev. 116, 4558 (2016)",218.5423706924778,Ge,Br,1,3,2,1,8,0,0,Ethylammonium
0204,6.21437969891,5.82235795188,6.18019469975,84.2113254768,76.2518973671,83.9302047216,Ethylammonium Germanium Bromide,15,"B.Saparov et al., Chem. Rev. 116, 4558 (2016)",215.32479275885706,Ge,Br,1,3,2,1,8,0,0,Ethylammonium
0205,6.23615871248,4.23082196922,8.52575341013,93.627616997,92.9865680761,102.315043478,Ethylammonium Germanium Bromide,15,"B.Saparov et al., Chem. Rev. 116, 4558 (2016)",218.83082804071947,Ge,Br,1,3,2,1,8,0,0,Ethylammonium
0206,8.4447364623,4.26770360438,6.13908160359,80.547921495,93.0702238016,87.6326281542,Ethylammonium Germanium Bromide,15,"B.Saparov et al., Chem. Rev. 116, 4558 (2016)",217.65102664672187,Ge,Br,1,3,2,1,8,0,0,Ethylammonium
0207,6.20699232939,4.29349767201,8.27876403442,95.1184677891,97.6805973834,94.2855257548,Ethylammonium Germanium Bromide,15,"B.Saparov et al., Chem. Rev. 116, 4558 (2016)",216.93466859953955,Ge,Br,1,3,2,1,8,0,0,Ethylammonium
0208,6.76368142366,4.59454273072,7.42740102923,103.590556792,92.3872336767,84.0588434338,Ethylammonium Germanium Bromide,15,"B.Saparov et al., Chem. Rev. 116, 4558 (2016)",223.11032389971808,Ge,Br,1,3,2,1,8,0,0,Ethylammonium
0209,5.65143549733,4.06909407704,9.44640291413,90.4231790069,83.7060102816,90.2800698031,Ethylammonium Germanium Bromide,15,"B.Saparov et al., Chem. Rev. 116, 4558 (2016)",215.91450633267428,Ge,Br,1,3,2,1,8,0,0,Ethylammonium
0210,5.89035764092,4.69454356988,8.01488458003,86.1122410222,85.6476778458,76.8466912108,Ethylammonium Germanium Bromide,15,"B.Saparov et al., Chem. Rev. 116, 4558 (2016)",214.90333044892327,Ge,Br,1,3,2,1,8,0,0,Ethylammonium
0211,8.15559183553,4.30439860215,6.40554399954,74.4641913346,90.5564811298,91.3300121536,Ethylammonium Germanium Bromide,15,"B.Saparov et al., Chem. Rev. 116, 4558 (2016)",216.5904260259145,Ge,Br,1,3,2,1,8,0,0,Ethylammonium
0212,10.7950525524,4.74540263072,4.32157385219,90.1168131996,89.8988217501,83.5988197693,Ethylammonium Germanium Bromide,15,"B.Saparov et al., Chem. Rev. 116, 4558 (2016)",219.99963473646315,Ge,Br,1,3,2,1,8,0,0,Ethylammonium
0213,8.19251969379,4.54621298053,6.23448825368,95.0973503055,101.080009569,97.1429120926,Ethylammonium Germanium Bromide,15,"B.Saparov et al., Chem. Rev. 116, 4558 (2016)",224.58558268194327,Ge,Br,1,3,2,1,8,0,0,Ethylammonium
0214,6.19499225332,5.94408933866,7.05022455763,73.2060995953,88.1303838537,83.377373962,Propylammonium Germanium Bromide,18,"S.Kataoka et al., J. Am. Chem. Soc. 137, 4158 (2015)",246.8835541629031,Ge,Br,1,3,3,1,10,0,0,Propylammonium
0215,6.08664315274,6.07871217344,7.12760947591,107.609874615,83.1267444483,91.1618506279,Propylammonium Germanium Bromide,18,"S.Kataoka et al., J. Am. Chem. Soc. 137, 4158 (2015)",249.51427949605852,Ge,Br,1,3,3,1,10,0,0,Propylammonium
0216,5.97264150145,6.01559721685,7.38190921735,104.627827177,79.0855466419,92.9036546828,Propylammonium Germanium Bromide,18,"S.Kataoka et al., J. Am. Chem. Soc. 137, 4158 (2015)",251.9845615025133,Ge,Br,1,3,3,1,10,0,0,Propylammonium
0217,6.29775342885,6.01449333267,6.43371331358,97.6659275588,80.7228872687,97.3093874491,Propylammonium Germanium Bromide,18,"S.Kataoka et al., J. Am. Chem. Soc. 137, 4158 (2015)",236.96141417420617,Ge,Br,1,3,3,1,10,0,0,Propylammonium
0218,6.45885970683,6.22170932564,6.18435474263,77.6266951864,89.2664656517,82.3360482255,Propylammonium Germanium Bromide,18,"S.Kataoka et al., J. Am. Chem. Soc. 137, 4158 (2015)",240.54633311135353,Ge,Br,1,3,3,1,10,0,0,Propylammonium
0219,6.17719408429,6.03715657241,6.60663523247,81.655105366,76.9090572032,80.0904996738,Propylammonium Germanium Bromide,18,"S.Kataoka et al., J. Am. Chem. Soc. 137, 4158 (2015)",234.94474241095833,Ge,Br,1,3,3,1,10,0,0,Propylammonium
0220,7.91050248118,4.46361324608,7.27317277955,78.9347381254,85.9432942089,77.9128677379,Propylammonium Germanium Bromide,18,"S.Kataoka et al., J. Am. Chem. Soc. 137, 4158 (2015)",246.32466927372414,Ge,Br,1,3,3,1,10,0,0,Propylammonium
0221,7.41143816607,5.27754146906,7.76980548271,88.498090915,116.811745937,110.398821846,Propylammonium Germanium Bromide,18,"S.Kataoka et al., J. Am. Chem. Soc. 137, 4158 (2015)",251.0906673515969,Ge,Br,1,3,3,1,10,0,0,Propylammonium
0222,7.67917351414,5.10807718267,8.14563567809,86.7131228466,120.318340777,112.799784875,Propylammonium Germanium Bromide,18,"S.Kataoka et al., J. Am. Chem. Soc. 137, 4158 (2015)",250.40021552600354,Ge,Br,1,3,3,1,10,0,0,Propylammonium
0223,6.72416462201,5.71085673114,7.66264430875,88.5281827647,116.687911933,73.3789741319,Propylammonium Germanium Bromide,18,"S.Kataoka et al., J. Am. Chem. Soc. 137, 4158 (2015)",247.80139373061985,Ge,Br,1,3,3,1,10,0,0,Propylammonium
0224,7.95539752475,5.17305813409,7.60178082946,75.6086812499,57.6228745788,93.2728624652,Propylammonium Germanium Bromide,18,"S.Kataoka et al., J. Am. Chem. Soc. 137, 4158 (2015)",248.90500436564847,Ge,Br,1,3,3,1,10,0,0,Propylammonium
0225,7.37816882507,5.31830771102,7.71062376674,91.0747415015,116.36829611,69.7760259936,Propylammonium Germanium Bromide,18,"S.Kataoka et al., J. Am. Chem. Soc. 137, 4158 (2015)",251.07848452299666,Ge,Br,1,3,3,1,10,0,0,Propylammonium
0226,6.02491000707,6.0131716917,9.50071042784,58.9017991059,123.219542813,100.116726676,Propylammonium Germanium Bromide,18,"S.Kataoka et al., J. Am. Chem. Soc. 137, 4158 (2015)",243.78400162655447,Ge,Br,1,3,3,1,10,0,0,Propylammonium
0227,6.40971754774,6.06037375545,7.73606343983,72.9468588648,71.6989720267,77.250215175,Butylammonium Germanium Bromide,21,"H. Hu et al., Sci. Rep. 6, 33546 (2016)",270.0137244859826,Ge,Br,1,3,4,1,12,0,0,Butylammonium
0228,6.45183966146,7.23208325795,6.32866294129,77.8250744016,98.4852066663,111.503979337,Butylammonium Germanium Bromide,21,"H. Hu et al., Sci. Rep. 6, 33546 (2016)",267.760221429294,Ge,Br,1,3,4,1,12,0,0,Butylammonium
0229,6.69123272382,5.9160318032,7.59409730878,70.142461642,84.556448445,90.8325742839,Butylammonium Germanium Bromide,21,"H. Hu et al., Sci. Rep. 6, 33546 (2016)",281.1155935128333,Ge,Br,1,3,4,1,12,0,0,Butylammonium
0230,6.50891584997,6.08579089223,6.21975735807,80.7337331783,82.1929546314,88.1381041551,Isopropylammonium Germanium Bromide,18,"C.C.Stoumpos et al., J. Am. Chem. Soc. 137, 6804 (2015)",240.8933388006186,Ge,Br,1,3,3,1,10,0,0,Isopropylammonium
0231,6.45374188787,6.37749095047,6.00704125482,78.4445844996,83.9334263344,90.795434001,Isopropylammonium Germanium Bromide,18,"C.C.Stoumpos et al., J. Am. Chem. Soc. 137, 6804 (2015)",240.7181449026432,Ge,Br,1,3,3,1,10,0,0,Isopropylammonium
0232,6.27673569746,5.79810577261,6.86134624399,95.6932715378,94.2822411317,83.3665377141,Isopropylammonium Germanium Bromide,18,"C.C.Stoumpos et al., J. Am. Chem. Soc. 137, 6804 (2015)",246.30580811580734,Ge,Br,1,3,3,1,10,0,0,Isopropylammonium
0233,6.79290405151,5.79529383719,6.33846944417,96.7133063634,86.219700498,96.8411855774,Isopropylammonium Germanium Bromide,18,"C.C.Stoumpos et al., J. Am. Chem. Soc. 137, 6804 (2015)",245.70802242618942,Ge,Br,1,3,3,1,10,0,0,Isopropylammonium
0234,7.45104554674,4.8664326347,7.73423027623,94.1130000737,97.7302772646,114.662300586,Isopropylammonium Germanium Bromide,18,"C.C.Stoumpos et al., J. Am. Chem. Soc. 137, 6804 (2015)",249.9877667465511,Ge,Br,1,3,3,1,10,0,0,Isopropylammonium
0235,8.17883526058,4.76420933968,7.14513142839,112.326903947,79.7970223536,103.46701619,Isopropylammonium Germanium Bromide,18,"C.C.Stoumpos et al., J. Am. Chem. Soc. 137, 6804 (2015)",249.24172530250203,Ge,Br,1,3,3,1,10,0,0,Isopropylammonium
0236,8.24626386293,4.8001876972,7.07495059323,110.758510133,77.7095186689,107.928635095,Isopropylammonium Germanium Bromide,18,"C.C.Stoumpos et al., J. Am. Chem. Soc. 137, 6804 (2015)",247.45514649826518,Ge,Br,1,3,3,1,10,0,0,Isopropylammonium
0237,7.75471513546,4.35984822304,7.45372957965,78.7581793508,79.4472715455,93.1129604186,Isopropylammonium Germanium Bromide,18,"C.C.Stoumpos et al., J. Am. Chem. Soc. 137, 6804 (2015)",241.92932617666796,Ge,Br,1,3,3,1,10,0,0,Isopropylammonium
0238,6.90326083374,4.41757613616,8.00667159958,90.0963643446,83.197741083,99.7058489108,Isopropylammonium Germanium Bromide,18,"C.C.Stoumpos et al., J. Am. Chem. Soc. 137, 6804 (2015)",238.93807150844015,Ge,Br,1,3,3,1,10,0,0,Isopropylammonium
0239,6.18882632363,6.10223411833,6.06896630399,80.172872476,102.085967422,98.4554994032,Dimethylammonium Germanium Bromide,15,"B.Saparov et al., Chem. Rev. 116, 4558 (2016)",219.35132144946598,Ge,Br,1,3,2,1,8,0,0,Dimethylammonium
0240,6.13219180306,6.16242535495,6.0911690037,80.8002164403,102.291211052,99.7725282351,Dimethylammonium Germanium Bromide,15,"B.Saparov et al., Chem. Rev. 116, 4558 (2016)",219.80277625640466,Ge,Br,1,3,2,1,8,0,0,Dimethylammonium
0241,6.20887280921,6.11873741185,6.0511804617,79.1378483867,101.59227854,98.6390824546,Dimethylammonium Germanium Bromide,15,"B.Saparov et al., Chem. Rev. 116, 4558 (2016)",219.6501297627131,Ge,Br,1,3,2,1,8,0,0,Dimethylammonium
0242,6.19260709241,6.03338383992,6.05813978787,87.0203045006,84.3107455631,76.5177093771,Dimethylammonium Germanium Bromide,15,"B.Saparov et al., Chem. Rev. 116, 4558 (2016)",218.9271269607014,Ge,Br,1,3,2,1,8,0,0,Dimethylammonium
0243,5.98301125542,4.23472294625,8.78741330483,89.4404598841,80.0401880553,87.7167312025,Dimethylammonium Germanium Bromide,15,"B.Saparov et al., Chem. Rev. 116, 4558 (2016)",219.1109834390108,Ge,Br,1,3,2,1,8,0,0,Dimethylammonium
0244,6.10971157398,4.2394541704,8.50696800431,91.4858132145,81.8129759565,97.6519858766,Dimethylammonium Germanium Bromide,15,"B.Saparov et al., Chem. Rev. 116, 4558 (2016)",216.152878902232,Ge,Br,1,3,2,1,8,0,0,Dimethylammonium
0245,6.22569471679,4.29662301826,8.30510933417,91.2001359457,82.1669437416,97.7626881331,Dimethylammonium Germanium Bromide,15,"B.Saparov et al., Chem. Rev. 116, 4558 (2016)",218.0667724661999,Ge,Br,1,3,2,1,8,0,0,Dimethylammonium
0246,8.14414002521,4.34428910015,7.17232470275,120.269008732,92.8877321761,94.3464326745,Dimethylammonium Germanium Bromide,15,"B.Saparov et al., Chem. Rev. 116, 4558 (2016)",217.37542188433258,Ge,Br,1,3,2,1,8,0,0,Dimethylammonium
0247,6.27163764453,4.46748859218,7.88850666143,80.2555674978,85.4202392897,82.7928163292,Dimethylammonium Germanium Bromide,15,"B.Saparov et al., Chem. Rev. 116, 4558 (2016)",215.72531286205205,Ge,Br,1,3,2,1,8,0,0,Dimethylammonium
0248,6.10626434348,6.21723661656,6.22070808975,90.2559236155,102.064554999,78.917811185,Acetamidinium Germanium Bromide,15,"C.C.Stoumpos et al., J. Am. Chem. Soc. 137, 6804 (2015)",226.48376380229806,Ge,Br,1,3,2,2,7,0,0,Acetamidinium
0249,6.09047277273,6.25477696824,6.25012073495,90.1341030108,101.911716092,102.209369621,Acetamidinium Germanium Bromide,15,"C.C.Stoumpos et al., J. Am. Chem. Soc. 137, 6804 (2015)",227.43566382681456,Ge,Br,1,3,2,2,7,0,0,Acetamidinium
0250,6.12735610145,6.27184799884,5.99829939444,84.3678252457,101.541657007,90.4665507191,Acetamidinium Germanium Bromide,15,"C.C.Stoumpos et al., J. Am. Chem. Soc. 137, 6804 (2015)",224.7466871245556,Ge,Br,1,3,2,2,7,0,0,Acetamidinium
0251,6.39485322838,4.22243854973,8.25405781999,89.8699298865,96.7641578153,102.370447978,Acetamidinium Germanium Bromide,15,"C.C.Stoumpos et al., J. Am. Chem. Soc. 137, 6804 (2015)",216.12460899123164,Ge,Br,1,3,2,2,7,0,0,Acetamidinium
0252,6.44381022723,4.05902971427,9.04651244566,108.064973919,77.9049991051,91.5785229058,Acetamidinium Germanium Bromide,15,"C.C.Stoumpos et al., J. Am. Chem. Soc. 137, 6804 (2015)",219.78121048183453,Ge,Br,1,3,2,2,7,0,0,Acetamidinium
0253,7.50866324619,4.24114788464,7.25417159171,90.783786925,92.951747617,79.0922549393,Acetamidinium Germanium Bromide,15,"C.C.Stoumpos et al., J. Am. Chem. Soc. 137, 6804 (2015)",226.53520813533072,Ge,Br,1,3,2,2,7,0,0,Acetamidinium
0254,5.87281148594,5.76265646375,5.82537677447,90.7587322547,96.4340027683,88.4805604615,Methylammonium Germanium Bromide,12,"T.D.Huan et al., Phys. Rev. B 93,094105(2016)",195.827126139505,Ge,Br,1,3,1,1,6,0,0,Methylammonium
0255,5.81609034942,5.77930646997,5.90809855088,86.1812594293,83.2065062335,89.3567442455,Methylammonium Germanium Bromide,12,"T.D.Huan et al., Phys. Rev. B 93,094105(2016)",196.75548197691222,Ge,Br,1,3,1,1,6,0,0,Methylammonium
0256,6.10907473086,4.24268558108,7.75825229503,98.833766935,78.9422630533,93.2464804743,Methylammonium Germanium Bromide,12,"T.D.Huan et al., Phys. Rev. B 93,094105(2016)",194.93439961747015,Ge,Br,1,3,1,1,6,0,0,Methylammonium
0257,6.31719426636,4.27259124555,7.96622478116,107.43854329,84.3826890608,77.562965669,Methylammonium Germanium Bromide,12,"T.D.Huan et al., Phys. Rev. B 93,094105(2016)",197.25078194785496,Ge,Br,1,3,1,1,6,0,0,Methylammonium
0258,7.88226159716,4.16763755812,5.84347489537,84.9835428578,92.8828137738,89.1169620525,Methylammonium Germanium Bromide,12,"T.D.Huan et al., Phys. Rev. B 93,094105(2016)",190.94540496239532,Ge,Br,1,3,1,1,6,0,0,Methylammonium
0259,8.35878984531,4.57369226471,7.23188450893,52.4122630429,106.834795673,115.821741917,Methylammonium Germanium Bromide,12,"T.D.Huan et al., Phys. Rev. B 93,094105(2016)",197.1013293318579,Ge,Br,1,3,1,1,6,0,0,Methylammonium
0260,6.03520574331,6.06945449448,6.041620353,100.846983608,94.5726140569,93.9022932308,Guanidinium Germanium Bromide,14,"B.Saparov et al., Chem. Rev. 116, 4558 (2016)",215.88002976315812,Ge,Br,1,3,1,3,6,0,0,Guanidinium
0261,5.88266908854,5.9331744387,6.2118265195,88.385922941,94.1271603166,81.313330905,Guanidinium Germanium Bromide,14,"B.Saparov et al., Chem. Rev. 116, 4558 (2016)",213.60034330586885,Ge,Br,1,3,1,3,6,0,0,Guanidinium
0262,9.10385860391,4.15415642811,6.31766488693,76.2449577849,97.2213509423,117.177849266,Guanidinium Germanium Bromide,14,"B.Saparov et al., Chem. Rev. 116, 4558 (2016)",206.41159501662773,Ge,Br,1,3,1,3,6,0,0,Guanidinium
0263,5.64875134448,5.79638818083,5.63228751649,97.6690232619,88.1275879996,93.1767599962,Hydroxylammonium Germanium Bromide,10,"G.Kieslich et al., Chem. Sci. 6, 3430 (2015)",182.424460586223,Ge,Br,1,3,0,1,4,0,1,Hydroxylammonium
0264,5.88594376358,4.21343443949,7.31415734367,106.334489603,85.8441145085,91.8215787144,Hydroxylammonium Germanium Bromide,10,"G.Kieslich et al., Chem. Sci. 6, 3430 (2015)",173.5996992237571,Ge,Br,1,3,0,1,4,0,1,Hydroxylammonium
0265,7.33752213636,4.22564300264,5.87921774791,91.9645742459,94.1234158979,72.5400142709,Hydroxylammonium Germanium Bromide,10,"G.Kieslich et al., Chem. Sci. 6, 3430 (2015)",173.42528469748262,Ge,Br,1,3,0,1,4,0,1,Hydroxylammonium
0266,5.83095242308,4.12892389013,7.40206594151,105.103025801,86.4612526875,92.8968152027,Hydroxylammonium Germanium Bromide,10,"G.Kieslich et al., Chem. Sci. 6, 3430 (2015)",171.61547228797372,Ge,Br,1,3,0,1,4,0,1,Hydroxylammonium
0267,7.49330380428,4.13744590407,5.95542014958,81.8461485015,81.607500105,73.578644389,Hydroxylammonium Germanium Bromide,10,"G.Kieslich et al., Chem. Sci. 6, 3430 (2015)",174.221825935512,Ge,Br,1,3,0,1,4,0,1,Hydroxylammonium
0268,6.07535925143,4.12727369698,7.36985490126,103.826491469,96.3903064315,83.4997946446,Hydroxylammonium Germanium Bromide,10,"G.Kieslich et al., Chem. Sci. 6, 3430 (2015)",177.6074089932112,Ge,Br,1,3,0,1,4,0,1,Hydroxylammonium
0269,7.55130420135,4.10129867481,5.88887266639,83.8319215613,94.3094329435,74.0614008621,Hydroxylammonium Germanium Bromide,10,"G.Kieslich et al., Chem. Sci. 6, 3430 (2015)",173.30502965892194,Ge,Br,1,3,0,1,4,0,1,Hydroxylammonium
0270,5.92532067917,5.96276919689,5.82874074651,80.5194146654,83.3796551414,85.4057591119,Formamidinium Germanium Bromide,12,"T.D.Huan et al., Phys. Rev. B 93,094105(2016)",201.37700960162033,Ge,Br,1,3,1,2,5,0,0,Formamidinium
0271,6.56407804564,5.65288849241,5.65407138803,94.9652667832,90.0236974462,90.1237309847,Formamidinium Germanium Bromide,12,"T.D.Huan et al., Phys. Rev. B 93,094105(2016)",209.01214867145447,Ge,Br,1,3,1,2,5,0,0,Formamidinium
0272,5.85285090413,6.1035753517,6.04736119014,99.3414295164,98.1134964566,77.6473403212,Formamidinium Germanium Bromide,12,"T.D.Huan et al., Phys. Rev. B 93,094105(2016)",206.95918599151216,Ge,Br,1,3,1,2,5,0,0,Formamidinium
0273,6.40820833866,6.4450542467,6.40643849701,89.7567159473,91.7510703597,89.2823547956,Tetramethylammonium Germanium Bromide,21,"B.Saparov et al., Chem. Rev. 116, 4558 (2016)",264.4467790378525,Ge,Br,1,3,4,1,12,0,0,Tetramethylammonium
0274,6.39644448213,6.55841928177,6.36529028621,91.2607072319,86.4546947943,89.6524576132,Tetramethylammonium Germanium Bromide,21,"B.Saparov et al., Chem. Rev. 116, 4558 (2016)",266.4445951321813,Ge,Br,1,3,4,1,12,0,0,Tetramethylammonium
0275,6.89904639653,5.23984701648,7.62191217608,89.1563164243,90.6919365064,85.7767439211,Tetramethylammonium Germanium Bromide,21,"B.Saparov et al., Chem. Rev. 116, 4558 (2016)",274.72984654696563,Ge,Br,1,3,4,1,12,0,0,Tetramethylammonium
0276,5.82882754031,5.67830648184,5.74259758742,89.3251848763,82.9295037744,88.5454958015,Hydrazinium Germanium Bromide,11,"B.Saparov et al., Chem. Rev. 116, 4558 (2016)",188.55441722474328,Ge,Br,1,3,0,2,5,0,0,Hydrazinium
0277,7.85970160767,5.68826396768,5.69182261625,89.0345470022,47.7486052103,94.0431422638,Hydrazinium Germanium Bromide,11,"B.Saparov et al., Chem. Rev. 116, 4558 (2016)",187.17772897491176,Ge,Br,1,3,0,2,5,0,0,Hydrazinium
0278,3.97435130233,6.26899843166,7.78498838983,82.7435841976,106.297096446,107.506343642,Hydrazinium Germanium Bromide,11,"B.Saparov et al., Chem. Rev. 116, 4558 (2016)",177.36213308125892,Ge,Br,1,3,0,2,5,0,0,Hydrazinium
0279,7.61070582939,6.11710378539,4.11448321018,99.938243182,77.7181490783,98.4023630144,Hydrazinium Germanium Bromide,11,"B.Saparov et al., Chem. Rev. 116, 4558 (2016)",183.16399826029505,Ge,Br,1,3,0,2,5,0,0,Hydrazinium
0280,7.27230426244,6.0714031392,4.36102606735,89.2856326689,72.4519206257,93.3679283754,Hydrazinium Germanium Bromide,11,"B.Saparov et al., Chem. Rev. 116, 4558 (2016)",183.18295339697542,Ge,Br,1,3,0,2,5,0,0,Hydrazinium
0281,7.6762345433,3.99881508028,6.09299380363,93.9909321647,91.7332601954,73.1988368756,Hydrazinium Germanium Bromide,11,"B.Saparov et al., Chem. Rev. 116, 4558 (2016)",178.60174491238828,Ge,Br,1,3,0,2,5,0,0,Hydrazinium
0282,7.8524767385,3.97064907394,5.8899832212,96.4852438878,93.1963110903,76.4613252082,Hydrazinium Germanium Bromide,11,"B.Saparov et al., Chem. Rev. 116, 4558 (2016)",177.31896052288417,Ge,Br,1,3,0,2,5,0,0,Hydrazinium
0283,7.5454950105,5.98627864178,4.39923064736,91.0928692477,105.187532918,72.6115199022,Hydrazinium Germanium Bromide,11,"B.Saparov et al., Chem. Rev. 116, 4558 (2016)",182.62794793741898,Ge,Br,1,3,0,2,5,0,0,Hydrazinium
0284,7.92964941228,3.95271481904,5.81676617831,90.647808141,90.8102737815,77.1432963798,Hydrazinium Germanium Bromide,11,"B.Saparov et al., Chem. Rev. 116, 4558 (2016)",177.72384310703626,Ge,Br,1,3,0,2,5,0,0,Hydrazinium
0285,6.05960181616,4.00740613423,7.59803785113,100.287599578,87.6215515234,80.6518275747,Hydrazinium Germanium Bromide,11,"B.Saparov et al., Chem. Rev. 116, 4558 (2016)",178.65520628674153,Ge,Br,1,3,0,2,5,0,0,Hydrazinium
0286,9.72755092,3.97027779454,5.84691013063,82.8072895201,85.3106621193,52.1264778245,Hydrazinium Germanium Bromide,11,"B.Saparov et al., Chem. Rev. 116, 4558 (2016)",176.8441447942592,Ge,Br,1,3,0,2,5,0,0,Hydrazinium
0287,7.18251090915,6.33034259123,4.3165588567,72.3948879299,106.788064708,107.19877863,Ammonium Germanium Bromide,9,"T.D.Huan et al., Phys. Rev. B 93,094105(2016)",174.36920630673217,Ge,Br,1,3,0,1,4,0,0,Ammonium
0288,5.77075081823,5.76708546907,5.77898437262,83.2697172842,83.3107100563,83.419415102,Ammonium Germanium Bromide,9,"T.D.Huan et al., Phys. Rev. B 93,094105(2016)",188.70522586951952,Ge,Br,1,3,0,1,4,0,0,Ammonium
0289,7.15668131266,6.31653848761,4.31574480529,107.737616099,106.863156646,73.483889634,Ammonium Germanium Bromide,9,"T.D.Huan et al., Phys. Rev. B 93,094105(2016)",173.674580331668,Ge,Br,1,3,0,1,4,0,0,Ammonium
0290,4.30551959621,6.319566035,7.18249162747,73.2500055643,73.2386325107,72.2965656827,Ammonium Germanium Bromide,9,"T.D.Huan et al., Phys. Rev. B 93,094105(2016)",173.9042099348318,Ge,Br,1,3,0,1,4,0,0,Ammonium
0291,6.03292982799,6.27254584785,6.54020595361,87.6709611821,88.3806737169,100.831390485,Trimethylammonium Germanium Bromide,18,"A. Mancini et al., J. Solid State Chem. 240, 55 (2016)",242.72079090961907,Ge,Br,1,3,3,1,10,0,0,Trimethylammonium
0292,6.16400000076,6.20031759065,6.4813966781,96.7024306147,87.625485296,82.6616859139,Trimethylammonium Germanium Bromide,18,"A. Mancini et al., J. Solid State Chem. 240, 55 (2016)",243.6035016097759,Ge,Br,1,3,3,1,10,0,0,Trimethylammonium
0293,6.4940572483,6.33475094673,6.19024207053,92.9253686433,91.92226897,104.518719701,Trimethylammonium Germanium Bromide,18,"A. Mancini et al., J. Solid State Chem. 240, 55 (2016)",245.91920316045645,Ge,Br,1,3,3,1,10,0,0,Trimethylammonium
0294,6.19238911917,6.37752097569,6.44754790653,75.3111350188,87.1117767277,91.8503311415,Trimethylammonium Germanium Bromide,18,"A. Mancini et al., J. Solid State Chem. 240, 55 (2016)",245.72452920857407,Ge,Br,1,3,3,1,10,0,0,Trimethylammonium
0295,6.34841007863,6.38689272142,6.35137629683,97.0079764573,99.0731576964,96.822705912,Trimethylammonium Germanium Bromide,18,"A. Mancini et al., J. Solid State Chem. 240, 55 (2016)",249.88887998005114,Ge,Br,1,3,3,1,10,0,0,Trimethylammonium
0296,4.74307901128,7.71890303264,7.18982204606,103.351260955,76.9115199906,88.2180693543,Trimethylammonium Germanium Bromide,18,"A. Mancini et al., J. Solid State Chem. 240, 55 (2016)",248.4937620647671,Ge,Br,1,3,3,1,10,0,0,Trimethylammonium
0297,6.48677672646,5.04121266331,7.84536846134,90.5910292626,82.9746176211,78.7659197112,Trimethylammonium Germanium Bromide,18,"A. Mancini et al., J. Solid State Chem. 240, 55 (2016)",249.5944896909362,Ge,Br,1,3,3,1,10,0,0,Trimethylammonium
0298,5.95781344825,4.68710984206,8.89601361583,92.934959692,82.7389898747,84.9019868935,Trimethylammonium Germanium Bromide,18,"A. Mancini et al., J. Solid State Chem. 240, 55 (2016)",244.96302140657906,Ge,Br,1,3,3,1,10,0,0,Trimethylammonium
0299,6.56148497118,4.88420230932,7.83046186267,90.0881340586,95.2590347509,75.4713698707,Trimethylammonium Germanium Bromide,18,"A. Mancini et al., J. Solid State Chem. 240, 55 (2016)",241.84044809150478,Ge,Br,1,3,3,1,10,0,0,Trimethylammonium
0300,6.31014519564,6.01580808733,6.00175445188,90.6604514688,88.8133635577,86.9376720508,Azetidinium Germanium Bromide,16,"B. Zhou et al., Angew. Chem. Int. Ed. 50, 11441 (2011)",227.4379943928882,Ge,Br,1,3,3,1,8,0,0,Azetidinium
0301,6.06211270109,6.04285642522,6.17975097917,94.5905056131,82.7981959368,91.5131836167,Azetidinium Germanium Bromide,16,"B. Zhou et al., Angew. Chem. Int. Ed. 50, 11441 (2011)",223.8424705462192,Ge,Br,1,3,3,1,8,0,0,Azetidinium
0302,5.98086963487,6.24461721952,6.14051699728,93.2915102698,91.0540747585,99.9925256386,Azetidinium Germanium Bromide,16,"B. Zhou et al., Angew. Chem. Int. Ed. 50, 11441 (2011)",225.39214776594167,Ge,Br,1,3,3,1,8,0,0,Azetidinium
0303,6.08705591846,6.05812716272,6.10469575334,86.1115584671,82.0916857368,93.8105916711,Azetidinium Germanium Bromide,16,"B. Zhou et al., Angew. Chem. Int. Ed. 50, 11441 (2011)",221.80824273449917,Ge,Br,1,3,3,1,8,0,0,Azetidinium
0304,8.33130855605,6.09558892688,4.71060216457,89.5216978502,84.3131930866,89.4720865176,Azetidinium Germanium Bromide,16,"B. Zhou et al., Angew. Chem. Int. Ed. 50, 11441 (2011)",238.0302015397749,Ge,Br,1,3,3,1,8,0,0,Azetidinium
0305,8.31071566627,5.93583169559,4.71831643196,94.6591090924,85.3157002297,86.0309122901,Azetidinium Germanium Bromide,16,"B. Zhou et al., Angew. Chem. Int. Ed. 50, 11441 (2011)",230.54024708510843,Ge,Br,1,3,3,1,8,0,0,Azetidinium
0306,8.1718011905,5.97828301957,4.7270642221,91.3861888114,95.0757614264,84.1982080193,Azetidinium Germanium Bromide,16,"B. Zhou et al., Angew. Chem. Int. Ed. 50, 11441 (2011)",228.8218978426991,Ge,Br,1,3,3,1,8,0,0,Azetidinium
0307,6.05286990695,4.24558391787,8.65441732368,86.4536883937,90.8803078317,96.5416382847,Azetidinium Germanium Bromide,16,"B. Zhou et al., Angew. Chem. Int. Ed. 50, 11441 (2011)",220.5220981578108,Ge,Br,1,3,3,1,8,0,0,Azetidinium
0308,8.48983533702,4.27754854809,6.93769599818,62.0953577674,91.1753529441,93.7960698182,Azetidinium Germanium Bromide,16,"B. Zhou et al., Angew. Chem. Int. Ed. 50, 11441 (2011)",222.14853018462432,Ge,Br,1,3,3,1,8,0,0,Azetidinium
0309,6.92666411774,4.27693731861,9.25074609137,113.573429701,101.337978878,62.162479979,Azetidinium Germanium Bromide,16,"B. Zhou et al., Angew. Chem. Int. Ed. 50, 11441 (2011)",222.09798144545496,Ge,Br,1,3,3,1,8,0,0,Azetidinium
0310,6.2278823436,4.30278684763,8.95364744483,106.484608653,87.6138700738,100.108130569,Azetidinium Germanium Bromide,16,"B. Zhou et al., Angew. Chem. Int. Ed. 50, 11441 (2011)",226.49134564767678,Ge,Br,1,3,3,1,8,0,0,Azetidinium
0311,8.3370726721,4.73137375875,6.27377201134,73.1379929653,90.1409944747,99.8489323502,Azetidinium Germanium Bromide,16,"B. Zhou et al., Angew. Chem. Int. Ed. 50, 11441 (2011)",233.0517246155563,Ge,Br,1,3,3,1,8,0,0,Azetidinium
0312,5.96127249884,4.17839640205,8.89358042649,87.1694437728,89.2121464957,90.5999381231,Azetidinium Germanium Bromide,16,"B. Zhou et al., Angew. Chem. Int. Ed. 50, 11441 (2011)",221.2212977267765,Ge,Br,1,3,3,1,8,0,0,Azetidinium
0313,4.32251439049,5.92171755772,8.76477234333,93.0197661232,90.4535984852,95.5712975156,Azetidinium Germanium Bromide,16,"B. Zhou et al., Angew. Chem. Int. Ed. 50, 11441 (2011)",222.96031817297953,Ge,Br,1,3,3,1,8,0,0,Azetidinium
0314,7.8353102849,6.40227074606,4.70652758094,85.7359873538,86.1166653696,84.0456138824,Azetidinium Germanium Bromide,16,"B. Zhou et al., Angew. Chem. Int. Ed. 50, 11441 (2011)",233.74439647252018,Ge,Br,1,3,3,1,8,0,0,Azetidinium
0315,8.03722132918,6.23270796051,4.76997198382,85.8431924563,88.9439962917,79.6114054595,Azetidinium Germanium Bromide,16,"B. Zhou et al., Angew. Chem. Int. Ed. 50, 11441 (2011)",234.40662286140108,Ge,Br,1,3,3,1,8,0,0,Azetidinium
0316,5.87817204652,6.89738135867,5.88574603977,89.1968687715,79.2967098816,89.906943502,Imidazolium Germanium Bromide,14,"B.Saparov et al., Chem. Rev. 116, 4558 (2016)",234.4568203145599,Ge,Br,1,3,3,2,5,0,0,Imidazolium
0317,5.95630653116,6.632160385,5.95521849127,95.8109486124,80.1326202991,85.417994773,Imidazolium Germanium Bromide,14,"B.Saparov et al., Chem. Rev. 116, 4558 (2016)",229.44158172358206,Ge,Br,1,3,3,2,5,0,0,Imidazolium
0318,6.41153770254,5.99925054516,6.17096583565,79.3260679363,85.4184579109,96.474045009,Imidazolium Germanium Bromide,14,"B.Saparov et al., Chem. Rev. 116, 4558 (2016)",230.5307645022257,Ge,Br,1,3,3,2,5,0,0,Imidazolium
0319,6.26908792814,6.06341152191,6.1273757492,98.2927443411,97.3351468328,94.4044988052,Imidazolium Germanium Bromide,14,"B.Saparov et al., Chem. Rev. 116, 4558 (2016)",227.51445520822807,Ge,Br,1,3,3,2,5,0,0,Imidazolium
0320,5.92558788724,4.09733359913,9.33478269796,88.389437535,88.3227650004,81.482996087,Imidazolium Germanium Bromide,14,"B.Saparov et al., Chem. Rev. 116, 4558 (2016)",223.98000704854903,Ge,Br,1,3,3,2,5,0,0,Imidazolium
0321,9.93211379352,4.12586807288,5.92044817519,82.5391001559,87.3850409706,68.7367733898,Imidazolium Germanium Bromide,14,"B.Saparov et al., Chem. Rev. 116, 4558 (2016)",224.1811645264142,Ge,Br,1,3,3,2,5,0,0,Imidazolium
0322,8.99685051836,4.0873498931,6.10577434263,99.5856085096,93.7076891047,89.6901869484,Imidazolium Germanium Bromide,14,"B.Saparov et al., Chem. Rev. 116, 4558 (2016)",220.92775407564358,Ge,Br,1,3,3,2,5,0,0,Imidazolium
0323,6.1323599348,4.08340979605,9.66858996384,112.397474359,95.5481722954,80.7584187047,Imidazolium Germanium Bromide,14,"B.Saparov et al., Chem. Rev. 116, 4558 (2016)",220.7737511254319,Ge,Br,1,3,3,2,5,0,0,Imidazolium
0324,6.28871532675,6.27220460613,6.69008554468,82.0375384427,87.1026670484,92.7660928195,Ethylammonium Germanium Iodide,15,"B.Saparov et al., Chem. Rev. 116, 4558 (2016)",260.5986188129756,Ge,I,1,3,2,1,8,0,0,Ethylammonium
0325,6.5417788957,6.17606358681,6.5831398261,85.3180905542,79.2812004671,85.7304928258,Ethylammonium Germanium Iodide,15,"B.Saparov et al., Chem. Rev. 116, 4558 (2016)",259.98468146126254,Ge,I,1,3,2,1,8,0,0,Ethylammonium
0326,6.80147814936,4.42316617103,8.89102171959,93.9353267144,91.2682296291,103.632626837,Ethylammonium Germanium Iodide,15,"B.Saparov et al., Chem. Rev. 116, 4558 (2016)",259.1270046266644,Ge,I,1,3,2,1,8,0,0,Ethylammonium
0327,8.79611564229,4.48140332962,6.62992007674,81.1666921082,91.978943891,87.5139107294,Ethylammonium Germanium Iodide,15,"B.Saparov et al., Chem. Rev. 116, 4558 (2016)",257.7769310000071,Ge,I,1,3,2,1,8,0,0,Ethylammonium
0328,6.65036331503,4.50890691919,8.70562209346,94.5512514802,96.2947423247,94.8008643225,Ethylammonium Germanium Iodide,15,"B.Saparov et al., Chem. Rev. 116, 4558 (2016)",257.5266611353185,Ge,I,1,3,2,1,8,0,0,Ethylammonium
0329,6.61352652548,4.49629049193,9.74425120099,64.7459516912,95.9307715255,99.0514101527,Ethylammonium Germanium Iodide,15,"B.Saparov et al., Chem. Rev. 116, 4558 (2016)",258.5885863425503,Ge,I,1,3,2,1,8,0,0,Ethylammonium
0330,7.25995308736,4.71114912172,7.93230157437,105.218011469,93.3170187395,84.4503366141,Ethylammonium Germanium Iodide,15,"B.Saparov et al., Chem. Rev. 116, 4558 (2016)",260.4165879535015,Ge,I,1,3,2,1,8,0,0,Ethylammonium
0331,6.12514015319,4.33403043738,9.84107059048,90.3071765727,84.1289571975,90.1231465711,Ethylammonium Germanium Iodide,15,"B.Saparov et al., Chem. Rev. 116, 4558 (2016)",259.872009544388,Ge,I,1,3,2,1,8,0,0,Ethylammonium
0332,6.37561414477,4.7716908245,8.57869227653,86.2911950072,86.3643287687,78.6704487527,Ethylammonium Germanium Iodide,15,"B.Saparov et al., Chem. Rev. 116, 4558 (2016)",255.02019284039739,Ge,I,1,3,2,1,8,0,0,Ethylammonium
0333,8.64378356689,4.48538342334,6.95103667461,72.602033871,90.5750640594,93.063489505,Ethylammonium Germanium Iodide,15,"B.Saparov et al., Chem. Rev. 116, 4558 (2016)",256.79472984003195,Ge,I,1,3,2,1,8,0,0,Ethylammonium
0334,11.48198384,4.95923040266,4.64883513959,89.995257889,89.9335162018,83.7781774137,Ethylammonium Germanium Iodide,15,"B.Saparov et al., Chem. Rev. 116, 4558 (2016)",263.1536547890095,Ge,I,1,3,2,1,8,0,0,Ethylammonium
0335,8.62200250699,4.62424793108,6.77432511913,93.8465620441,100.104313146,97.9078038674,Ethylammonium Germanium Iodide,15,"B.Saparov et al., Chem. Rev. 116, 4558 (2016)",262.2215114892353,Ge,I,1,3,2,1,8,0,0,Ethylammonium
0336,6.39804549017,6.46464654949,7.40477477569,74.7008139081,88.6658858962,85.9040897391,Propylammonium Germanium Iodide,18,"S.Kataoka et al., J. Am. Chem. Soc. 137, 4158 (2015)",294.6581523641362,Ge,I,1,3,3,1,10,0,0,Propylammonium
0337,6.28749347582,6.42401414805,7.6021714833,102.240207885,79.1568446031,91.5581103294,Propylammonium Germanium Iodide,18,"S.Kataoka et al., J. Am. Chem. Soc. 137, 4158 (2015)",294.6952194963833,Ge,I,1,3,3,1,10,0,0,Propylammonium
0338,6.28602602072,6.42085233067,7.63632013662,103.090472955,80.0368832524,92.0559431198,Propylammonium Germanium Iodide,18,"S.Kataoka et al., J. Am. Chem. Soc. 137, 4158 (2015)",295.67601645153746,Ge,I,1,3,3,1,10,0,0,Propylammonium
0339,6.66774199716,6.29952866518,6.84829093497,96.9121512488,82.8613276125,95.7963167136,Propylammonium Germanium Iodide,18,"S.Kataoka et al., J. Am. Chem. Soc. 137, 4158 (2015)",282.265895332711,Ge,I,1,3,3,1,10,0,0,Propylammonium
0340,6.74984937207,6.62524525012,6.55936059115,79.0529866755,89.8195778416,83.1375299004,Propylammonium Germanium Iodide,18,"S.Kataoka et al., J. Am. Chem. Soc. 137, 4158 (2015)",285.87234796198624,Ge,I,1,3,3,1,10,0,0,Propylammonium
0341,6.62945842595,6.36772291356,6.8357660637,82.7757661554,78.6018029072,80.758897481,Propylammonium Germanium Iodide,18,"S.Kataoka et al., J. Am. Chem. Soc. 137, 4158 (2015)",277.8848838449215,Ge,I,1,3,3,1,10,0,0,Propylammonium
0342,8.23462636443,4.6135725369,7.87496950037,77.3213327441,88.1694256991,77.3820952099,Propylammonium Germanium Iodide,18,"S.Kataoka et al., J. Am. Chem. Soc. 137, 4158 (2015)",284.7936240436779,Ge,I,1,3,3,1,10,0,0,Propylammonium
0343,8.63754932295,4.72443812174,8.30865954766,86.7697919071,115.958333351,105.901960073,Propylammonium Germanium Iodide,18,"S.Kataoka et al., J. Am. Chem. Soc. 137, 4158 (2015)",292.3899976888986,Ge,I,1,3,3,1,10,0,0,Propylammonium
0344,8.83795672913,4.72536416591,8.49015563775,101.901676941,114.562310029,70.314451408,Propylammonium Germanium Iodide,18,"S.Kataoka et al., J. Am. Chem. Soc. 137, 4158 (2015)",302.7291718517438,Ge,I,1,3,3,1,10,0,0,Propylammonium
0345,8.33976700925,5.04099427747,8.26049630934,78.3175558024,59.671498705,93.9285600428,Propylammonium Germanium Iodide,18,"S.Kataoka et al., J. Am. Chem. Soc. 137, 4158 (2015)",287.4886492009434,Ge,I,1,3,3,1,10,0,0,Propylammonium
0346,8.38161058621,4.88704956812,8.39810350227,94.3294127776,115.985141252,72.1104367126,Propylammonium Germanium Iodide,18,"S.Kataoka et al., J. Am. Chem. Soc. 137, 4158 (2015)",293.56827231229636,Ge,I,1,3,3,1,10,0,0,Propylammonium
0347,6.33211677663,6.37789069234,10.1680834803,59.1230234619,123.276937303,97.6212195611,Propylammonium Germanium Iodide,18,"S.Kataoka et al., J. Am. Chem. Soc. 137, 4158 (2015)",288.2335154359988,Ge,I,1,3,3,1,10,0,0,Propylammonium
0348,8.04104558405,6.29016897828,6.75062364906,79.8378856539,105.960861385,105.623393479,Butylammonium Germanium Iodide,21,"H. Hu et al., Sci. Rep. 6, 33546 (2016)",314.2131234101198,Ge,I,1,3,4,1,12,0,0,Butylammonium
0349,6.75127496886,6.27674024626,8.05338736909,74.4599224522,74.0133399097,79.8754322422,Butylammonium Germanium Iodide,21,"H. Hu et al., Sci. Rep. 6, 33546 (2016)",314.1560538351365,Ge,I,1,3,4,1,12,0,0,Butylammonium
0350,6.77382089278,7.44009656997,6.68034329117,79.0184776989,97.6987409875,109.895402026,Butylammonium Germanium Iodide,21,"H. Hu et al., Sci. Rep. 6, 33546 (2016)",309.91087136451887,Ge,I,1,3,4,1,12,0,0,Butylammonium
0351,7.2231830513,6.09151317299,7.83605168898,70.793063265,81.2831215449,90.1578533916,Butylammonium Germanium Iodide,21,"H. Hu et al., Sci. Rep. 6, 33546 (2016)",321.32262825894765,Ge,I,1,3,4,1,12,0,0,Butylammonium
0352,6.80055721845,6.51612484364,6.59024108904,81.0845592311,83.046829496,89.5775585951,Isopropylammonium Germanium Iodide,18,"C.C.Stoumpos et al., J. Am. Chem. Soc. 137, 6804 (2015)",286.36571195280504,Ge,I,1,3,3,1,10,0,0,Isopropylammonium
0353,6.26106953518,6.75654910923,6.81898455207,89.0350250054,94.8261779208,80.7888265153,Isopropylammonium Germanium Iodide,18,"C.C.Stoumpos et al., J. Am. Chem. Soc. 137, 6804 (2015)",283.6009998177961,Ge,I,1,3,3,1,10,0,0,Isopropylammonium
0354,6.78538685048,6.1027184345,7.04980188438,95.0802039884,93.9594645145,84.2738653304,Isopropylammonium Germanium Iodide,18,"C.C.Stoumpos et al., J. Am. Chem. Soc. 137, 6804 (2015)",288.79517835681617,Ge,I,1,3,3,1,10,0,0,Isopropylammonium
0355,7.00865938122,6.13957987796,6.78754111838,96.0090123669,86.3324787966,95.8277149045,Isopropylammonium Germanium Iodide,18,"C.C.Stoumpos et al., J. Am. Chem. Soc. 137, 6804 (2015)",288.54319894264387,Ge,I,1,3,3,1,10,0,0,Isopropylammonium
0356,8.07154892648,4.88140022781,7.9821264187,93.6281039205,99.0676042517,111.39088857,Isopropylammonium Germanium Iodide,18,"C.C.Stoumpos et al., J. Am. Chem. Soc. 137, 6804 (2015)",286.67037058048356,Ge,I,1,3,3,1,10,0,0,Isopropylammonium
0357,8.47673331392,4.79009051369,7.84525766774,109.212015648,79.6306935021,103.73910477,Isopropylammonium Germanium Iodide,18,"C.C.Stoumpos et al., J. Am. Chem. Soc. 137, 6804 (2015)",290.39697107854727,Ge,I,1,3,3,1,10,0,0,Isopropylammonium
0358,9.08827598795,4.87793704967,8.07246164634,68.6362043396,70.5215845151,61.2478469306,Isopropylammonium Germanium Iodide,18,"C.C.Stoumpos et al., J. Am. Chem. Soc. 137, 6804 (2015)",286.64899880614,Ge,I,1,3,3,1,10,0,0,Isopropylammonium
0359,7.96031337467,4.77295980831,8.38011368747,105.127911746,91.0440801691,108.620900182,Isopropylammonium Germanium Iodide,18,"C.C.Stoumpos et al., J. Am. Chem. Soc. 137, 6804 (2015)",289.47231866451995,Ge,I,1,3,3,1,10,0,0,Isopropylammonium
0360,8.00847027506,4.53500123154,8.21499226739,76.5784866446,77.8920404967,90.3682225942,Isopropylammonium Germanium Iodide,18,"C.C.Stoumpos et al., J. Am. Chem. Soc. 137, 6804 (2015)",283.27434564541414,Ge,I,1,3,3,1,10,0,0,Isopropylammonium
0361,7.25689731083,4.5336199749,8.69997458276,88.7154433182,83.7669129892,98.4671042157,Isopropylammonium Germanium Iodide,18,"C.C.Stoumpos et al., J. Am. Chem. Soc. 137, 6804 (2015)",281.22117488349204,Ge,I,1,3,3,1,10,0,0,Isopropylammonium
0362,6.56283044321,6.45221272942,6.42350701199,81.9348379284,100.410561382,97.1530059221,Dimethylammonium Germanium Iodide,15,"B.Saparov et al., Chem. Rev. 116, 4558 (2016)",263.50128337265545,Ge,I,1,3,2,1,8,0,0,Dimethylammonium
0363,6.49205070099,6.5209834677,6.45325411032,82.1403221569,100.256437238,98.6467313515,Dimethylammonium Germanium Iodide,15,"B.Saparov et al., Chem. Rev. 116, 4558 (2016)",264.07088741379283,Ge,I,1,3,2,1,8,0,0,Dimethylammonium
0364,6.52802452135,6.48986719712,6.43439734786,80.5785591646,99.8950301661,97.2805406667,Dimethylammonium Germanium Iodide,15,"B.Saparov et al., Chem. Rev. 116, 4558 (2016)",263.5552528335885,Ge,I,1,3,2,1,8,0,0,Dimethylammonium
0365,6.57161827748,6.43263553456,6.36952859853,88.2723719426,84.9347007567,79.0850677846,Dimethylammonium Germanium Iodide,15,"B.Saparov et al., Chem. Rev. 116, 4558 (2016)",263.32959726897593,Ge,I,1,3,2,1,8,0,0,Dimethylammonium
0366,6.43209494227,4.49025576678,9.19993680056,89.6287386377,80.8420767534,88.1329807939,Dimethylammonium Germanium Iodide,15,"B.Saparov et al., Chem. Rev. 116, 4558 (2016)",262.1839042662044,Ge,I,1,3,2,1,8,0,0,Dimethylammonium
0367,6.56592719782,4.49238352175,8.88348784914,91.5713143297,82.9855102093,97.6548610353,Dimethylammonium Germanium Iodide,15,"B.Saparov et al., Chem. Rev. 116, 4558 (2016)",257.7377922058144,Ge,I,1,3,2,1,8,0,0,Dimethylammonium
0368,8.25931128394,4.602523242,7.55692191904,106.297966539,96.5746159166,100.873501778,Dimethylammonium Germanium Iodide,15,"B.Saparov et al., Chem. Rev. 116, 4558 (2016)",266.46606289698195,Ge,I,1,3,2,1,8,0,0,Dimethylammonium
0369,6.77716133676,4.69303890915,8.28663286657,78.1787545828,86.2155105115,82.1793620471,Dimethylammonium Germanium Iodide,15,"B.Saparov et al., Chem. Rev. 116, 4558 (2016)",255.37357606359143,Ge,I,1,3,2,1,8,0,0,Dimethylammonium
0370,6.49888292528,6.55084549231,6.53335421663,90.8270531113,99.8636787356,80.9164856874,Acetamidinium Germanium Iodide,15,"C.C.Stoumpos et al., J. Am. Chem. Soc. 137, 6804 (2015)",270.5748150884178,Ge,I,1,3,2,2,7,0,0,Acetamidinium
0371,6.51063221582,6.55059261319,6.55897955037,89.0915260146,99.7589972072,99.7091691584,Acetamidinium Germanium Iodide,15,"C.C.Stoumpos et al., J. Am. Chem. Soc. 137, 6804 (2015)",271.71069738762657,Ge,I,1,3,2,2,7,0,0,Acetamidinium
0372,6.49412569905,6.60178126068,6.36949626344,85.5658685047,99.3465037779,89.465812849,Acetamidinium Germanium Iodide,15,"C.C.Stoumpos et al., J. Am. Chem. Soc. 137, 6804 (2015)",268.57984530310085,Ge,I,1,3,2,2,7,0,0,Acetamidinium
0373,6.86516607902,4.42488684465,8.71651614621,90.0315741736,96.2272341711,102.608427492,Acetamidinium Germanium Iodide,15,"C.C.Stoumpos et al., J. Am. Chem. Soc. 137, 6804 (2015)",256.79645426134795,Ge,I,1,3,2,2,7,0,0,Acetamidinium
0374,6.83023326324,4.36485389722,9.4190248619,107.384790209,77.2504507014,91.4996328909,Acetamidinium Germanium Iodide,15,"C.C.Stoumpos et al., J. Am. Chem. Soc. 137, 6804 (2015)",261.13563919067354,Ge,I,1,3,2,2,7,0,0,Acetamidinium
0375,8.45580084348,4.43583200083,7.19921939263,90.2347037523,87.6842169591,79.9377601049,Acetamidinium Germanium Iodide,15,"C.C.Stoumpos et al., J. Am. Chem. Soc. 137, 6804 (2015)",265.6442966424623,Ge,I,1,3,2,2,7,0,0,Acetamidinium
0376,6.33850520346,6.16034644418,6.19938360535,91.0597515122,94.8239259272,88.0846309123,Methylammonium Germanium Iodide,12,"T.D.Huan et al., Phys. Rev. B 93,094105(2016)",241.0476170796799,Ge,I,1,3,1,1,6,0,0,Methylammonium
0377,6.20049051649,6.18569819007,6.34684868246,85.702742929,84.5178283023,89.4938035287,Methylammonium Germanium Iodide,12,"T.D.Huan et al., Phys. Rev. B 93,094105(2016)",241.6343240627562,Ge,I,1,3,1,1,6,0,0,Methylammonium
0378,6.64939155295,4.47594078679,8.26105543295,102.055048914,79.105130723,93.3154990723,Methylammonium Germanium Iodide,12,"T.D.Huan et al., Phys. Rev. B 93,094105(2016)",236.06880448761544,Ge,I,1,3,1,1,6,0,0,Methylammonium
0379,6.92577875336,4.51513903493,8.38332254606,106.176918587,84.5570713808,75.1478200589,Methylammonium Germanium Iodide,12,"T.D.Huan et al., Phys. Rev. B 93,094105(2016)",239.4270323780014,Ge,I,1,3,1,1,6,0,0,Methylammonium
0380,8.48310752633,4.42952342676,6.27596201822,86.7451864142,94.1483853225,90.3283282458,Methylammonium Germanium Iodide,12,"T.D.Huan et al., Phys. Rev. B 93,094105(2016)",234.82874476025222,Ge,I,1,3,1,1,6,0,0,Methylammonium
0381,8.33319155876,4.64153623906,7.7536167513,55.2271053677,102.127144357,107.517774093,Methylammonium Germanium Iodide,12,"T.D.Huan et al., Phys. Rev. B 93,094105(2016)",234.6369616039017,Ge,I,1,3,1,1,6,0,0,Methylammonium
0382,6.4065163412,6.44643462889,6.41628838795,96.8018940041,95.7677601924,95.3125862711,Guanidinium Germanium Iodide,14,"B.Saparov et al., Chem. Rev. 116, 4558 (2016)",260.3219125984065,Ge,I,1,3,1,3,6,0,0,Guanidinium
0383,6.23427004759,6.32379116981,6.56807892794,87.9738602306,93.0634816566,83.2485522845,Guanidinium Germanium Iodide,14,"B.Saparov et al., Chem. Rev. 116, 4558 (2016)",256.5518305758132,Ge,I,1,3,1,3,6,0,0,Guanidinium
0384,9.62625856783,4.35527552149,6.76654859956,75.7025737281,97.1468211077,116.914496051,Guanidinium Germanium Iodide,14,"B.Saparov et al., Chem. Rev. 116, 4558 (2016)",245.09830042652516,Ge,I,1,3,1,3,6,0,0,Guanidinium
0385,6.06405608853,6.23049846001,6.10631621535,97.6208095149,87.1669147228,93.3217346918,Hydroxylammonium Germanium Iodide,10,"G.Kieslich et al., Chem. Sci. 6, 3430 (2015)",228.08423805788178,Ge,I,1,3,0,1,4,0,1,Hydroxylammonium
0386,6.28171649196,4.4551843076,7.90631447564,105.716342162,88.1256835497,91.4198827817,Hydroxylammonium Germanium Iodide,10,"G.Kieslich et al., Chem. Sci. 6, 3430 (2015)",212.85243433215734,Ge,I,1,3,0,1,4,0,1,Hydroxylammonium
0387,7.92521904016,4.48419276064,6.28376378528,88.5373887754,92.5914370126,73.1641600527,Hydroxylammonium Germanium Iodide,10,"G.Kieslich et al., Chem. Sci. 6, 3430 (2015)",213.34932985189693,Ge,I,1,3,0,1,4,0,1,Hydroxylammonium
0388,6.21461476567,4.4103505067,8.02638146664,105.327974336,87.1217339046,92.9712778361,Hydroxylammonium Germanium Iodide,10,"G.Kieslich et al., Chem. Sci. 6, 3430 (2015)",211.72912688332698,Ge,I,1,3,0,1,4,0,1,Hydroxylammonium
0389,7.98995146573,4.4115896854,6.50332995018,88.8391270417,78.401279251,75.5454267246,Hydroxylammonium Germanium Iodide,10,"G.Kieslich et al., Chem. Sci. 6, 3430 (2015)",217.33470907071415,Ge,I,1,3,0,1,4,0,1,Hydroxylammonium
0390,6.61368725222,4.44459044841,7.94255090139,104.581730344,102.106633521,80.4710480967,Hydroxylammonium Germanium Iodide,10,"G.Kieslich et al., Chem. Sci. 6, 3430 (2015)",219.35293768239288,Ge,I,1,3,0,1,4,0,1,Hydroxylammonium
0391,8.09034884478,4.4079949186,6.29498273453,88.834118075,92.4997258399,73.7410832988,Hydroxylammonium Germanium Iodide,10,"G.Kieslich et al., Chem. Sci. 6, 3430 (2015)",215.18555565552506,Ge,I,1,3,0,1,4,0,1,Hydroxylammonium
0392,6.30273828678,6.34570062288,6.24380397407,82.3369345777,85.8016424002,87.0200302285,Formamidinium Germanium Iodide,12,"T.D.Huan et al., Phys. Rev. B 93,094105(2016)",246.60311223365247,Ge,I,1,3,1,2,5,0,0,Formamidinium
0393,6.8802546302,6.04120798322,6.04260166356,93.4022586406,89.5676735276,90.5434832646,Formamidinium Germanium Iodide,12,"T.D.Huan et al., Phys. Rev. B 93,094105(2016)",250.7009482351944,Ge,I,1,3,1,2,5,0,0,Formamidinium
0394,6.24784837329,6.44567283708,6.43789902934,99.6636652587,95.844460745,79.067012865,Formamidinium Germanium Iodide,12,"T.D.Huan et al., Phys. Rev. B 93,094105(2016)",250.28957568898284,Ge,I,1,3,1,2,5,0,0,Formamidinium
0395,6.79657754049,6.74930275515,6.63215201333,89.692162316,91.521098304,89.6003696623,Tetramethylammonium Germanium Iodide,21,"B.Saparov et al., Chem. Rev. 116, 4558 (2016)",304.1118312259838,Ge,I,1,3,4,1,12,0,0,Tetramethylammonium
0396,7.36330642686,5.16401349661,8.35199925032,90.3299265671,90.6474143112,85.8988662675,Tetramethylammonium Germanium Iodide,21,"B.Saparov et al., Chem. Rev. 116, 4558 (2016)",316.7408807927559,Ge,I,1,3,4,1,12,0,0,Tetramethylammonium
0397,6.23717508738,6.07474862519,6.19787309911,89.1125976692,84.2878963041,88.4710864547,Hydrazinium Germanium Iodide,11,"B.Saparov et al., Chem. Rev. 116, 4558 (2016)",233.5642191712389,Ge,I,1,3,0,2,5,0,0,Hydrazinium
0398,4.28216974695,6.52967557064,8.29517575006,96.1571695663,107.980531938,88.0857626725,Hydrazinium Germanium Iodide,11,"B.Saparov et al., Chem. Rev. 116, 4558 (2016)",219.34249618676398,Ge,I,1,3,0,2,5,0,0,Hydrazinium
0399,8.41407148941,6.0850439732,6.13637269636,89.698934748,47.9736830846,93.3767597443,Hydrazinium Germanium Iodide,11,"B.Saparov et al., Chem. Rev. 116, 4558 (2016)",232.55769650405918,Ge,I,1,3,0,2,5,0,0,Hydrazinium
0400,4.25270846335,6.65475920178,8.30455407831,83.9300389183,105.74096209,103.951945589,Hydrazinium Germanium Iodide,11,"B.Saparov et al., Chem. Rev. 116, 4558 (2016)",219.33285110317647,Ge,I,1,3,0,2,5,0,0,Hydrazinium
0401,8.13443326358,6.68392519905,4.42767183045,102.004876581,76.1688750033,101.618176833,Hydrazinium Germanium Iodide,11,"B.Saparov et al., Chem. Rev. 116, 4558 (2016)",225.70598850620215,Ge,I,1,3,0,2,5,0,0,Hydrazinium
0402,8.00286856779,6.5341665421,4.50832488906,87.9615617616,74.0873819359,88.5736139863,Hydrazinium Germanium Iodide,11,"B.Saparov et al., Chem. Rev. 116, 4558 (2016)",226.54438042807146,Ge,I,1,3,0,2,5,0,0,Hydrazinium
0403,8.44627475041,4.25657171824,6.29832268105,90.8490479877,89.5540958184,74.116420861,Hydrazinium Germanium Iodide,11,"B.Saparov et al., Chem. Rev. 116, 4558 (2016)",217.752517241606,Ge,I,1,3,0,2,5,0,0,Hydrazinium
0404,8.14686883531,4.28235927996,6.51347097278,89.6851982296,94.8428616594,76.373731152,Hydrazinium Germanium Iodide,11,"B.Saparov et al., Chem. Rev. 116, 4558 (2016)",219.98064277873942,Ge,I,1,3,0,2,5,0,0,Hydrazinium
0405,8.10075985322,6.55868346406,4.64926816308,91.3592912651,105.672661702,71.4029104443,Hydrazinium Germanium Iodide,11,"B.Saparov et al., Chem. Rev. 116, 4558 (2016)",224.88652969185205,Ge,I,1,3,0,2,5,0,0,Hydrazinium
0406,8.41508297605,4.23999142885,6.25043958556,90.712458766,90.7421526073,76.8071828189,Hydrazinium Germanium Iodide,11,"B.Saparov et al., Chem. Rev. 116, 4558 (2016)",217.10051081806378,Ge,I,1,3,0,2,5,0,0,Hydrazinium
0407,6.53506228387,4.30286230017,8.13945645255,103.774167118,85.7741376044,85.0297279544,Hydrazinium Germanium Iodide,11,"B.Saparov et al., Chem. Rev. 116, 4558 (2016)",220.40462150399165,Ge,I,1,3,0,2,5,0,0,Hydrazinium
0408,7.85998395979,7.01525006397,4.53063502125,73.1895697889,106.04307412,112.924194146,Ammonium Germanium Iodide,9,"T.D.Huan et al., Phys. Rev. B 93,094105(2016)",216.4250091562585,Ge,I,1,3,0,1,4,0,0,Ammonium
0409,6.24090532492,6.23888305638,6.25475483707,82.7040935116,82.7350139598,82.9223527274,Ammonium Germanium Iodide,9,"T.D.Huan et al., Phys. Rev. B 93,094105(2016)",238.2005524273775,Ge,I,1,3,0,1,4,0,0,Ammonium
0410,4.57314641981,7.11226624163,7.78394185547,67.2191900449,72.771089281,71.326024411,Ammonium Germanium Iodide,9,"T.D.Huan et al., Phys. Rev. B 93,094105(2016)",216.79722452358004,Ge,I,1,3,0,1,4,0,0,Ammonium
0411,6.38015582484,6.55293336817,6.91102357842,89.9621983421,90.0665942004,99.5861441946,Trimethylammonium Germanium Iodide,18,"A. Mancini et al., J. Solid State Chem. 240, 55 (2016)",284.90625923449153,Ge,I,1,3,3,1,10,0,0,Trimethylammonium
0412,6.46766802464,6.53518466083,6.85386885466,93.0931601845,87.56768264,81.8599259435,Trimethylammonium Germanium Iodide,18,"A. Mancini et al., J. Solid State Chem. 240, 55 (2016)",285.9909911707215,Ge,I,1,3,3,1,10,0,0,Trimethylammonium
0413,6.64012136598,6.68067458325,6.79764853349,78.0074591306,87.0185831654,92.6130321114,Trimethylammonium Germanium Iodide,18,"A. Mancini et al., J. Solid State Chem. 240, 55 (2016)",294.07506860686607,Ge,I,1,3,3,1,10,0,0,Trimethylammonium
0414,6.68843313627,6.73326722292,6.69547014975,96.0062156008,97.8404708204,95.881505313,Trimethylammonium Germanium Iodide,18,"A. Mancini et al., J. Solid State Chem. 240, 55 (2016)",294.9789282215293,Ge,I,1,3,3,1,10,0,0,Trimethylammonium
0415,4.95348354572,8.15167015822,7.71182278272,104.290185284,75.2386613831,89.2510423144,Trimethylammonium Germanium Iodide,18,"A. Mancini et al., J. Solid State Chem. 240, 55 (2016)",290.84189160143535,Ge,I,1,3,3,1,10,0,0,Trimethylammonium
0416,9.11038006124,4.99636040074,6.41445227092,95.8263701929,96.3840620114,93.0659974119,Trimethylammonium Germanium Iodide,18,"A. Mancini et al., J. Solid State Chem. 240, 55 (2016)",288.0480282379612,Ge,I,1,3,3,1,10,0,0,Trimethylammonium
0417,6.61013480281,5.00827176021,8.90492316375,91.9007213288,83.4601782638,82.1495322114,Trimethylammonium Germanium Iodide,18,"A. Mancini et al., J. Solid State Chem. 240, 55 (2016)",289.78162736299424,Ge,I,1,3,3,1,10,0,0,Trimethylammonium
0418,6.42578728951,4.79140325666,9.37344361443,93.5704179544,83.4079822356,85.5731700424,Trimethylammonium Germanium Iodide,18,"A. Mancini et al., J. Solid State Chem. 240, 55 (2016)",285.0931872616335,Ge,I,1,3,3,1,10,0,0,Trimethylammonium
0419,7.05822661273,4.89813882651,8.47735821903,89.8945375521,95.7090240102,75.7865477625,Trimethylammonium Germanium Iodide,18,"A. Mancini et al., J. Solid State Chem. 240, 55 (2016)",282.59480438201393,Ge,I,1,3,3,1,10,0,0,Trimethylammonium
0420,6.68965710817,6.32993974277,6.34122293332,90.8008542267,86.5218409258,89.0424238048,Azetidinium Germanium Iodide,16,"B. Zhou et al., Angew. Chem. Int. Ed. 50, 11441 (2011)",267.95760701973006,Ge,I,1,3,3,1,8,0,0,Azetidinium
0421,6.39138849857,6.36248087659,6.55482715132,95.1856586974,83.3384655828,91.6499307212,Azetidinium Germanium Iodide,16,"B. Zhou et al., Angew. Chem. Int. Ed. 50, 11441 (2011)",263.6242702670797,Ge,I,1,3,3,1,8,0,0,Azetidinium
0422,6.46503910236,6.54172879784,6.29804677897,90.6261722747,91.1289922317,100.262971417,Azetidinium Germanium Iodide,16,"B. Zhou et al., Angew. Chem. Int. Ed. 50, 11441 (2011)",262.0195796598419,Ge,I,1,3,3,1,8,0,0,Azetidinium
0423,6.4594869678,6.37390778998,6.48733537991,86.6285277206,83.4705372024,93.3021645343,Azetidinium Germanium Iodide,16,"B. Zhou et al., Angew. Chem. Int. Ed. 50, 11441 (2011)",264.34876821719075,Ge,I,1,3,3,1,8,0,0,Azetidinium
0424,8.79557136477,6.58409767277,4.73171991136,89.5397270784,84.0685307761,89.3159424136,Azetidinium Germanium Iodide,16,"B. Zhou et al., Angew. Chem. Int. Ed. 50, 11441 (2011)",272.52533365335887,Ge,I,1,3,3,1,8,0,0,Azetidinium
0425,8.81177541904,6.42769517761,4.76801149695,94.1957501166,85.0621188222,86.1061775581,Azetidinium Germanium Iodide,16,"B. Zhou et al., Angew. Chem. Int. Ed. 50, 11441 (2011)",267.5846100013432,Ge,I,1,3,3,1,8,0,0,Azetidinium
0426,8.79351777728,6.4200207062,4.75767745587,91.1553809306,97.0390845136,84.8867552849,Azetidinium Germanium Iodide,16,"B. Zhou et al., Angew. Chem. Int. Ed. 50, 11441 (2011)",265.49576212032355,Ge,I,1,3,3,1,8,0,0,Azetidinium
0427,6.29059017104,4.48467908851,9.36280513531,88.5359277081,93.1307781675,95.3871262514,Azetidinium Germanium Iodide,16,"B. Zhou et al., Angew. Chem. Int. Ed. 50, 11441 (2011)",262.5221256628406,Ge,I,1,3,3,1,8,0,0,Azetidinium
0428,8.95275172475,4.56418758377,7.12197358374,70.5803994475,89.9267367297,98.8365062464,Azetidinium Germanium Iodide,16,"B. Zhou et al., Angew. Chem. Int. Ed. 50, 11441 (2011)",270.7760552206291,Ge,I,1,3,3,1,8,0,0,Azetidinium
0429,6.77861112523,4.54431821799,9.22975693268,104.314546055,89.3041319247,101.162271043,Azetidinium Germanium Iodide,16,"B. Zhou et al., Angew. Chem. Int. Ed. 50, 11441 (2011)",270.08553226812245,Ge,I,1,3,3,1,8,0,0,Azetidinium
0430,8.8682076001,4.78391779067,6.75401667704,75.3123465856,88.7540325324,99.7291948887,Azetidinium Germanium Iodide,16,"B. Zhou et al., Angew. Chem. Int. Ed. 50, 11441 (2011)",272.560152542571,Ge,I,1,3,3,1,8,0,0,Azetidinium
0431,6.23849039484,4.44767578506,9.44505604751,87.7722364575,88.6501984189,86.1671179046,Azetidinium Germanium Iodide,16,"B. Zhou et al., Angew. Chem. Int. Ed. 50, 11441 (2011)",261.2283738959197,Ge,I,1,3,3,1,8,0,0,Azetidinium
0432,4.66649505605,6.33224334763,9.01665474494,94.4569735561,90.4172530383,96.5256994113,Azetidinium Germanium Iodide,16,"B. Zhou et al., Angew. Chem. Int. Ed. 50, 11441 (2011)",263.87491294170275,Ge,I,1,3,3,1,8,0,0,Azetidinium
0433,8.26741458433,6.90569607746,4.75101435815,87.8699120723,87.5260873189,84.7781455904,Azetidinium Germanium Iodide,16,"B. Zhou et al., Angew. Chem. Int. Ed. 50, 11441 (2011)",269.71795932129675,Ge,I,1,3,3,1,8,0,0,Azetidinium
0434,8.47261458329,6.76870997446,4.77301332571,86.9155980738,90.1069443068,81.0171607175,Azetidinium Germanium Iodide,16,"B. Zhou et al., Angew. Chem. Int. Ed. 50, 11441 (2011)",269.9624638869206,Ge,I,1,3,3,1,8,0,0,Azetidinium
0435,6.28354950808,7.0996186126,6.29692692135,88.5099412486,80.9351172334,89.5368150264,Imidazolium Germanium Iodide,14,"B.Saparov et al., Chem. Rev. 116, 4558 (2016)",277.30649291853285,Ge,I,1,3,3,2,5,0,0,Imidazolium
0436,6.31226391318,7.0176795334,6.32576337097,92.52132876,80.1315279697,90.7187798718,Imidazolium Germanium Iodide,14,"B.Saparov et al., Chem. Rev. 116, 4558 (2016)",275.79820817278363,Ge,I,1,3,3,2,5,0,0,Imidazolium
0437,6.54988809221,6.43274575461,6.59907064117,97.6058228811,96.9145638975,94.1901469261,Imidazolium Germanium Iodide,14,"B.Saparov et al., Chem. Rev. 116, 4558 (2016)",272.47157439274207,Ge,I,1,3,3,2,5,0,0,Imidazolium
0438,6.41751668509,4.3704981431,9.67099631588,88.1832827521,88.8782719669,81.4112242397,Imidazolium Germanium Iodide,14,"B.Saparov et al., Chem. Rev. 116, 4558 (2016)",268.0427033789073,Ge,I,1,3,3,2,5,0,0,Imidazolium
0439,10.2085293078,4.43199499317,6.39384375997,82.7833118961,85.9528095727,68.9247951379,Imidazolium Germanium Iodide,14,"B.Saparov et al., Chem. Rev. 116, 4558 (2016)",267.6943640288545,Ge,I,1,3,3,2,5,0,0,Imidazolium
0440,9.10155481344,4.36355245317,6.65227747152,100.28448497,93.3492093932,90.7588700321,Imidazolium Germanium Iodide,14,"B.Saparov et al., Chem. Rev. 116, 4558 (2016)",259.4318353297296,Ge,I,1,3,3,2,5,0,0,Imidazolium
0441,6.45347040583,4.49348077715,9.33704321904,96.024907393,92.5537986513,95.9297739556,Imidazolium Germanium Iodide,14,"B.Saparov et al., Chem. Rev. 116, 4558 (2016)",267.4039174296256,Ge,I,1,3,3,2,5,0,0,Imidazolium
0442,6.69191337477,4.37859050764,9.86451154688,112.803244971,96.9962524221,79.6019970622,Imidazolium Germanium Iodide,14,"B.Saparov et al., Chem. Rev. 116, 4558 (2016)",261.6457337622564,Ge,I,1,3,3,2,5,0,0,Imidazolium
0443,4.92070066102,5.08503955765,5.0753201493,76.7995745055,85.3026118786,92.9811554427,Ethylammonium Tin Fluoride,15,"B.Saparov et al., Chem. Rev. 116, 4558 (2016)",122.89599251296956,Sn,F,1,3,2,1,8,0,0,Ethylammonium
0444,5.29276836681,4.76818122651,5.05635413086,80.376040806,73.3198883135,85.3741063203,Ethylammonium Tin Fluoride,15,"B.Saparov et al., Chem. Rev. 116, 4558 (2016)",120.44475013229925,Sn,F,1,3,2,1,8,0,0,Ethylammonium
0445,4.2023205775,3.70576479177,7.9335387821,94.5800773035,96.1546294754,93.5188493641,Ethylammonium Tin Fluoride,15,"B.Saparov et al., Chem. Rev. 116, 4558 (2016)",122.13788742217547,Sn,F,1,3,2,1,8,0,0,Ethylammonium
0446,5.03200810549,3.73268572219,7.12237135792,101.930558444,101.829067679,102.563654956,Ethylammonium Tin Fluoride,15,"B.Saparov et al., Chem. Rev. 116, 4558 (2016)",123.3009332137404,Sn,F,1,3,2,1,8,0,0,Ethylammonium
0447,4.69078511664,3.62963239243,8.19103648586,66.9192927798,105.165800347,105.251527093,Ethylammonium Tin Fluoride,15,"B.Saparov et al., Chem. Rev. 116, 4558 (2016)",121.78802698205826,Sn,F,1,3,2,1,8,0,0,Ethylammonium
0448,7.33395669973,3.89600328512,4.85684538978,115.096356528,76.241693265,103.506229824,Ethylammonium Tin Fluoride,15,"B.Saparov et al., Chem. Rev. 116, 4558 (2016)",120.67171563791787,Sn,F,1,3,2,1,8,0,0,Ethylammonium
0449,4.21771802259,3.54652825751,8.17254739174,97.7009725744,86.0048019803,86.0300385226,Ethylammonium Tin Fluoride,15,"B.Saparov et al., Chem. Rev. 116, 4558 (2016)",120.46781246587186,Sn,F,1,3,2,1,8,0,0,Ethylammonium
0450,4.68466409586,3.6242491803,7.57642457773,92.9348149661,80.6291671843,74.2243009742,Ethylammonium Tin Fluoride,15,"B.Saparov et al., Chem. Rev. 116, 4558 (2016)",121.51933004217899,Sn,F,1,3,2,1,8,0,0,Ethylammonium
0451,8.15452201281,3.7714405417,3.98007332087,87.9259807336,86.0262364129,86.3623072556,Ethylammonium Tin Fluoride,15,"B.Saparov et al., Chem. Rev. 116, 4558 (2016)",121.80189245759668,Sn,F,1,3,2,1,8,0,0,Ethylammonium
0452,8.71476340081,3.76874578072,3.80404488592,94.6511633155,83.8723203387,80.8747680536,Ethylammonium Tin Fluoride,15,"B.Saparov et al., Chem. Rev. 116, 4558 (2016)",122.04009476013842,Sn,F,1,3,2,1,8,0,0,Ethylammonium
0453,6.82701010085,4.2589215859,4.4141359338,84.9217913755,99.0097920934,88.929944544,Ethylammonium Tin Fluoride,15,"B.Saparov et al., Chem. Rev. 116, 4558 (2016)",126.19389954155541,Sn,F,1,3,2,1,8,0,0,Ethylammonium
0454,4.65237968674,5.12175841856,6.64693551814,73.3875060042,90.5455748299,90.0747707239,Propylammonium Tin Fluoride,18,"S.Kataoka et al., J. Am. Chem. Soc. 137, 4158 (2015)",151.76758295688262,Sn,F,1,3,3,1,10,0,0,Propylammonium
0455,6.46842098801,4.61004173803,5.15609898361,106.178825594,77.5422610275,93.6618497709,Propylammonium Tin Fluoride,18,"S.Kataoka et al., J. Am. Chem. Soc. 137, 4158 (2015)",144.18628918279842,Sn,F,1,3,3,1,10,0,0,Propylammonium
0456,4.91941821965,5.19457758875,6.21491454968,109.372631993,77.1129715559,94.8380340432,Propylammonium Tin Fluoride,18,"S.Kataoka et al., J. Am. Chem. Soc. 137, 4158 (2015)",146.0425996639833,Sn,F,1,3,3,1,10,0,0,Propylammonium
0457,5.07946789214,5.34621422286,5.48768917702,75.7201130262,90.0096533814,85.1252159353,Propylammonium Tin Fluoride,18,"S.Kataoka et al., J. Am. Chem. Soc. 137, 4158 (2015)",143.86195553478876,Sn,F,1,3,3,1,10,0,0,Propylammonium
0458,4.86049003853,5.57854686619,5.55093961775,78.523583393,79.2738652447,87.1577399395,Propylammonium Tin Fluoride,18,"S.Kataoka et al., J. Am. Chem. Soc. 137, 4158 (2015)",144.91211444061517,Sn,F,1,3,3,1,10,0,0,Propylammonium
0459,4.82772706048,5.57492813846,5.59741166112,77.8086611737,78.6341619969,85.7696923107,Propylammonium Tin Fluoride,18,"S.Kataoka et al., J. Am. Chem. Soc. 137, 4158 (2015)",144.28349334460256,Sn,F,1,3,3,1,10,0,0,Propylammonium
0460,9.22043437916,3.74984269482,4.76665443359,66.9695809393,76.5558916467,68.2011422934,Propylammonium Tin Fluoride,18,"S.Kataoka et al., J. Am. Chem. Soc. 137, 4158 (2015)",140.09118982100364,Sn,F,1,3,3,1,10,0,0,Propylammonium
0461,4.72165520221,3.72366558788,8.70987202407,88.3332008081,110.022102563,100.242408459,Propylammonium Tin Fluoride,18,"S.Kataoka et al., J. Am. Chem. Soc. 137, 4158 (2015)",141.50378902844574,Sn,F,1,3,3,1,10,0,0,Propylammonium
0462,5.37731440195,4.72319194829,6.27938688278,89.69548563,111.97779472,75.5513651244,Propylammonium Tin Fluoride,18,"S.Kataoka et al., J. Am. Chem. Soc. 137, 4158 (2015)",142.34929110538204,Sn,F,1,3,3,1,10,0,0,Propylammonium
0463,5.42000811669,4.73693587968,6.32058781679,89.959165773,112.385718041,73.7841129243,Propylammonium Tin Fluoride,18,"S.Kataoka et al., J. Am. Chem. Soc. 137, 4158 (2015)",143.02642474692018,Sn,F,1,3,3,1,10,0,0,Propylammonium
0464,6.87598424352,5.76839805059,4.58168518623,87.681218359,90.2553456339,108.109996134,Butylammonium Tin Fluoride,21,"H. Hu et al., Sci. Rep. 6, 33546 (2016)",172.57514574323116,Sn,F,1,3,4,1,12,0,0,Butylammonium
0465,4.66029426475,5.76889263849,6.83852216784,71.362327965,86.3154879779,85.5463458293,Butylammonium Tin Fluoride,21,"H. Hu et al., Sci. Rep. 6, 33546 (2016)",173.5328928604291,Sn,F,1,3,4,1,12,0,0,Butylammonium
0466,5.7364360242,6.58817942721,4.61201770057,84.5357835165,92.2128059409,105.589334648,Butylammonium Tin Fluoride,21,"H. Hu et al., Sci. Rep. 6, 33546 (2016)",167.11008483583205,Sn,F,1,3,4,1,12,0,0,Butylammonium
0467,4.54376450968,5.59382246918,7.07535859213,69.536237322,97.1336481982,90.6231903188,Butylammonium Tin Fluoride,21,"H. Hu et al., Sci. Rep. 6, 33546 (2016)",167.0790839013622,Sn,F,1,3,4,1,12,0,0,Butylammonium
0468,6.43227876309,5.01492333544,4.52505256206,85.0446428083,86.8826208376,91.3856514974,Isopropylammonium Tin Fluoride,18,"C.C.Stoumpos et al., J. Am. Chem. Soc. 137, 6804 (2015)",145.1443928380227,Sn,F,1,3,3,1,10,0,0,Isopropylammonium
0469,5.14171791212,5.38463438699,5.44534546214,89.5762082519,99.1624685015,74.776938662,Isopropylammonium Tin Fluoride,18,"C.C.Stoumpos et al., J. Am. Chem. Soc. 137, 6804 (2015)",143.42339225536674,Sn,F,1,3,3,1,10,0,0,Isopropylammonium
0470,5.42237113756,4.44105264467,6.11296532614,85.1823294034,93.5998238961,85.3537916817,Isopropylammonium Tin Fluoride,18,"C.C.Stoumpos et al., J. Am. Chem. Soc. 137, 6804 (2015)",145.84509283885862,Sn,F,1,3,3,1,10,0,0,Isopropylammonium
0471,6.43278984767,4.49345491025,5.04077712519,94.2597549263,91.2811684533,93.850149642,Isopropylammonium Tin Fluoride,18,"C.C.Stoumpos et al., J. Am. Chem. Soc. 137, 6804 (2015)",144.92072759558675,Sn,F,1,3,3,1,10,0,0,Isopropylammonium
0472,4.6790930788,4.69472530046,8.08986069598,124.9548942,95.4147949191,82.0473472207,Isopropylammonium Tin Fluoride,18,"C.C.Stoumpos et al., J. Am. Chem. Soc. 137, 6804 (2015)",144.22633235183972,Sn,F,1,3,3,1,10,0,0,Isopropylammonium
0473,7.71091669559,4.64819494827,4.42655471267,109.737722345,77.5733436671,103.542146588,Isopropylammonium Tin Fluoride,18,"C.C.Stoumpos et al., J. Am. Chem. Soc. 137, 6804 (2015)",143.567794732086,Sn,F,1,3,3,1,10,0,0,Isopropylammonium
0474,7.5642159216,3.85287603352,5.67004526008,113.43281085,83.1913486654,107.305280867,Isopropylammonium Tin Fluoride,18,"C.C.Stoumpos et al., J. Am. Chem. Soc. 137, 6804 (2015)",144.75595675199,Sn,F,1,3,3,1,10,0,0,Isopropylammonium
0475,7.46491261546,3.73258660298,5.47624043397,69.1380744045,83.9621462771,81.7956557101,Isopropylammonium Tin Fluoride,18,"C.C.Stoumpos et al., J. Am. Chem. Soc. 137, 6804 (2015)",140.88015719799972,Sn,F,1,3,3,1,10,0,0,Isopropylammonium
0476,5.54896220877,3.86486036361,7.33066030578,74.1375426604,86.4605138044,103.767370351,Isopropylammonium Tin Fluoride,18,"C.C.Stoumpos et al., J. Am. Chem. Soc. 137, 6804 (2015)",145.52307777452734,Sn,F,1,3,3,1,10,0,0,Isopropylammonium
0477,6.05267436158,4.59497596415,4.5606902066,84.977387511,99.3290435714,99.7842413314,Dimethylammonium Tin Fluoride,15,"B.Saparov et al., Chem. Rev. 116, 4558 (2016)",123.10821171851565,Sn,F,1,3,2,1,8,0,0,Dimethylammonium
0478,5.99757279866,4.61861077863,4.57297024114,84.5934113795,100.49962655,99.2091941691,Dimethylammonium Tin Fluoride,15,"B.Saparov et al., Chem. Rev. 116, 4558 (2016)",122.67042235875435,Sn,F,1,3,2,1,8,0,0,Dimethylammonium
0479,5.55869544876,4.78443251793,4.81134512203,78.9611533138,103.124453362,95.6204821351,Dimethylammonium Tin Fluoride,15,"B.Saparov et al., Chem. Rev. 116, 4558 (2016)",122.11192060355533,Sn,F,1,3,2,1,8,0,0,Dimethylammonium
0480,5.46279911049,4.76456662239,4.98182589741,84.3395269165,80.0955564113,74.5902927996,Dimethylammonium Tin Fluoride,15,"B.Saparov et al., Chem. Rev. 116, 4558 (2016)",122.95039805647394,Sn,F,1,3,2,1,8,0,0,Dimethylammonium
0481,4.86200456922,3.67706877701,7.14310594201,88.489498466,79.9370467643,80.3224670421,Dimethylammonium Tin Fluoride,15,"B.Saparov et al., Chem. Rev. 116, 4558 (2016)",123.94942740672052,Sn,F,1,3,2,1,8,0,0,Dimethylammonium
0482,4.92440118251,3.6786070325,7.07355917639,90.7211129573,79.7160870332,100.49104233,Dimethylammonium Tin Fluoride,15,"B.Saparov et al., Chem. Rev. 116, 4558 (2016)",123.9446921326595,Sn,F,1,3,2,1,8,0,0,Dimethylammonium
0483,4.91180080179,3.7124562163,7.05366086503,90.3411419494,80.0226099681,100.817141241,Dimethylammonium Tin Fluoride,15,"B.Saparov et al., Chem. Rev. 116, 4558 (2016)",124.37933336298566,Sn,F,1,3,2,1,8,0,0,Dimethylammonium
0484,6.52425907741,3.5794081564,5.74251089931,98.4348010779,97.1893898056,105.922355662,Dimethylammonium Tin Fluoride,15,"B.Saparov et al., Chem. Rev. 116, 4558 (2016)",125.62188761240424,Sn,F,1,3,2,1,8,0,0,Dimethylammonium
0485,4.48913860437,3.75143080051,7.28570294187,81.3861708005,84.2676975691,88.899684067,Dimethylammonium Tin Fluoride,15,"B.Saparov et al., Chem. Rev. 116, 4558 (2016)",120.70454789997258,Sn,F,1,3,2,1,8,0,0,Dimethylammonium
0486,5.06604502746,5.1835258895,5.21266752768,88.4222896438,104.256066302,75.9694493616,Acetamidinium Tin Fluoride,15,"C.C.Stoumpos et al., J. Am. Chem. Soc. 137, 6804 (2015)",128.1560576799882,Sn,F,1,3,2,2,7,0,0,Acetamidinium
0487,5.03186987517,5.27125952256,5.18767546249,91.7562847089,104.153858836,104.243224487,Acetamidinium Tin Fluoride,15,"C.C.Stoumpos et al., J. Am. Chem. Soc. 137, 6804 (2015)",128.7157532636975,Sn,F,1,3,2,2,7,0,0,Acetamidinium
0488,5.02275457391,5.41555624322,4.97782928207,81.085775869,104.699257428,87.8723284084,Acetamidinium Tin Fluoride,15,"C.C.Stoumpos et al., J. Am. Chem. Soc. 137, 6804 (2015)",128.97378936619597,Sn,F,1,3,2,2,7,0,0,Acetamidinium
0489,7.73115147785,3.49098770208,4.86862692742,99.0218190118,87.8006962378,93.8264714873,Acetamidinium Tin Fluoride,15,"C.C.Stoumpos et al., J. Am. Chem. Soc. 137, 6804 (2015)",129.43424394536288,Sn,F,1,3,2,2,7,0,0,Acetamidinium
0490,4.7769415163,3.47290032782,8.37465592266,109.773902456,87.6348980134,97.9990765067,Acetamidinium Tin Fluoride,15,"C.C.Stoumpos et al., J. Am. Chem. Soc. 137, 6804 (2015)",129.4673594769808,Sn,F,1,3,2,2,7,0,0,Acetamidinium
0491,8.43148701188,3.51318955582,4.33571959381,90.1297288721,89.8890878643,87.8254879575,Acetamidinium Tin Fluoride,15,"C.C.Stoumpos et al., J. Am. Chem. Soc. 137, 6804 (2015)",128.33706199075323,Sn,F,1,3,2,2,7,0,0,Acetamidinium
0492,4.60847210771,4.62855595649,4.953037368,90.3854945204,106.140429644,89.5305583789,Methylammonium Tin Fluoride,12,"T.D.Huan et al., Phys. Rev. B 93,094105(2016)",101.48219434647248,Sn,F,1,3,1,1,6,0,0,Methylammonium
0493,4.50969245177,4.47090807163,5.13864236769,90.821668599,80.4841943066,91.0297916877,Methylammonium Tin Fluoride,12,"T.D.Huan et al., Phys. Rev. B 93,094105(2016)",102.15853772013644,Sn,F,1,3,1,1,6,0,0,Methylammonium
0494,4.35428280744,3.57995489015,6.43528475801,84.7331817078,89.3940870158,90.0156556155,Methylammonium Tin Fluoride,12,"T.D.Huan et al., Phys. Rev. B 93,094105(2016)",99.88490718266328,Sn,F,1,3,1,1,6,0,0,Methylammonium
0495,4.71805199638,3.67147437471,6.63373114623,105.974687484,84.6027294275,71.7530742583,Methylammonium Tin Fluoride,12,"T.D.Huan et al., Phys. Rev. B 93,094105(2016)",102.85388570577909,Sn,F,1,3,1,1,6,0,0,Methylammonium
0496,6.34850046122,3.57935646572,4.57996386801,78.3482754897,94.863522106,90.3538716646,Methylammonium Tin Fluoride,12,"T.D.Huan et al., Phys. Rev. B 93,094105(2016)",101.55503580356799,Sn,F,1,3,1,1,6,0,0,Methylammonium
0497,5.70447642042,4.25733708693,6.12855583661,46.8743005298,96.0967732386,98.896384767,Methylammonium Tin Fluoride,12,"T.D.Huan et al., Phys. Rev. B 93,094105(2016)",107.32292172933278,Sn,F,1,3,1,1,6,0,0,Methylammonium
0498,4.91806872407,5.02062028909,5.02646781252,97.9624806724,97.4482739294,97.3463483936,Guanidinium Tin Fluoride,14,"B.Saparov et al., Chem. Rev. 116, 4558 (2016)",120.52734230815905,Sn,F,1,3,1,3,6,0,0,Guanidinium
0499,8.44070378056,3.38746096584,4.65752555831,80.3080381064,96.3451802373,113.607027376,Guanidinium Tin Fluoride,14,"B.Saparov et al., Chem. Rev. 116, 4558 (2016)",120.14730879462715,Sn,F,1,3,1,3,6,0,0,Guanidinium
0500,4.48245526717,4.44439779068,4.63903339059,101.508187117,100.830840072,78.5532927292,Hydroxylammonium Tin Fluoride,10,"G.Kieslich et al., Chem. Sci. 6, 3430 (2015)",87.6939591087474,Sn,F,1,3,0,1,4,0,1,Hydroxylammonium
0501,4.62290121214,3.72715124694,5.95086713837,114.623243473,79.9449271882,111.4094319,Hydroxylammonium Tin Fluoride,10,"G.Kieslich et al., Chem. Sci. 6, 3430 (2015)",86.74849503377078,Sn,F,1,3,0,1,4,0,1,Hydroxylammonium
0502,5.56702312288,3.91875956993,4.61231371393,107.068636212,99.7852251881,69.5645713676,Hydroxylammonium Tin Fluoride,10,"G.Kieslich et al., Chem. Sci. 6, 3430 (2015)",89.8798239289639,Sn,F,1,3,0,1,4,0,1,Hydroxylammonium
0503,5.27452116644,3.89714439344,4.71304284378,114.947616068,93.373816102,78.6503709006,Hydroxylammonium Tin Fluoride,10,"G.Kieslich et al., Chem. Sci. 6, 3430 (2015)",86.0902983725445,Sn,F,1,3,0,1,4,0,1,Hydroxylammonium
0504,6.16171108993,3.48106499291,4.71658970643,73.0123915691,91.8659666414,67.8308438951,Hydroxylammonium Tin Fluoride,10,"G.Kieslich et al., Chem. Sci. 6, 3430 (2015)",88.428414334953,Sn,F,1,3,0,1,4,0,1,Hydroxylammonium
0505,5.27929067097,4.57961381186,4.69578129891,70.7788388056,87.1699623952,91.7301841732,Formamidinium Tin Fluoride,12,"T.D.Huan et al., Phys. Rev. B 93,094105(2016)",106.94098736793019,Sn,F,1,3,1,2,5,0,0,Formamidinium
0506,4.73690280451,5.17390720953,4.98014450762,104.520766762,101.806245975,73.1167994372,Formamidinium Tin Fluoride,12,"T.D.Huan et al., Phys. Rev. B 93,094105(2016)",111.91334574289392,Sn,F,1,3,1,2,5,0,0,Formamidinium
0507,5.51108026028,5.51098833982,5.53751724682,90.6522810787,89.4099769067,89.1817410539,Tetramethylammonium Tin Fluoride,21,"B.Saparov et al., Chem. Rev. 116, 4558 (2016)",168.14544891847189,Sn,F,1,3,4,1,12,0,0,Tetramethylammonium
0508,6.35604717185,4.88655142983,4.48536287375,90.1534392841,44.9991862936,102.687430513,Hydrazinium Tin Fluoride,11,"B.Saparov et al., Chem. Rev. 116, 4558 (2016)",93.71974164635915,Sn,F,1,3,0,2,5,0,0,Hydrazinium
0509,3.50712744159,5.0336652279,6.33512350773,74.3239737983,113.66480012,112.464301106,Hydrazinium Tin Fluoride,11,"B.Saparov et al., Chem. Rev. 116, 4558 (2016)",93.75491474328864,Sn,F,1,3,0,2,5,0,0,Hydrazinium
0510,4.93539302231,5.25679500884,3.98720741071,76.1132674532,67.5493524677,86.355491523,Hydrazinium Tin Fluoride,11,"B.Saparov et al., Chem. Rev. 116, 4558 (2016)",92.7654090252061,Sn,F,1,3,0,2,5,0,0,Hydrazinium
0511,5.96958231877,3.51268952846,4.86455583216,106.225923667,102.807854192,77.0154497539,Hydrazinium Tin Fluoride,11,"B.Saparov et al., Chem. Rev. 116, 4558 (2016)",94.05230951433991,Sn,F,1,3,0,2,5,0,0,Hydrazinium
0512,6.3594496977,4.08037338335,3.5734532764,87.4452256033,91.1264050802,79.4314546752,Hydrazinium Tin Fluoride,11,"B.Saparov et al., Chem. Rev. 116, 4558 (2016)",91.0270945935165,Sn,F,1,3,0,2,5,0,0,Hydrazinium
0513,5.39394628344,3.55959747386,5.96595905182,118.203865408,96.8095981242,68.5559424251,Hydrazinium Tin Fluoride,11,"B.Saparov et al., Chem. Rev. 116, 4558 (2016)",93.75439543768087,Sn,F,1,3,0,2,5,0,0,Hydrazinium
0514,4.96931909989,3.54657257595,5.76844933229,100.050638591,87.0398335263,69.3190338851,Hydrazinium Tin Fluoride,11,"B.Saparov et al., Chem. Rev. 116, 4558 (2016)",92.94206666655036,Sn,F,1,3,0,2,5,0,0,Hydrazinium
0515,5.23770108393,3.56532188467,5.32273016821,82.2205940091,91.2455687988,72.3993263038,Hydrazinium Tin Fluoride,11,"B.Saparov et al., Chem. Rev. 116, 4558 (2016)",93.66521088370044,Sn,F,1,3,0,2,5,0,0,Hydrazinium
0516,5.13561638107,4.9171309453,3.56997147932,70.18212764,110.586112576,96.0925273139,Ammonium Tin Fluoride,9,"T.D.Huan et al., Phys. Rev. B 93,094105(2016)",79.38712169923583,Sn,F,1,3,0,1,4,0,0,Ammonium
0517,4.43939889328,4.37196572501,4.65882808632,76.9375734321,79.508045452,76.570277134,Ammonium Tin Fluoride,9,"T.D.Huan et al., Phys. Rev. B 93,094105(2016)",84.86908466072362,Sn,F,1,3,0,1,4,0,0,Ammonium
0518,3.56866196326,4.91589653995,5.13927095264,83.9072649178,69.4156111459,70.1862967855,Ammonium Tin Fluoride,9,"T.D.Huan et al., Phys. Rev. B 93,094105(2016)",79.39756648495015,Sn,F,1,3,0,1,4,0,0,Ammonium
0519,5.16916527098,5.41878451386,5.28676395973,83.6835598756,83.3080984617,98.0147412846,Trimethylammonium Tin Fluoride,18,"A. Mancini et al., J. Solid State Chem. 240, 55 (2016)",144.43459578397108,Sn,F,1,3,3,1,10,0,0,Trimethylammonium
0520,4.90362445389,5.14549682884,5.94972786149,89.4493528209,92.0496434055,105.302349746,Trimethylammonium Tin Fluoride,18,"A. Mancini et al., J. Solid State Chem. 240, 55 (2016)",144.70611365445544,Sn,F,1,3,3,1,10,0,0,Trimethylammonium
0521,5.41212346063,5.50608758853,5.03140417328,95.5188627978,95.1805151943,100.575629025,Trimethylammonium Tin Fluoride,18,"A. Mancini et al., J. Solid State Chem. 240, 55 (2016)",145.808420375271,Sn,F,1,3,3,1,10,0,0,Trimethylammonium
0522,4.81789328834,5.98827768106,5.22464014209,93.3498059572,103.453266477,93.1820793331,Trimethylammonium Tin Fluoride,18,"A. Mancini et al., J. Solid State Chem. 240, 55 (2016)",145.97765908745055,Sn,F,1,3,3,1,10,0,0,Trimethylammonium
0523,4.87386099005,5.34005587876,5.71146963419,94.6439393912,80.6999564352,85.4696450995,Trimethylammonium Tin Fluoride,18,"A. Mancini et al., J. Solid State Chem. 240, 55 (2016)",145.57316270386167,Sn,F,1,3,3,1,10,0,0,Trimethylammonium
0524,5.44357171683,4.12326764891,6.73074303205,90.9379711239,83.3958650133,81.3195552806,Trimethylammonium Tin Fluoride,18,"A. Mancini et al., J. Solid State Chem. 240, 55 (2016)",148.26458957808765,Sn,F,1,3,3,1,10,0,0,Trimethylammonium
0525,4.84524823391,5.72397030623,5.35199612286,94.5051596011,85.7301991546,80.480646932,Trimethylammonium Tin Fluoride,18,"A. Mancini et al., J. Solid State Chem. 240, 55 (2016)",145.35797790345543,Sn,F,1,3,3,1,10,0,0,Trimethylammonium
0526,4.55857488535,5.37391466773,5.60947656506,92.2171610767,89.9492337415,89.9037584765,Azetidinium Tin Fluoride,16,"B. Zhou et al., Angew. Chem. Int. Ed. 50, 11441 (2011)",137.31441851210298,Sn,F,1,3,3,1,8,0,0,Azetidinium
0527,5.69049487382,5.27926518656,4.53370233174,89.8231296209,87.268730441,92.5828495609,Azetidinium Tin Fluoride,16,"B. Zhou et al., Angew. Chem. Int. Ed. 50, 11441 (2011)",135.90501652390822,Sn,F,1,3,3,1,8,0,0,Azetidinium
0528,4.74410399372,4.53126684931,6.22697818082,85.6230834608,84.1309615919,97.3159759721,Azetidinium Tin Fluoride,16,"B. Zhou et al., Angew. Chem. Int. Ed. 50, 11441 (2011)",131.53186859064195,Sn,F,1,3,3,1,8,0,0,Azetidinium
0529,4.87860779449,5.65397964426,4.85359321776,83.1766836531,86.2203318645,99.310380911,Azetidinium Tin Fluoride,16,"B. Zhou et al., Angew. Chem. Int. Ed. 50, 11441 (2011)",130.68374653591493,Sn,F,1,3,3,1,8,0,0,Azetidinium
0530,7.26259659185,4.51969154206,4.42122267566,107.657912568,79.2810077737,89.150235354,Azetidinium Tin Fluoride,16,"B. Zhou et al., Angew. Chem. Int. Ed. 50, 11441 (2011)",135.4806952830636,Sn,F,1,3,3,1,8,0,0,Azetidinium
0531,7.21054790169,4.5389033652,4.41854768404,107.116896359,80.0337642838,88.5187268328,Azetidinium Tin Fluoride,16,"B. Zhou et al., Angew. Chem. Int. Ed. 50, 11441 (2011)",135.66560575408946,Sn,F,1,3,3,1,8,0,0,Azetidinium
0532,6.56603879556,4.87019946227,4.43293612625,81.3368366386,94.9071039912,81.5164742206,Azetidinium Tin Fluoride,16,"B. Zhou et al., Angew. Chem. Int. Ed. 50, 11441 (2011)",137.76105804781477,Sn,F,1,3,3,1,8,0,0,Azetidinium
0533,5.43534268815,3.69930701645,7.04998193535,78.4083263172,93.7178117481,111.037052517,Azetidinium Tin Fluoride,16,"B. Zhou et al., Angew. Chem. Int. Ed. 50, 11441 (2011)",129.60330990722233,Sn,F,1,3,3,1,8,0,0,Azetidinium
0534,6.998968518,3.70144894971,5.43640681739,70.8865268755,95.0186841671,101.899343231,Azetidinium Tin Fluoride,16,"B. Zhou et al., Angew. Chem. Int. Ed. 50, 11441 (2011)",130.18330583725444,Sn,F,1,3,3,1,8,0,0,Azetidinium
0535,7.01660640333,3.70704943956,5.38996172906,108.826641141,94.5855244954,78.3760539919,Azetidinium Tin Fluoride,16,"B. Zhou et al., Angew. Chem. Int. Ed. 50, 11441 (2011)",129.95879943028308,Sn,F,1,3,3,1,8,0,0,Azetidinium
0536,7.07556902484,3.70946229327,5.31861648691,71.4516576602,93.9483738237,101.478968266,Azetidinium Tin Fluoride,16,"B. Zhou et al., Angew. Chem. Int. Ed. 50, 11441 (2011)",129.6946825173523,Sn,F,1,3,3,1,8,0,0,Azetidinium
0537,3.67851976532,4.8128033162,7.65586032365,85.2243714852,94.5031749109,102.116559845,Azetidinium Tin Fluoride,16,"B. Zhou et al., Angew. Chem. Int. Ed. 50, 11441 (2011)",131.80036571435548,Sn,F,1,3,3,1,8,0,0,Azetidinium
0538,6.68325307864,4.87121099409,4.46793608901,69.7039526874,89.347626083,83.087317509,Azetidinium Tin Fluoride,16,"B. Zhou et al., Angew. Chem. Int. Ed. 50, 11441 (2011)",135.36136571856338,Sn,F,1,3,3,1,8,0,0,Azetidinium
0539,6.88136294281,4.60515436888,4.48077588044,106.508666946,85.1757276334,87.4657474485,Azetidinium Tin Fluoride,16,"B. Zhou et al., Angew. Chem. Int. Ed. 50, 11441 (2011)",135.31361265642488,Sn,F,1,3,3,1,8,0,0,Azetidinium
0540,4.58009681117,6.47891265081,4.56341844442,85.3812837692,76.79112204,94.6136037905,Imidazolium Tin Fluoride,14,"B.Saparov et al., Chem. Rev. 116, 4558 (2016)",130.72101329423418,Sn,F,1,3,3,2,5,0,0,Imidazolium
0541,4.62389154419,6.41841891758,4.54599041588,95.6008818475,77.4714201947,84.7293156996,Imidazolium Tin Fluoride,14,"B.Saparov et al., Chem. Rev. 116, 4558 (2016)",130.18467947131145,Sn,F,1,3,3,2,5,0,0,Imidazolium
0542,5.67190771165,5.29528443596,4.64182123254,78.2437919763,81.3958163633,98.5062344446,Imidazolium Tin Fluoride,14,"B.Saparov et al., Chem. Rev. 116, 4558 (2016)",132.6419443299564,Sn,F,1,3,3,2,5,0,0,Imidazolium
0543,4.64147165934,5.4812761026,5.47838642703,98.4709331609,100.241878051,100.2065029,Imidazolium Tin Fluoride,14,"B.Saparov et al., Chem. Rev. 116, 4558 (2016)",132.6647159034052,Sn,F,1,3,3,2,5,0,0,Imidazolium
0544,4.74243577671,3.52410489925,7.97801165232,87.5568616724,87.0508014433,80.4482854352,Imidazolium Tin Fluoride,14,"B.Saparov et al., Chem. Rev. 116, 4558 (2016)",131.2338694793501,Sn,F,1,3,3,2,5,0,0,Imidazolium
0545,8.58420874108,3.5241152434,4.73748785082,80.4735623836,88.8546914263,68.2375529432,Imidazolium Tin Fluoride,14,"B.Saparov et al., Chem. Rev. 116, 4558 (2016)",131.13332658326533,Sn,F,1,3,3,2,5,0,0,Imidazolium
0546,7.95095149984,3.55816195303,4.71629992667,99.9160121306,93.1772308404,87.9887255145,Imidazolium Tin Fluoride,14,"B.Saparov et al., Chem. Rev. 116, 4558 (2016)",131.18820040800452,Sn,F,1,3,3,2,5,0,0,Imidazolium
0547,4.65349984778,3.43428240963,8.32085928281,97.5629972803,86.0426720018,87.5754494699,Imidazolium Tin Fluoride,14,"B.Saparov et al., Chem. Rev. 116, 4558 (2016)",131.33047289908316,Sn,F,1,3,3,2,5,0,0,Imidazolium
0548,4.70728697465,3.54059708226,8.55089874764,110.908582734,94.2404501268,87.0462840856,Imidazolium Tin Fluoride,14,"B.Saparov et al., Chem. Rev. 116, 4558 (2016)",132.7172381004001,Sn,F,1,3,3,2,5,0,0,Imidazolium
0549,5.80029339743,5.80164572873,6.0812410116,79.2922470961,89.8837430048,96.9779363734,Ethylammonium Tin Chloride,15,"B.Saparov et al., Chem. Rev. 116, 4558 (2016)",199.52517359031737,Sn,Cl,1,3,2,1,8,0,0,Ethylammonium
0550,6.05555371585,5.69384340537,5.95367064212,83.8614780144,76.3397465601,84.9020823276,Ethylammonium Tin Chloride,15,"B.Saparov et al., Chem. Rev. 116, 4558 (2016)",197.8981876253601,Sn,Cl,1,3,2,1,8,0,0,Ethylammonium
0551,5.7338602464,4.19551515066,8.59668729719,97.482957597,91.987888065,97.1230129925,Ethylammonium Tin Chloride,15,"B.Saparov et al., Chem. Rev. 116, 4558 (2016)",203.1906505530443,Sn,Cl,1,3,2,1,8,0,0,Ethylammonium
0552,8.24817000022,4.25908062065,5.84808836194,79.4851168525,94.0511003501,87.6330492141,Ethylammonium Tin Chloride,15,"B.Saparov et al., Chem. Rev. 116, 4558 (2016)",201.17875936317708,Sn,Cl,1,3,2,1,8,0,0,Ethylammonium
0553,5.96056165445,4.28457727111,8.0900317957,95.0875219603,99.1913048063,94.9260307059,Ethylammonium Tin Chloride,15,"B.Saparov et al., Chem. Rev. 116, 4558 (2016)",202.09688098752912,Sn,Cl,1,3,2,1,8,0,0,Ethylammonium
0554,5.79370495033,4.24442341996,9.24080604235,64.539552068,98.8476531232,101.157175168,Ethylammonium Tin Chloride,15,"B.Saparov et al., Chem. Rev. 116, 4558 (2016)",200.65253951216624,Sn,Cl,1,3,2,1,8,0,0,Ethylammonium
0555,7.38787081582,4.45638212976,6.91310619452,108.801213541,84.3491986475,101.400064256,Ethylammonium Tin Chloride,15,"B.Saparov et al., Chem. Rev. 116, 4558 (2016)",211.0581370818299,Sn,Cl,1,3,2,1,8,0,0,Ethylammonium
0556,5.8717123736,4.14710055593,9.1345414526,102.680266182,79.880045024,109.105396329,Ethylammonium Tin Chloride,15,"B.Saparov et al., Chem. Rev. 116, 4558 (2016)",203.74765686589265,Sn,Cl,1,3,2,1,8,0,0,Ethylammonium
0557,8.52848575052,4.18993830018,5.44006826394,89.3138349561,89.9257330599,90.5120679202,Ethylammonium Tin Chloride,15,"B.Saparov et al., Chem. Rev. 116, 4558 (2016)",194.37257523198775,Sn,Cl,1,3,2,1,8,0,0,Ethylammonium
0558,10.5724252751,4.54182251175,4.25746309712,90.1787383792,89.6478490694,84.9578841756,Ethylammonium Tin Chloride,15,"B.Saparov et al., Chem. Rev. 116, 4558 (2016)",203.63888928215275,Sn,Cl,1,3,2,1,8,0,0,Ethylammonium
0559,9.86351269788,4.68345607177,5.2469108941,74.4448776847,105.480061557,120.129955507,Ethylammonium Tin Chloride,15,"B.Saparov et al., Chem. Rev. 116, 4558 (2016)",199.3940369864464,Sn,Cl,1,3,2,1,8,0,0,Ethylammonium
0560,6.00692558158,5.84781962849,6.89495421631,72.9568272767,89.079133949,85.7772342389,Propylammonium Tin Chloride,18,"S.Kataoka et al., J. Am. Chem. Soc. 137, 4158 (2015)",230.9329503324576,Sn,Cl,1,3,3,1,10,0,0,Propylammonium
0561,5.9029663672,5.81305366433,7.0870693367,106.403507792,83.2180016336,87.8262811696,Propylammonium Tin Chloride,18,"S.Kataoka et al., J. Am. Chem. Soc. 137, 4158 (2015)",231.00716516221152,Sn,Cl,1,3,3,1,10,0,0,Propylammonium
0562,5.96463329755,5.88049744837,7.01528366542,106.542911036,79.355359368,93.5294907785,Propylammonium Tin Chloride,18,"S.Kataoka et al., J. Am. Chem. Soc. 137, 4158 (2015)",231.8063646873706,Sn,Cl,1,3,3,1,10,0,0,Propylammonium
0563,6.1999828356,5.87538006279,6.14210204772,98.2559430354,81.0000306739,97.0194191603,Propylammonium Tin Chloride,18,"S.Kataoka et al., J. Am. Chem. Soc. 137, 4158 (2015)",217.5535481204044,Sn,Cl,1,3,3,1,10,0,0,Propylammonium
0564,6.2226184797,6.07217436935,6.04738003502,76.8245379752,89.4125723402,82.875143538,Propylammonium Tin Chloride,18,"S.Kataoka et al., J. Am. Chem. Soc. 137, 4158 (2015)",220.72794848805142,Sn,Cl,1,3,3,1,10,0,0,Propylammonium
0565,6.19787745868,5.86563963446,6.1517126478,81.8387189986,80.9472350412,82.74101968,Propylammonium Tin Chloride,18,"S.Kataoka et al., J. Am. Chem. Soc. 137, 4158 (2015)",217.37886546297753,Sn,Cl,1,3,3,1,10,0,0,Propylammonium
0566,8.11606605917,4.36122779003,7.11527107946,75.8844799547,81.1607357093,74.3007948765,Propylammonium Tin Chloride,18,"S.Kataoka et al., J. Am. Chem. Soc. 137, 4158 (2015)",234.09721435722616,Sn,Cl,1,3,3,1,10,0,0,Propylammonium
0567,5.87573164908,4.22837666555,10.0637530599,86.7765345511,115.941415004,101.899231115,Propylammonium Tin Chloride,18,"S.Kataoka et al., J. Am. Chem. Soc. 137, 4158 (2015)",219.84383079197394,Sn,Cl,1,3,3,1,10,0,0,Propylammonium
0568,7.10139452584,4.56685766597,8.46926373319,95.0852028948,121.027629273,74.9613203521,Propylammonium Tin Chloride,18,"S.Kataoka et al., J. Am. Chem. Soc. 137, 4158 (2015)",226.96844926354962,Sn,Cl,1,3,3,1,10,0,0,Propylammonium
0569,8.01569098108,4.38590942961,7.10360688141,103.617314792,81.2825845438,105.184893999,Propylammonium Tin Chloride,18,"S.Kataoka et al., J. Am. Chem. Soc. 137, 4158 (2015)",233.16250948835585,Sn,Cl,1,3,3,1,10,0,0,Propylammonium
0570,9.12849737162,4.54332588242,6.60674280722,77.9940312853,60.4579393742,96.1063886717,Propylammonium Tin Chloride,18,"S.Kataoka et al., J. Am. Chem. Soc. 137, 4158 (2015)",226.03177123016334,Sn,Cl,1,3,3,1,10,0,0,Propylammonium
0571,6.79593149391,5.25097190204,8.09048662334,92.6211722986,120.208101266,66.7905021791,Propylammonium Tin Chloride,18,"S.Kataoka et al., J. Am. Chem. Soc. 137, 4158 (2015)",225.04319520430892,Sn,Cl,1,3,3,1,10,0,0,Propylammonium
0572,5.95472969165,5.82518862819,9.56618833677,63.8083711236,128.641316777,95.7827221756,Propylammonium Tin Chloride,18,"S.Kataoka et al., J. Am. Chem. Soc. 137, 4158 (2015)",225.21384910242614,Sn,Cl,1,3,3,1,10,0,0,Propylammonium
0573,7.51136865223,5.98033666772,6.14627887682,80.0320523618,106.852390387,107.651439944,Butylammonium Tin Chloride,21,"H. Hu et al., Sci. Rep. 6, 33546 (2016)",250.69556237911007,Sn,Cl,1,3,4,1,12,0,0,Butylammonium
0574,6.20806715964,7.17471000927,6.07661739749,79.0084529914,96.6975293204,111.355905201,Butylammonium Tin Chloride,21,"H. Hu et al., Sci. Rep. 6, 33546 (2016)",247.12051156130514,Sn,Cl,1,3,4,1,12,0,0,Butylammonium
0575,6.29357653224,5.84263456936,7.58811245619,70.8945534025,85.1929643703,90.0057833414,Butylammonium Tin Chloride,21,"H. Hu et al., Sci. Rep. 6, 33546 (2016)",262.6141020772225,Sn,Cl,1,3,4,1,12,0,0,Butylammonium
0576,6.54129083703,5.90958318295,5.88414317531,82.1016002432,84.6608830073,90.0685262261,Isopropylammonium Tin Chloride,18,"C.C.Stoumpos et al., J. Am. Chem. Soc. 137, 6804 (2015)",224.30134072681517,Sn,Cl,1,3,3,1,10,0,0,Isopropylammonium
0577,5.80728051457,6.32823696211,6.15694312599,88.3220674648,95.9904003525,79.272883481,Isopropylammonium Tin Chloride,18,"C.C.Stoumpos et al., J. Am. Chem. Soc. 137, 6804 (2015)",220.82387390169978,Sn,Cl,1,3,3,1,10,0,0,Isopropylammonium
0578,6.20591880976,6.1797666318,5.94878685131,77.94324739,83.1449265317,90.73378084,Isopropylammonium Tin Chloride,18,"C.C.Stoumpos et al., J. Am. Chem. Soc. 137, 6804 (2015)",221.34779706922978,Sn,Cl,1,3,3,1,10,0,0,Isopropylammonium
0579,5.82073783858,5.76803583382,6.63065151718,94.1478888063,91.5337944027,83.1073182597,Isopropylammonium Tin Chloride,18,"C.C.Stoumpos et al., J. Am. Chem. Soc. 137, 6804 (2015)",220.39437168063105,Sn,Cl,1,3,3,1,10,0,0,Isopropylammonium
0580,7.17120593688,4.83742679551,7.51226129451,108.244528928,95.2511933726,100.790149933,Isopropylammonium Tin Chloride,18,"C.C.Stoumpos et al., J. Am. Chem. Soc. 137, 6804 (2015)",239.95630495049764,Sn,Cl,1,3,3,1,10,0,0,Isopropylammonium
0581,8.32937168631,4.78125225952,6.55692877115,113.697363191,77.3323208218,106.47823633,Propylammonium Tin Chloride,18,"S.Kataoka et al., J. Am. Chem. Soc. 137, 4158 (2015)",227.63508142380022,Sn,Cl,1,3,3,1,10,0,0,Propylammonium
0582,6.01207107468,5.02016135024,8.64247400363,108.931606993,91.218468435,115.083996235,Isopropylammonium Tin Chloride,18,"C.C.Stoumpos et al., J. Am. Chem. Soc. 137, 6804 (2015)",219.5902857902051,Sn,Cl,1,3,3,1,10,0,0,Isopropylammonium
0583,7.75935474323,4.30565040654,7.16940668769,76.5405987972,79.1316526437,90.9139141872,Isopropylammonium Tin Chloride,18,"C.C.Stoumpos et al., J. Am. Chem. Soc. 137, 6804 (2015)",228.31698934818493,Sn,Cl,1,3,3,1,10,0,0,Isopropylammonium
0584,6.16753345207,4.29036197265,8.63079102718,82.6695749701,83.5456310204,96.8618654369,Isopropylammonium Tin Chloride,18,"C.C.Stoumpos et al., J. Am. Chem. Soc. 137, 6804 (2015)",222.9921543392261,Sn,Cl,1,3,3,1,10,0,0,Isopropylammonium
0585,5.93146119679,6.04958137399,5.83799444778,85.0144181058,97.5366061297,102.526557325,Dimethylammonium Tin Chloride,15,"B.Saparov et al., Chem. Rev. 116, 4558 (2016)",202.36048545692097,Sn,Cl,1,3,2,1,8,0,0,Dimethylammonium
0586,5.98798558765,5.94464874914,5.87017511875,84.9510240811,103.744449005,98.2143505265,Dimethylammonium Tin Chloride,15,"B.Saparov et al., Chem. Rev. 116, 4558 (2016)",200.5737637303785,Sn,Cl,1,3,2,1,8,0,0,Dimethylammonium
0587,5.97226209462,5.94289964652,5.9154372597,79.5102348152,101.504284616,97.5849902504,Dimethylammonium Tin Chloride,15,"B.Saparov et al., Chem. Rev. 116, 4558 (2016)",201.29757791015555,Sn,Cl,1,3,2,1,8,0,0,Dimethylammonium
0588,5.92524476052,4.25492555363,8.14373961545,88.6276523966,81.7270105252,81.0756483085,Dimethylammonium Tin Chloride,15,"B.Saparov et al., Chem. Rev. 116, 4558 (2016)",200.7191600939783,Sn,Cl,1,3,2,1,8,0,0,Dimethylammonium
0589,5.91999816781,4.26508495593,8.14209158437,91.1246082338,81.8320296575,99.4448298646,Dimethylammonium Tin Chloride,15,"B.Saparov et al., Chem. Rev. 116, 4558 (2016)",200.7365920839953,Sn,Cl,1,3,2,1,8,0,0,Dimethylammonium
0590,5.93250665482,4.27253685605,8.11157439677,91.4459761054,82.1837152743,99.1061262965,Dimethylammonium Tin Chloride,15,"B.Saparov et al., Chem. Rev. 116, 4558 (2016)",201.12406840273067,Sn,Cl,1,3,2,1,8,0,0,Dimethylammonium
0591,8.04872882981,4.27065312684,6.83445770758,120.786539814,93.8799388214,93.2072067822,Dimethylammonium Tin Chloride,15,"B.Saparov et al., Chem. Rev. 116, 4558 (2016)",200.2275880801008,Sn,Cl,1,3,2,1,8,0,0,Dimethylammonium
0592,5.88448833592,4.34728950712,7.85531041475,81.9987462532,85.3666019727,83.4051247038,Dimethylammonium Tin Chloride,15,"B.Saparov et al., Chem. Rev. 116, 4558 (2016)",197.2489424808388,Sn,Cl,1,3,2,1,8,0,0,Dimethylammonium
0593,5.90200573202,6.00840882982,6.02531528493,87.6061830523,102.599120407,78.3288133588,Acetamidinium Tin Chloride,15,"C.C.Stoumpos et al., J. Am. Chem. Soc. 137, 6804 (2015)",203.38496465028143,Sn,Cl,1,3,2,2,7,0,0,Acetamidinium
0594,5.88955158369,6.05447042054,6.04405338481,92.3836650657,102.045253023,102.490400301,Acetamidinium Tin Chloride,15,"C.C.Stoumpos et al., J. Am. Chem. Soc. 137, 6804 (2015)",204.93536030634374,Sn,Cl,1,3,2,2,7,0,0,Acetamidinium
0595,5.99461637822,6.0062325509,5.89624854972,83.5533458492,102.925280998,90.9767519103,Acetamidinium Tin Chloride,15,"C.C.Stoumpos et al., J. Am. Chem. Soc. 137, 6804 (2015)",205.60028506034655,Sn,Cl,1,3,2,2,7,0,0,Acetamidinium
0596,6.00236983208,4.2029631074,8.15821221511,89.4698093788,96.1122955222,102.36060065,Acetamidinium Tin Chloride,15,"C.C.Stoumpos et al., J. Am. Chem. Soc. 137, 6804 (2015)",199.88011094406255,Sn,Cl,1,3,2,2,7,0,0,Acetamidinium
0597,8.13753399914,4.2093124283,6.00745923317,102.421422035,83.8185912095,90.5231099909,Acetamidinium Tin Chloride,15,"C.C.Stoumpos et al., J. Am. Chem. Soc. 137, 6804 (2015)",199.76997030840138,Sn,Cl,1,3,2,2,7,0,0,Acetamidinium
0598,5.97984922108,4.11798715508,8.95919968342,109.178409766,80.4088840078,91.9707814762,Acetamidinium Tin Chloride,15,"C.C.Stoumpos et al., J. Am. Chem. Soc. 137, 6804 (2015)",205.4136968861496,Sn,Cl,1,3,2,2,7,0,0,Acetamidinium
0599,5.71505039197,5.63179082788,5.75915126404,90.0467667444,95.4672284879,89.9056067021,Methylammonium Tin Chloride,12,"T.D.Huan et al., Phys. Rev. B 93,094105(2016)",184.5203227949167,Sn,Cl,1,3,1,1,6,0,0,Methylammonium
0600,5.70716436254,5.66996671633,5.77402605594,87.0868783196,83.8822565927,92.603325912,Methylammonium Tin Chloride,12,"T.D.Huan et al., Phys. Rev. B 93,094105(2016)",185.296750026159,Sn,Cl,1,3,1,1,6,0,0,Methylammonium
0601,5.84585527052,4.23218943318,7.521735657,99.9051817004,79.4737724411,93.3776908613,Methylammonium Tin Chloride,12,"T.D.Huan et al., Phys. Rev. B 93,094105(2016)",180.1619135687138,Sn,Cl,1,3,1,1,6,0,0,Methylammonium
0602,6.06519825555,4.26195991659,7.71073860442,106.569604804,85.3501561155,73.5280790758,Methylammonium Tin Chloride,12,"T.D.Huan et al., Phys. Rev. B 93,094105(2016)",180.336739221699,Sn,Cl,1,3,1,1,6,0,0,Methylammonium
0603,7.66145199899,4.13374921191,5.67221420915,82.643711997,93.7999698128,90.3511555435,Methylammonium Tin Chloride,12,"T.D.Huan et al., Phys. Rev. B 93,094105(2016)",177.77117537867724,Sn,Cl,1,3,1,1,6,0,0,Methylammonium
0604,7.19120173686,4.53789421229,7.26149006626,51.5013765981,100.109636989,103.457841659,Methylammonium Tin Chloride,12,"T.D.Huan et al., Phys. Rev. B 93,094105(2016)",180.2145086913841,Sn,Cl,1,3,1,1,6,0,0,Methylammonium
0605,5.84553607493,5.86428900353,5.86382222898,97.8880477824,96.5798932916,96.3540877212,Guanidinium Tin Chloride,14,"B.Saparov et al., Chem. Rev. 116, 4558 (2016)",196.1592331807428,Sn,Cl,1,3,1,3,6,0,0,Guanidinium
0606,9.01221086603,4.10211310355,5.96310725049,77.1169969874,96.6036493057,117.104658641,Guanidinium Tin Chloride,14,"B.Saparov et al., Chem. Rev. 116, 4558 (2016)",191.2771856515486,Sn,Cl,1,3,1,3,6,0,0,Guanidinium
0607,5.62675677545,5.64861762358,5.56129871013,109.630910907,93.5783156184,81.0785195603,Hydroxylammonium Tin Chloride,10,"G.Kieslich et al., Chem. Sci. 6, 3430 (2015)",164.4589574691118,Sn,Cl,1,3,0,1,4,0,1,Hydroxylammonium
0608,5.72784574419,4.26839143277,7.02752807153,107.934823042,84.1936554332,92.3615737464,Hydroxylammonium Tin Chloride,10,"G.Kieslich et al., Chem. Sci. 6, 3430 (2015)",162.6171346104702,Sn,Cl,1,3,0,1,4,0,1,Hydroxylammonium
0609,5.62416446157,4.08693110715,7.22582148869,105.217288878,80.1514821134,95.5786107633,Hydroxylammonium Tin Chloride,10,"G.Kieslich et al., Chem. Sci. 6, 3430 (2015)",157.6650728080231,Sn,Cl,1,3,0,1,4,0,1,Hydroxylammonium
0610,7.06699494745,4.17988416674,5.60199406428,85.5555170216,79.8456102082,75.4942501939,Hydroxylammonium Tin Chloride,10,"G.Kieslich et al., Chem. Sci. 6, 3430 (2015)",157.5976087931329,Sn,Cl,1,3,0,1,4,0,1,Hydroxylammonium
0611,5.81135229523,4.23379925392,6.83139438878,106.411211814,86.7745496274,87.2998612025,Hydroxylammonium Tin Chloride,10,"G.Kieslich et al., Chem. Sci. 6, 3430 (2015)",160.62837093857743,Sn,Cl,1,3,0,1,4,0,1,Hydroxylammonium
0612,7.29148392543,4.09176436343,5.63745213488,84.07379826,96.582285991,72.7906003974,Hydroxylammonium Tin Chloride,10,"G.Kieslich et al., Chem. Sci. 6, 3430 (2015)",157.92836806634475,Sn,Cl,1,3,0,1,4,0,1,Hydroxylammonium
0613,5.77047085983,5.75947393893,5.71598201352,79.0205302978,81.8264239405,84.6485744149,Formamidinium Tin Chloride,12,"T.D.Huan et al., Phys. Rev. B 93,094105(2016)",184.1695375046387,Sn,Cl,1,3,1,2,5,0,0,Formamidinium
0614,5.73196062977,5.76225969574,5.72832796812,91.9679980856,104.448976066,93.0069875322,Formamidinium Tin Chloride,12,"T.D.Huan et al., Phys. Rev. B 93,094105(2016)",182.74434779882134,Sn,Cl,1,3,1,2,5,0,0,Formamidinium
0615,5.72738065568,5.93625655528,5.93526227819,101.55796695,100.043340319,73.0803277397,Formamidinium Tin Chloride,12,"T.D.Huan et al., Phys. Rev. B 93,094105(2016)",187.68836280885094,Sn,Cl,1,3,1,2,5,0,0,Formamidinium
0616,6.21810654382,6.22615619811,6.30068902005,91.2341678158,90.7183017056,89.4462833498,Tetramethylammonium Tin Chloride,21,"B.Saparov et al., Chem. Rev. 116, 4558 (2016)",243.844042699384,Sn,Cl,1,3,4,1,12,0,0,Tetramethylammonium
0617,6.23410384207,6.41309702983,6.17205122469,90.3330442419,86.8428909547,89.4454044924,Tetramethylammonium Tin Chloride,21,"B.Saparov et al., Chem. Rev. 116, 4558 (2016)",246.36703999002103,Sn,Cl,1,3,4,1,12,0,0,Tetramethylammonium
0618,6.65533922887,5.17873459345,7.34128354411,89.7973187163,89.8068250965,85.9348635173,Tetramethylammonium Tin Chloride,21,"B.Saparov et al., Chem. Rev. 116, 4558 (2016)",252.38700476121838,Sn,Cl,1,3,4,1,12,0,0,Tetramethylammonium
0619,5.73894520065,5.54283585233,5.65891481926,93.1739294941,84.1173251788,87.0564669033,Hydrazinium Tin Chloride,11,"B.Saparov et al., Chem. Rev. 116, 4558 (2016)",178.49268325965141,Sn,Cl,1,3,0,2,5,0,0,Hydrazinium
0620,3.99536174659,5.91685558169,7.45665288029,94.7646567874,108.445630884,87.7469348221,Hydrazinium Tin Chloride,11,"B.Saparov et al., Chem. Rev. 116, 4558 (2016)",166.62516592885066,Sn,Cl,1,3,0,2,5,0,0,Hydrazinium
0621,8.68911561417,5.58207915826,5.73718353777,112.039762327,43.274487434,118.23904456,Hydrazinium Tin Chloride,11,"B.Saparov et al., Chem. Rev. 116, 4558 (2016)",167.83274974349007,Sn,Cl,1,3,0,2,5,0,0,Hydrazinium
0622,3.94890776141,5.99001769875,7.73368152324,81.0866396171,108.500262676,111.102363086,Hydrazinium Tin Chloride,11,"B.Saparov et al., Chem. Rev. 116, 4558 (2016)",161.6740836818456,Sn,Cl,1,3,0,2,5,0,0,Hydrazinium
0623,7.01012714899,5.76999007869,4.31480723532,92.1678045988,73.0761575968,88.1906219777,Hydrazinium Tin Chloride,11,"B.Saparov et al., Chem. Rev. 116, 4558 (2016)",166.68346189786635,Sn,Cl,1,3,0,2,5,0,0,Hydrazinium
0624,7.01845724431,5.75966704187,4.32278811047,88.2642098664,72.8848356997,92.0124175404,Hydrazinium Tin Chloride,11,"B.Saparov et al., Chem. Rev. 116, 4558 (2016)",166.7517194177293,Sn,Cl,1,3,0,2,5,0,0,Hydrazinium
0625,7.66440533151,3.94618614718,5.77585958132,94.6102527226,90.7056745429,72.7986937636,Hydrazinium Tin Chloride,11,"B.Saparov et al., Chem. Rev. 116, 4558 (2016)",166.3262046411118,Sn,Cl,1,3,0,2,5,0,0,Hydrazinium
0626,7.23572716347,4.27671367731,5.71659910685,92.8442493799,103.799639038,76.7256659991,Hydrazinium Tin Chloride,11,"B.Saparov et al., Chem. Rev. 116, 4558 (2016)",167.20229126421654,Sn,Cl,1,3,0,2,5,0,0,Hydrazinium
0627,7.43533889691,5.45963900193,4.41078818363,90.0095519776,106.876510259,76.0077253741,Hydrazinium Tin Chloride,11,"B.Saparov et al., Chem. Rev. 116, 4558 (2016)",165.78391864071565,Sn,Cl,1,3,0,2,5,0,0,Hydrazinium
0628,7.70295489497,3.92628014956,5.64915958761,89.3725816539,89.7361597318,78.2220230999,Hydrazinium Tin Chloride,11,"B.Saparov et al., Chem. Rev. 116, 4558 (2016)",167.24528054768894,Sn,Cl,1,3,0,2,5,0,0,Hydrazinium
0629,5.93783528379,4.00015856169,7.47396373301,101.698131734,93.5963960908,68.5038451821,Hydrazinium Tin Chloride,11,"B.Saparov et al., Chem. Rev. 116, 4558 (2016)",161.7317021071879,Sn,Cl,1,3,0,2,5,0,0,Hydrazinium
0630,7.04006792048,5.70369415556,4.2997036854,68.3314070776,107.270281686,102.101424175,Ammonium Tin Chloride,9,"T.D.Huan et al., Phys. Rev. B 93,094105(2016)",152.24125879880418,Sn,Cl,1,3,0,1,4,0,0,Ammonium
0631,5.64229350452,5.64495476355,5.65206238749,83.3075676425,83.2796141914,83.417151562,Ammonium Tin Chloride,9,"T.D.Huan et al., Phys. Rev. B 93,094105(2016)",176.63244999062562,Sn,Cl,1,3,0,1,4,0,0,Ammonium
0632,7.03753139336,5.70322280827,4.30277215937,111.660760116,107.275052576,77.8920896043,Ammonium Tin Chloride,9,"T.D.Huan et al., Phys. Rev. B 93,094105(2016)",152.2844774337754,Sn,Cl,1,3,0,1,4,0,0,Ammonium
0633,4.30015066107,5.70548002019,7.03658929881,77.8786150901,72.6978555196,68.2991721168,Ammonium Tin Chloride,9,"T.D.Huan et al., Phys. Rev. B 93,094105(2016)",152.1685488585737,Sn,Cl,1,3,0,1,4,0,0,Ammonium
0634,5.87619508457,6.14972417319,6.2869891358,86.2328305193,88.6225102623,100.522933955,Trimethylammonium Tin Chloride,18,"A. Mancini et al., J. Solid State Chem. 240, 55 (2016)",222.73875967778895,Sn,Cl,1,3,3,1,10,0,0,Trimethylammonium
0635,5.86120976503,6.10222984196,6.35869438845,88.7888434243,90.6486971396,101.897716203,Trimethylammonium Tin Chloride,18,"A. Mancini et al., J. Solid State Chem. 240, 55 (2016)",222.4867757439117,Sn,Cl,1,3,3,1,10,0,0,Trimethylammonium
0636,5.92196057535,6.11605570333,6.25092337129,97.8742495893,87.2749035263,82.9556966232,Trimethylammonium Tin Chloride,18,"A. Mancini et al., J. Solid State Chem. 240, 55 (2016)",222.09761401375425,Sn,Cl,1,3,3,1,10,0,0,Trimethylammonium
0637,6.25629249351,6.22933240989,5.96255069628,94.4695243089,93.3729960082,102.686256558,Trimethylammonium Tin Chloride,18,"A. Mancini et al., J. Solid State Chem. 240, 55 (2016)",225.32317192373623,Sn,Cl,1,3,3,1,10,0,0,Trimethylammonium
0638,5.96131094353,6.23227333975,6.25119180287,77.2886351299,85.8804168587,93.5703693704,Trimethylammonium Tin Chloride,18,"A. Mancini et al., J. Solid State Chem. 240, 55 (2016)",225.241175811279,Sn,Cl,1,3,3,1,10,0,0,Trimethylammonium
0639,6.16608835185,6.21276726924,6.16956038062,96.4024248242,98.284260922,96.2206718749,Trimethylammonium Tin Chloride,18,"A. Mancini et al., J. Solid State Chem. 240, 55 (2016)",230.55367807550448,Sn,Cl,1,3,3,1,10,0,0,Trimethylammonium
0640,5.96938425089,6.16669732202,6.12288024879,96.0258348915,81.5631656397,85.9564531621,Trimethylammonium Tin Chloride,18,"A. Mancini et al., J. Solid State Chem. 240, 55 (2016)",220.87340066953064,Sn,Cl,1,3,3,1,10,0,0,Trimethylammonium
0641,4.82918584251,7.4128749705,6.84031364168,101.608990613,77.4936611785,89.1018273559,Trimethylammonium Tin Chloride,18,"A. Mancini et al., J. Solid State Chem. 240, 55 (2016)",233.720096462958,Sn,Cl,1,3,3,1,10,0,0,Trimethylammonium
0642,8.15453921453,4.91473644612,5.8771027442,100.688240692,96.4106260225,91.630571552,Trimethylammonium Tin Chloride,18,"A. Mancini et al., J. Solid State Chem. 240, 55 (2016)",229.7137676982987,Sn,Cl,1,3,3,1,10,0,0,Trimethylammonium
0643,6.21546669271,4.82281804477,7.71860351122,91.1913183944,92.6172612856,75.0218250445,Trimethylammonium Tin Chloride,18,"A. Mancini et al., J. Solid State Chem. 240, 55 (2016)",223.26945664663617,Sn,Cl,1,3,3,1,10,0,0,Trimethylammonium
0644,6.049883313,5.90345252589,5.90021771395,90.2184953738,89.9647415261,86.5361901722,Azetidinium Tin Chloride,16,"B. Zhou et al., Angew. Chem. Int. Ed. 50, 11441 (2011)",210.3408790343792,Sn,Cl,1,3,3,1,8,0,0,Azetidinium
0645,5.95632577541,5.92775807283,5.95961506094,92.7556101702,85.7737661259,90.8881234149,Azetidinium Tin Chloride,16,"B. Zhou et al., Angew. Chem. Int. Ed. 50, 11441 (2011)",209.5901339873727,Sn,Cl,1,3,3,1,8,0,0,Azetidinium
0646,5.91383858315,6.01184637924,5.93105991952,94.8106690364,92.5133601031,97.7520697218,Azetidinium Tin Chloride,16,"B. Zhou et al., Angew. Chem. Int. Ed. 50, 11441 (2011)",207.87914172597468,Sn,Cl,1,3,3,1,8,0,0,Azetidinium
0647,5.92754523064,5.93558852597,5.94079317999,85.5680456254,82.0168175153,94.8322259443,Azetidinium Tin Chloride,16,"B. Zhou et al., Angew. Chem. Int. Ed. 50, 11441 (2011)",205.41624984936746,Sn,Cl,1,3,3,1,8,0,0,Azetidinium
0648,7.94142216162,5.96329891828,4.68942846851,100.822324851,79.0672029264,89.7899767321,Azetidinium Tin Chloride,16,"B. Zhou et al., Angew. Chem. Int. Ed. 50, 11441 (2011)",213.9911325530906,Sn,Cl,1,3,3,1,8,0,0,Azetidinium
0649,8.00846463244,5.808830272,4.66770471645,93.0883214695,84.3117190062,86.3888874931,Azetidinium Tin Chloride,16,"B. Zhou et al., Angew. Chem. Int. Ed. 50, 11441 (2011)",215.2470295892421,Sn,Cl,1,3,3,1,8,0,0,Azetidinium
0650,7.87747371531,5.84215377755,4.68030660867,88.4225527915,94.6786159652,84.0542702332,Azetidinium Tin Chloride,16,"B. Zhou et al., Angew. Chem. Int. Ed. 50, 11441 (2011)",213.3810761903778,Sn,Cl,1,3,3,1,8,0,0,Azetidinium
0651,5.88630335613,4.21606674625,8.35981924536,85.2436840613,89.7840255166,98.0735637878,Azetidinium Tin Chloride,16,"B. Zhou et al., Angew. Chem. Int. Ed. 50, 11441 (2011)",204.67740921888287,Sn,Cl,1,3,3,1,8,0,0,Azetidinium
0652,8.42250896575,4.27077200607,6.18530255707,71.0771368642,93.2674629356,101.174991429,Azetidinium Tin Chloride,16,"B. Zhou et al., Angew. Chem. Int. Ed. 50, 11441 (2011)",206.4703877207334,Sn,Cl,1,3,3,1,8,0,0,Azetidinium
0653,6.14048390566,4.26051085776,8.66074285637,106.983579781,95.5378040035,71.9418842988,Azetidinium Tin Chloride,16,"B. Zhou et al., Angew. Chem. Int. Ed. 50, 11441 (2011)",206.0190558779007,Sn,Cl,1,3,3,1,8,0,0,Azetidinium
0654,8.45665838878,4.27247642433,6.1379082585,108.069515109,93.2851330342,78.2590454066,Azetidinium Tin Chloride,16,"B. Zhou et al., Angew. Chem. Int. Ed. 50, 11441 (2011)",206.41548669255343,Sn,Cl,1,3,3,1,8,0,0,Azetidinium
0655,6.05103844454,4.29250686487,8.51242558923,103.440877321,86.760557641,105.631412878,Azetidinium Tin Chloride,16,"B. Zhou et al., Angew. Chem. Int. Ed. 50, 11441 (2011)",207.08892192853722,Sn,Cl,1,3,3,1,8,0,0,Azetidinium
0656,8.41953738626,4.28888178719,6.15539741218,71.3078332204,93.2803834102,101.328875785,Azetidinium Tin Chloride,16,"B. Zhou et al., Angew. Chem. Int. Ed. 50, 11441 (2011)",206.4434987177936,Sn,Cl,1,3,3,1,8,0,0,Azetidinium
0657,5.99913778785,4.26012222822,8.59230999723,76.4163201065,93.2911159634,103.739646582,Azetidinium Tin Chloride,16,"B. Zhou et al., Angew. Chem. Int. Ed. 50, 11441 (2011)",207.34345570205028,Sn,Cl,1,3,3,1,8,0,0,Azetidinium
0658,4.19099069425,5.77974441337,8.51246035796,91.594090745,89.7044348675,96.2937002066,Azetidinium Tin Chloride,16,"B. Zhou et al., Angew. Chem. Int. Ed. 50, 11441 (2011)",204.87357199776486,Sn,Cl,1,3,3,1,8,0,0,Azetidinium
0659,7.76562385707,6.1656218682,4.69973551268,83.4455415003,83.9536740814,82.8868767946,Azetidinium Tin Chloride,16,"B. Zhou et al., Angew. Chem. Int. Ed. 50, 11441 (2011)",220.8802659627768,Sn,Cl,1,3,3,1,8,0,0,Azetidinium
0660,7.83221774321,5.98767206426,4.81971313717,85.2241312538,85.9676200618,79.0439938644,Azetidinium Tin Chloride,16,"B. Zhou et al., Angew. Chem. Int. Ed. 50, 11441 (2011)",220.795358235837,Sn,Cl,1,3,3,1,8,0,0,Azetidinium
0661,5.72470469315,6.6311179303,5.76970073978,90.7090234482,78.8116028357,90.2858114435,Imidazolium Tin Chloride,14,"B.Saparov et al., Chem. Rev. 116, 4558 (2016)",214.8448375762701,Sn,Cl,1,3,3,2,5,0,0,Imidazolium
0662,5.92961939994,6.18620810445,5.85205783722,98.105756227,80.5353619295,82.6185779186,Imidazolium Tin Chloride,14,"B.Saparov et al., Chem. Rev. 116, 4558 (2016)",207.08330726844454,Sn,Cl,1,3,3,2,5,0,0,Imidazolium
0663,6.17002744618,5.9133657973,5.96420241545,78.3794424084,85.5062719175,96.5673404251,Imidazolium Tin Chloride,14,"B.Saparov et al., Chem. Rev. 116, 4558 (2016)",210.5962081334779,Sn,Cl,1,3,3,2,5,0,0,Imidazolium
0664,5.99294557907,5.91137954045,6.11688134312,97.1125314221,95.7040046237,100.208605239,Imidazolium Tin Chloride,14,"B.Saparov et al., Chem. Rev. 116, 4558 (2016)",209.98874392460417,Sn,Cl,1,3,3,2,5,0,0,Imidazolium
0665,5.72683878017,4.02671215381,9.10900232044,88.4863888335,87.5758968949,79.0676407517,Imidazolium Tin Chloride,14,"B.Saparov et al., Chem. Rev. 116, 4558 (2016)",206.02366704897543,Sn,Cl,1,3,3,2,5,0,0,Imidazolium
0666,9.83377447811,4.02572538266,5.72472099126,79.2212071202,87.5355310836,67.8118821313,Imidazolium Tin Chloride,14,"B.Saparov et al., Chem. Rev. 116, 4558 (2016)",206.05088219315368,Sn,Cl,1,3,3,2,5,0,0,Imidazolium
0667,8.85601475345,4.07318447211,5.81587896589,100.761685353,94.9622821069,90.3467005072,Imidazolium Tin Chloride,14,"B.Saparov et al., Chem. Rev. 116, 4558 (2016)",205.27636339296328,Sn,Cl,1,3,3,2,5,0,0,Imidazolium
0668,5.7248935112,4.0255567912,9.11140447141,91.4359303772,87.4074106651,100.491460227,Imidazolium Tin Chloride,14,"B.Saparov et al., Chem. Rev. 116, 4558 (2016)",206.22834356096237,Sn,Cl,1,3,3,2,5,0,0,Imidazolium
0669,6.07588807048,6.05378683258,6.31743422954,80.931929929,89.4952579353,95.3252294052,Ethylammonium Tin Bromide,15,"B.Saparov et al., Chem. Rev. 116, 4558 (2016)",228.40920220029423,Sn,Br,1,3,2,1,8,0,0,Ethylammonium
0670,6.25161350132,5.9758202101,6.25037946003,85.3010762846,79.4387852533,86.3990393521,Ethylammonium Tin Bromide,15,"B.Saparov et al., Chem. Rev. 116, 4558 (2016)",228.50537803072564,Sn,Br,1,3,2,1,8,0,0,Ethylammonium
0671,6.087954783,4.2858837504,8.8819639509,97.4113608287,91.3748336809,97.1976709501,Ethylammonium Tin Bromide,15,"B.Saparov et al., Chem. Rev. 116, 4558 (2016)",227.8134608396877,Sn,Br,1,3,2,1,8,0,0,Ethylammonium
0672,8.50263019125,4.38907653094,6.18559959943,80.1678263775,93.0609376434,87.7753579036,Ethylammonium Tin Bromide,15,"B.Saparov et al., Chem. Rev. 116, 4558 (2016)",226.85377095215264,Sn,Br,1,3,2,1,8,0,0,Ethylammonium
0673,6.26124350216,4.43051107165,8.39394711738,94.6595664539,97.8501862125,95.1681533277,Ethylammonium Tin Bromide,15,"B.Saparov et al., Chem. Rev. 116, 4558 (2016)",228.69761576344217,Sn,Br,1,3,2,1,8,0,0,Ethylammonium
0674,6.14862857252,4.38647856059,9.49286488628,64.3091198683,97.494459484,100.253733968,Ethylammonium Tin Bromide,15,"B.Saparov et al., Chem. Rev. 116, 4558 (2016)",226.6260844842358,Sn,Br,1,3,2,1,8,0,0,Ethylammonium
0675,6.79770509039,4.64201715545,7.76495935137,109.269743395,89.4049828916,85.9246517133,Ethylammonium Tin Bromide,15,"B.Saparov et al., Chem. Rev. 116, 4558 (2016)",230.5625405481873,Sn,Br,1,3,2,1,8,0,0,Ethylammonium
0676,5.813563534,4.20789395918,9.40402285939,92.9393405246,84.2074095872,96.0025129134,Ethylammonium Tin Bromide,15,"B.Saparov et al., Chem. Rev. 116, 4558 (2016)",227.42686673434687,Sn,Br,1,3,2,1,8,0,0,Ethylammonium
0677,6.11301489637,4.44943751032,8.46798989682,90.5952638184,86.8292048828,78.5063558833,Ethylammonium Tin Bromide,15,"B.Saparov et al., Chem. Rev. 116, 4558 (2016)",225.3066570340109,Sn,Br,1,3,2,1,8,0,0,Ethylammonium
0678,8.81226581094,4.27142725074,5.8242499262,89.0216757224,89.99196726,91.0918249818,Ethylammonium Tin Bromide,15,"B.Saparov et al., Chem. Rev. 116, 4558 (2016)",219.15853455415353,Sn,Br,1,3,2,1,8,0,0,Ethylammonium
0679,11.0178161249,4.68943131116,4.48637599107,90.0948795133,90.0037093538,84.6590415265,Ethylammonium Tin Bromide,15,"B.Saparov et al., Chem. Rev. 116, 4558 (2016)",230.79220522773835,Sn,Br,1,3,2,1,8,0,0,Ethylammonium
0680,9.5018840273,4.60256591899,5.71880485926,83.3921811426,99.9667078846,112.231140281,Ethylammonium Tin Bromide,15,"B.Saparov et al., Chem. Rev. 116, 4558 (2016)",227.67815604749634,Sn,Br,1,3,2,1,8,0,0,Ethylammonium
0681,6.23936337224,6.23301475959,6.9752964184,74.1533814394,88.627203366,86.2539588534,Propylammonium Tin Bromide,18,"S.Kataoka et al., J. Am. Chem. Soc. 137, 4158 (2015)",260.3974472251889,Sn,Br,1,3,3,1,10,0,0,Propylammonium
0682,6.10876477478,6.14611197176,7.21826947458,104.296145667,82.2065413643,87.9112812347,Propylammonium Tin Bromide,18,"S.Kataoka et al., J. Am. Chem. Soc. 137, 4158 (2015)",259.5015760474594,Sn,Br,1,3,3,1,10,0,0,Propylammonium
0683,6.1204603085,6.15026228157,7.26201330226,103.717948441,79.9848917286,91.2274838169,Propylammonium Tin Bromide,18,"S.Kataoka et al., J. Am. Chem. Soc. 137, 4158 (2015)",261.4594689043185,Sn,Br,1,3,3,1,10,0,0,Propylammonium
0684,6.38259925947,6.13328938836,6.44055350866,97.7249631037,81.2515408629,96.1210947179,Propylammonium Tin Bromide,18,"S.Kataoka et al., J. Am. Chem. Soc. 137, 4158 (2015)",245.97129668216272,Sn,Br,1,3,3,1,10,0,0,Propylammonium
0685,6.43867584127,6.336896459,6.30038382112,77.6692286699,89.6266156796,82.8353766033,Propylammonium Tin Bromide,18,"S.Kataoka et al., J. Am. Chem. Soc. 137, 4158 (2015)",249.11862337309745,Sn,Br,1,3,3,1,10,0,0,Propylammonium
0686,6.37555248272,6.11892963696,6.4513225381,82.3526272991,81.1483283248,83.4625349249,Propylammonium Tin Bromide,18,"S.Kataoka et al., J. Am. Chem. Soc. 137, 4158 (2015)",245.3439625678881,Sn,Br,1,3,3,1,10,0,0,Propylammonium
0687,8.05712677262,4.52661406531,7.49729981605,76.6584474954,83.391013568,74.8201542495,Propylammonium Tin Bromide,18,"S.Kataoka et al., J. Am. Chem. Soc. 137, 4158 (2015)",256.3395612562853,Sn,Br,1,3,3,1,10,0,0,Propylammonium
0688,7.52369770112,5.04862965298,8.78616724757,85.8117726848,122.146500615,114.156664554,Propylammonium Tin Bromide,18,"S.Kataoka et al., J. Am. Chem. Soc. 137, 4158 (2015)",253.2631785587069,Sn,Br,1,3,3,1,10,0,0,Propylammonium
0689,7.56124694379,4.90248364901,9.03658987272,85.6414172347,122.690057491,114.581023601,Propylammonium Tin Bromide,18,"S.Kataoka et al., J. Am. Chem. Soc. 137, 4158 (2015)",251.4849691217259,Sn,Br,1,3,3,1,10,0,0,Propylammonium
0690,7.89343579444,4.74245464274,8.78368320394,100.957565224,121.941911323,65.1274398817,Propylammonium Tin Bromide,18,"S.Kataoka et al., J. Am. Chem. Soc. 137, 4158 (2015)",252.91825078077255,Sn,Br,1,3,3,1,10,0,0,Propylammonium
0691,9.20473445468,4.790275683,7.04742208418,78.5078295728,58.068801246,95.5333021622,Propylammonium Tin Bromide,18,"S.Kataoka et al., J. Am. Chem. Soc. 137, 4158 (2015)",250.71261804731074,Sn,Br,1,3,3,1,10,0,0,Propylammonium
0692,7.40396180233,5.20735519704,8.52226547249,94.2537481744,120.969145177,66.40877956,Propylammonium Tin Bromide,18,"S.Kataoka et al., J. Am. Chem. Soc. 137, 4158 (2015)",254.5339076771366,Sn,Br,1,3,3,1,10,0,0,Propylammonium
0693,6.05498337242,6.11976054196,9.66123536315,60.3200699234,123.769208178,97.1089566456,Propylammonium Tin Bromide,18,"S.Kataoka et al., J. Am. Chem. Soc. 137, 4158 (2015)",252.80348690660583,Sn,Br,1,3,3,1,10,0,0,Propylammonium
0694,7.69957668156,6.16118577478,6.38269451808,81.4040151011,105.071116654,106.613949085,Butylammonium Tin Bromide,21,"H. Hu et al., Sci. Rep. 6, 33546 (2016)",279.2404730699448,Sn,Br,1,3,4,1,12,0,0,Butylammonium
0695,6.48858626901,7.22380071353,6.35833313917,79.5474012207,96.9661547085,110.863672829,Butylammonium Tin Bromide,21,"H. Hu et al., Sci. Rep. 6, 33546 (2016)",273.3450625704888,Sn,Br,1,3,4,1,12,0,0,Butylammonium
0696,6.66651545713,5.98529414942,7.69546257602,71.2857312123,84.3975639463,90.2704211137,Butylammonium Tin Bromide,21,"H. Hu et al., Sci. Rep. 6, 33546 (2016)",289.22224358904674,Sn,Br,1,3,4,1,12,0,0,Butylammonium
0697,6.60409891081,6.20617047925,6.2544892764,81.4254825704,83.5280119357,90.4247833767,Isopropylammonium Tin Bromide,18,"C.C.Stoumpos et al., J. Am. Chem. Soc. 137, 6804 (2015)",251.79031583129492,Sn,Br,1,3,3,1,10,0,0,Isopropylammonium
0698,6.11660017757,6.4342738687,6.4539229702,88.2949412985,95.3368453156,79.8729936274,Isopropylammonium Tin Bromide,18,"C.C.Stoumpos et al., J. Am. Chem. Soc. 137, 6804 (2015)",248.6830749557477,Sn,Br,1,3,3,1,10,0,0,Isopropylammonium
0699,6.46178507167,6.35812476108,6.21407224,78.804871882,83.9236462912,90.7061134483,Isopropylammonium Tin Bromide,18,"C.C.Stoumpos et al., J. Am. Chem. Soc. 137, 6804 (2015)",248.89757183469575,Sn,Br,1,3,3,1,10,0,0,Isopropylammonium
0700,6.24653925925,6.07164866387,6.63329220672,95.520884456,92.3298012387,83.1181244183,Isopropylammonium Tin Bromide,18,"C.C.Stoumpos et al., J. Am. Chem. Soc. 137, 6804 (2015)",248.50032553288574,Sn,Br,1,3,3,1,10,0,0,Isopropylammonium
0701,7.33124018274,4.70491788055,8.24315851871,106.06885945,91.5196844479,109.264442745,Isopropylammonium Tin Bromide,18,"C.C.Stoumpos et al., J. Am. Chem. Soc. 137, 6804 (2015)",255.73704249101613,Sn,Br,1,3,3,1,10,0,0,Isopropylammonium
0702,8.26100095644,4.74025408743,7.26219142998,110.061214234,79.1984413401,105.034810797,Isopropylammonium Tin Bromide,18,"C.C.Stoumpos et al., J. Am. Chem. Soc. 137, 6804 (2015)",256.4603839531318,Sn,Br,1,3,3,1,10,0,0,Isopropylammonium
0703,7.83203600836,4.84467016753,7.66281880713,79.8914993446,77.0429663042,70.118078947,Isopropylammonium Tin Bromide,18,"C.C.Stoumpos et al., J. Am. Chem. Soc. 137, 6804 (2015)",264.8955296926572,Sn,Br,1,3,3,1,10,0,0,Isopropylammonium
0704,8.29432881284,4.65699807756,7.35243265911,108.297954725,79.3879408249,108.354994274,Isopropylammonium Tin Bromide,18,"C.C.Stoumpos et al., J. Am. Chem. Soc. 137, 6804 (2015)",254.7728208603014,Sn,Br,1,3,3,1,10,0,0,Isopropylammonium
0705,7.38851958613,4.70912169057,8.10861374571,105.299196025,90.2534152009,109.410634648,Isopropylammonium Tin Bromide,18,"C.C.Stoumpos et al., J. Am. Chem. Soc. 137, 6804 (2015)",255.34175792802768,Sn,Br,1,3,3,1,10,0,0,Isopropylammonium
0706,7.77014918746,4.43799539323,7.76607405377,76.4345349486,78.5260778884,90.0887190675,Isopropylammonium Tin Bromide,18,"C.C.Stoumpos et al., J. Am. Chem. Soc. 137, 6804 (2015)",254.8038414542064,Sn,Br,1,3,3,1,10,0,0,Isopropylammonium
0707,6.56961704163,4.38619504992,8.83910229046,84.4836573887,83.1741026488,96.6929256137,Isopropylammonium Tin Bromide,18,"C.C.Stoumpos et al., J. Am. Chem. Soc. 137, 6804 (2015)",249.60838349061063,Sn,Br,1,3,3,1,10,0,0,Isopropylammonium
0708,6.21460491776,6.21022294122,6.17675713974,80.7693608338,101.090105368,97.1922440906,Dimethylammonium Tin Bromide,15,"B.Saparov et al., Chem. Rev. 116, 4558 (2016)",229.80742348996947,Sn,Br,1,3,2,1,8,0,0,Dimethylammonium
0709,6.21613765609,6.2112430726,6.15889087524,83.6248188727,101.386355241,98.8933494044,Dimethylammonium Tin Bromide,15,"B.Saparov et al., Chem. Rev. 116, 4558 (2016)",229.51441625126435,Sn,Br,1,3,2,1,8,0,0,Dimethylammonium
0710,6.2216368347,6.22137180211,6.16477762776,80.1794540579,100.640420374,97.0461176524,Dimethylammonium Tin Bromide,15,"B.Saparov et al., Chem. Rev. 116, 4558 (2016)",230.05487699985773,Sn,Br,1,3,2,1,8,0,0,Dimethylammonium
0711,6.22891322086,6.13661653581,6.1733333262,87.4652596526,84.3772712292,77.1061946101,Dimethylammonium Tin Bromide,15,"B.Saparov et al., Chem. Rev. 116, 4558 (2016)",228.8547650231181,Sn,Br,1,3,2,1,8,0,0,Dimethylammonium
0712,6.21887939685,4.40805334404,8.43705680325,91.8678429015,83.0384185859,98.6574853398,Dimethylammonium Tin Bromide,15,"B.Saparov et al., Chem. Rev. 116, 4558 (2016)",226.94104769033154,Sn,Br,1,3,2,1,8,0,0,Dimethylammonium
0713,8.36582068621,4.40284206751,7.1537930492,120.775007037,91.9715617811,94.5621796086,Dimethylammonium Tin Bromide,15,"B.Saparov et al., Chem. Rev. 116, 4558 (2016)",224.80678935282393,Sn,Br,1,3,2,1,8,0,0,Dimethylammonium
0714,6.23003072824,4.47273454421,8.14316646464,80.6380424837,85.8942962431,82.8236250076,Dimethylammonium Tin Bromide,15,"B.Saparov et al., Chem. Rev. 116, 4558 (2016)",221.83039108718415,Sn,Br,1,3,2,1,8,0,0,Dimethylammonium
0715,6.24985453598,6.23934161566,6.24021151065,89.0577445264,100.809928169,80.1203163756,Acetamidinium Tin Bromide,15,"C.C.Stoumpos et al., J. Am. Chem. Soc. 137, 6804 (2015)",235.17678004128402,Sn,Br,1,3,2,2,7,0,0,Acetamidinium
0716,6.240393066,6.2672541521,6.26675019697,91.1113280913,100.672861232,100.962810573,Acetamidinium Tin Bromide,15,"C.C.Stoumpos et al., J. Am. Chem. Soc. 137, 6804 (2015)",236.0788853142245,Sn,Br,1,3,2,2,7,0,0,Acetamidinium
0717,6.23792565522,6.22533082919,6.18585058684,84.0813538028,101.148399145,90.4017018353,Acetamidinium Tin Bromide,15,"C.C.Stoumpos et al., J. Am. Chem. Soc. 137, 6804 (2015)",234.40619698731973,Sn,Br,1,3,2,2,7,0,0,Acetamidinium
0718,6.35707488275,4.31920197335,8.44985334717,89.7819697591,95.8718081241,102.63049241,Acetamidinium Tin Bromide,15,"C.C.Stoumpos et al., J. Am. Chem. Soc. 137, 6804 (2015)",225.16816933862168,Sn,Br,1,3,2,2,7,0,0,Acetamidinium
0719,8.43245039028,4.32553330014,6.35972846544,102.673420899,84.0462718453,90.2103425431,Acetamidinium Tin Bromide,15,"C.C.Stoumpos et al., J. Am. Chem. Soc. 137, 6804 (2015)",225.05418135679147,Sn,Br,1,3,2,2,7,0,0,Acetamidinium
0720,6.30857816422,4.27485144882,9.21794190928,108.950778624,79.4376787393,92.30331883,Acetamidinium Tin Bromide,15,"C.C.Stoumpos et al., J. Am. Chem. Soc. 137, 6804 (2015)",231.0836237148718,Sn,Br,1,3,2,2,7,0,0,Acetamidinium
0721,8.65070746147,4.05399583478,6.65864461724,86.8930508206,88.4749443364,88.8007192494,Acetamidinium Tin Bromide,15,"C.C.Stoumpos et al., J. Am. Chem. Soc. 137, 6804 (2015)",233.04794633586536,Sn,Br,1,3,2,2,7,0,0,Acetamidinium
0722,6.02468411974,5.91633088528,6.02521176237,90.0016145053,93.5223271074,89.8462824623,Methylammonium Tin Bromide,12,"T.D.Huan et al., Phys. Rev. B 93,094105(2016)",214.35632232936814,Sn,Br,1,3,1,1,6,0,0,Methylammonium
0723,5.98258926591,5.96450764847,6.06185907385,86.5300522233,85.0875604695,92.4123314656,Methylammonium Tin Bromide,12,"T.D.Huan et al., Phys. Rev. B 93,094105(2016)",214.87369676365105,Sn,Br,1,3,1,1,6,0,0,Methylammonium
0724,6.20819107588,4.39299774947,7.87729750636,101.234248073,79.5062724359,93.8243125559,Methylammonium Tin Bromide,12,"T.D.Huan et al., Phys. Rev. B 93,094105(2016)",207.08484254709438,Sn,Br,1,3,1,1,6,0,0,Methylammonium
0725,6.42636055789,4.43298723901,8.04176088124,106.432014474,85.2879842808,73.3465125129,Methylammonium Tin Bromide,12,"T.D.Huan et al., Phys. Rev. B 93,094105(2016)",207.1723820632261,Sn,Br,1,3,1,1,6,0,0,Methylammonium
0726,8.09294126169,4.30225308053,5.96083145958,85.3534382703,94.3567304552,90.2568211959,Methylammonium Tin Bromide,12,"T.D.Huan et al., Phys. Rev. B 93,094105(2016)",206.26336829071607,Sn,Br,1,3,1,1,6,0,0,Methylammonium
0727,7.64352516465,4.60496238088,7.56983954502,52.4179815126,100.045780243,105.019384659,Methylammonium Tin Bromide,12,"T.D.Huan et al., Phys. Rev. B 93,094105(2016)",203.89202719241388,Sn,Br,1,3,1,1,6,0,0,Methylammonium
0728,6.09104210202,6.13489478569,6.12870565748,97.9575715051,95.9296085144,95.6315207777,Guanidinium Tin Bromide,14,"B.Saparov et al., Chem. Rev. 116, 4558 (2016)",224.12384558854035,Sn,Br,1,3,1,3,6,0,0,Guanidinium
0729,6.04432492925,6.08459607476,6.14413827224,88.0599679292,94.5948702924,83.5826568118,Guanidinium Tin Bromide,14,"B.Saparov et al., Chem. Rev. 116, 4558 (2016)",223.61800397599512,Sn,Br,1,3,1,3,6,0,0,Guanidinium
0730,9.31642287626,4.2489816076,6.29235479915,76.1279619862,96.9866471157,117.15676382,Guanidinium Tin Bromide,14,"B.Saparov et al., Chem. Rev. 116, 4558 (2016)",215.14044581762982,Sn,Br,1,3,1,3,6,0,0,Guanidinium
0731,6.03650571322,7.71754308027,4.30644106662,105.673140709,107.609183501,82.6577457631,Hydroxylammonium Tin Bromide,10,"G.Kieslich et al., Chem. Sci. 6, 3430 (2015)",183.88121575912584,Sn,Br,1,3,0,1,4,0,1,Hydroxylammonium
0732,6.00099387008,4.4051765359,7.46341020112,106.855369011,86.0565666079,91.5947710824,Hydroxylammonium Tin Bromide,10,"G.Kieslich et al., Chem. Sci. 6, 3430 (2015)",188.3690358335273,Sn,Br,1,3,0,1,4,0,1,Hydroxylammonium
0733,7.45381299749,4.44142770943,5.98043616913,91.8162923278,95.0631402502,72.2073972848,Hydroxylammonium Tin Bromide,10,"G.Kieslich et al., Chem. Sci. 6, 3430 (2015)",187.77795932104013,Sn,Br,1,3,0,1,4,0,1,Hydroxylammonium
0734,5.96059586149,4.2960655371,7.48731867314,105.515734179,83.384891234,93.4404669779,Hydroxylammonium Tin Bromide,10,"G.Kieslich et al., Chem. Sci. 6, 3430 (2015)",183.4261162748721,Sn,Br,1,3,0,1,4,0,1,Hydroxylammonium
0735,7.60957748141,4.31927500934,6.04278869752,86.2465558254,75.482689301,75.1529108013,Hydroxylammonium Tin Bromide,10,"G.Kieslich et al., Chem. Sci. 6, 3430 (2015)",185.85264870252973,Sn,Br,1,3,0,1,4,0,1,Hydroxylammonium
0736,6.22238074783,4.35293933484,7.34257020647,105.268884224,94.7083792064,81.7507395071,Hydroxylammonium Tin Bromide,10,"G.Kieslich et al., Chem. Sci. 6, 3430 (2015)",189.6683562686256,Sn,Br,1,3,0,1,4,0,1,Hydroxylammonium
0737,7.67604680393,4.28602407653,5.92569744316,85.632511646,96.9259277877,72.9739412522,Hydroxylammonium Tin Bromide,10,"G.Kieslich et al., Chem. Sci. 6, 3430 (2015)",183.7687738931701,Sn,Br,1,3,0,1,4,0,1,Hydroxylammonium
0738,6.03100665014,6.0594733099,5.99103557332,81.0904722686,84.020857855,85.5396087286,Formamidinium Tin Bromide,12,"T.D.Huan et al., Phys. Rev. B 93,094105(2016)",214.69864404291062,Sn,Br,1,3,1,2,5,0,0,Formamidinium
0739,6.02119115506,6.00938213708,6.0274019383,89.0206104345,100.704853096,92.5832774254,Formamidinium Tin Bromide,12,"T.D.Huan et al., Phys. Rev. B 93,094105(2016)",214.071644193591,Sn,Br,1,3,1,2,5,0,0,Formamidinium
0740,5.99703988157,6.23910250298,6.13319810062,100.931270258,99.431267847,74.187141905,Formamidinium Tin Bromide,12,"T.D.Huan et al., Phys. Rev. B 93,094105(2016)",215.25592902677647,Sn,Br,1,3,1,2,5,0,0,Formamidinium
0741,6.45783670171,6.47034658103,6.4448920009,90.0042862263,91.3181666601,89.4166701435,Tetramethylammonium Tin Bromide,21,"B.Saparov et al., Chem. Rev. 116, 4558 (2016)",269.2109922231862,Sn,Br,1,3,4,1,12,0,0,Tetramethylammonium
0742,6.43559959354,6.54641248654,6.41982132037,90.3109652127,88.0914873867,90.2621040042,Tetramethylammonium Tin Bromide,21,"B.Saparov et al., Chem. Rev. 116, 4558 (2016)",270.3110194052616,Sn,Br,1,3,4,1,12,0,0,Tetramethylammonium
0743,6.95430480104,5.16628050275,7.84606448345,90.5541433031,89.9676515366,85.7372351802,Tetramethylammonium Tin Bromide,21,"B.Saparov et al., Chem. Rev. 116, 4558 (2016)",281.09934235114093,Sn,Br,1,3,4,1,12,0,0,Tetramethylammonium
0744,6.03500205078,5.83153078875,5.95913982712,92.1738930604,85.2390853571,88.6957505267,Hydrazinium Tin Bromide,11,"B.Saparov et al., Chem. Rev. 116, 4558 (2016)",208.77707950639612,Sn,Br,1,3,0,2,5,0,0,Hydrazinium
0745,4.15556153238,6.15463593422,7.87368368812,90.8460887889,106.803546523,89.4041667221,Hydrazinium Tin Bromide,11,"B.Saparov et al., Chem. Rev. 116, 4558 (2016)",192.75363455005473,Sn,Br,1,3,0,2,5,0,0,Hydrazinium
0746,8.20315765765,5.8642743777,5.94138955216,94.3357887594,47.0671672395,97.8245591897,Hydrazinium Tin Bromide,11,"B.Saparov et al., Chem. Rev. 116, 4558 (2016)",207.25331997355198,Sn,Br,1,3,0,2,5,0,0,Hydrazinium
0747,4.09662021192,6.41018860218,8.10665570773,82.3956434022,106.746711622,113.420108176,Hydrazinium Tin Bromide,11,"B.Saparov et al., Chem. Rev. 116, 4558 (2016)",187.02011264436254,Sn,Br,1,3,0,2,5,0,0,Hydrazinium
0748,7.60319737539,6.23181433733,4.31667754437,101.380824777,76.3400206338,97.3151324586,Hydrazinium Tin Bromide,11,"B.Saparov et al., Chem. Rev. 116, 4558 (2016)",194.13753263759287,Sn,Br,1,3,0,2,5,0,0,Hydrazinium
0749,7.37087625465,6.0877686603,4.51195429699,88.6269313735,72.9622814849,92.5187889329,Hydrazinium Tin Bromide,11,"B.Saparov et al., Chem. Rev. 116, 4558 (2016)",193.24476469005694,Sn,Br,1,3,0,2,5,0,0,Hydrazinium
0750,7.95957358272,4.1385131817,6.07029337294,91.0404800811,90.0644077331,73.807309733,Hydrazinium Tin Bromide,11,"B.Saparov et al., Chem. Rev. 116, 4558 (2016)",191.9944707412524,Sn,Br,1,3,0,2,5,0,0,Hydrazinium
0751,7.61419070193,4.45870576622,6.06163630978,92.4295987215,104.351392991,75.5314921312,Hydrazinium Tin Bromide,11,"B.Saparov et al., Chem. Rev. 116, 4558 (2016)",193.00245160868292,Sn,Br,1,3,0,2,5,0,0,Hydrazinium
0752,7.74671521933,5.8941056952,4.54347252651,90.3484519289,106.427974337,74.931277373,Hydrazinium Tin Bromide,11,"B.Saparov et al., Chem. Rev. 116, 4558 (2016)",191.6333750381537,Sn,Br,1,3,0,2,5,0,0,Hydrazinium
0753,8.0725020594,4.07470448394,5.9457145877,89.7041681306,89.830628046,77.1147416424,Hydrazinium Tin Bromide,11,"B.Saparov et al., Chem. Rev. 116, 4558 (2016)",190.64508550491988,Sn,Br,1,3,0,2,5,0,0,Hydrazinium
0754,6.34501097357,4.15365531508,7.90205452759,102.665088486,95.0560642522,67.3083885589,Hydrazinium Tin Bromide,11,"B.Saparov et al., Chem. Rev. 116, 4558 (2016)",187.46171233706173,Sn,Br,1,3,0,2,5,0,0,Hydrazinium
0755,7.9207438201,4.15401526474,6.17577359201,92.5098102273,95.3514871101,71.6328306036,Hydrazinium Tin Bromide,11,"B.Saparov et al., Chem. Rev. 116, 4558 (2016)",191.98621219214985,Sn,Br,1,3,0,2,5,0,0,Hydrazinium
0756,7.37927449942,6.33825170286,4.42658598924,71.0222673482,106.832482555,105.487420544,Ammonium Tin Bromide,9,"T.D.Huan et al., Phys. Rev. B 93,094105(2016)",183.94796678342985,Sn,Br,1,3,0,1,4,0,0,Ammonium
0757,5.96094749227,5.96505990191,5.97097809662,82.6616432072,82.931517599,83.0275498508,Ammonium Tin Bromide,9,"T.D.Huan et al., Phys. Rev. B 93,094105(2016)",207.76519699432683,Sn,Br,1,3,0,1,4,0,0,Ammonium
0758,4.43359688512,6.3266709862,7.36384307619,74.8952310971,73.1433511555,70.9637945806,Ammonium Tin Bromide,9,"T.D.Huan et al., Phys. Rev. B 93,094105(2016)",183.69672324165208,Sn,Br,1,3,0,1,4,0,0,Ammonium
0759,6.15439671102,6.31306674877,6.54948727321,89.6489960864,90.3485092646,100.523643746,Trimethylammonium Tin Bromide,18,"A. Mancini et al., J. Solid State Chem. 240, 55 (2016)",250.17986572240986,Sn,Br,1,3,3,1,10,0,0,Trimethylammonium
0760,6.24192580431,6.27787972425,6.45512336188,96.4762089465,87.537079471,83.2422439455,Trimethylammonium Tin Bromide,18,"A. Mancini et al., J. Solid State Chem. 240, 55 (2016)",249.1847358721043,Sn,Br,1,3,3,1,10,0,0,Trimethylammonium
0761,6.48661662219,6.21475568821,6.30610842492,94.48364364,92.1823747266,99.7533255159,Trimethylammonium Tin Bromide,18,"A. Mancini et al., J. Solid State Chem. 240, 55 (2016)",249.43436577371614,Sn,Br,1,3,3,1,10,0,0,Trimethylammonium
0762,6.28733039555,6.42673954913,6.48495943347,77.6794683697,86.4412866858,93.224826551,Trimethylammonium Tin Bromide,18,"A. Mancini et al., J. Solid State Chem. 240, 55 (2016)",254.85955289325673,Sn,Br,1,3,3,1,10,0,0,Trimethylammonium
0763,6.40677348423,6.44196729633,6.40369458571,96.1685687972,97.9176847208,96.004127688,Trimethylammonium Tin Bromide,18,"A. Mancini et al., J. Solid State Chem. 240, 55 (2016)",258.33924350239346,Sn,Br,1,3,3,1,10,0,0,Trimethylammonium
0764,6.17300733987,6.50259310368,6.35134778853,92.1290469207,79.6884571771,88.9124236941,Trimethylammonium Tin Bromide,18,"A. Mancini et al., J. Solid State Chem. 240, 55 (2016)",250.57064239609562,Sn,Br,1,3,3,1,10,0,0,Trimethylammonium
0765,4.92280356691,7.7431991225,7.21624877736,102.548811639,76.1528774546,89.488987912,Trimethylammonium Tin Bromide,18,"A. Mancini et al., J. Solid State Chem. 240, 55 (2016)",260.1573641517258,Sn,Br,1,3,3,1,10,0,0,Trimethylammonium
0766,8.67578131548,4.8848399836,6.14160647401,99.0026966131,96.3141432219,92.1785041987,Trimethylammonium Tin Bromide,18,"A. Mancini et al., J. Solid State Chem. 240, 55 (2016)",255.10963856877697,Sn,Br,1,3,3,1,10,0,0,Trimethylammonium
0767,6.20323878178,4.92264441266,8.56245324931,91.7074931759,83.3780242682,80.3481835912,Trimethylammonium Tin Bromide,18,"A. Mancini et al., J. Solid State Chem. 240, 55 (2016)",255.7227650450983,Sn,Br,1,3,3,1,10,0,0,Trimethylammonium
0768,6.0811698999,4.65175765465,9.04430873672,93.4448911957,83.4801773234,84.0705636322,Trimethylammonium Tin Bromide,18,"A. Mancini et al., J. Solid State Chem. 240, 55 (2016)",252.16339408257585,Sn,Br,1,3,3,1,10,0,0,Trimethylammonium
0769,6.58841798236,4.83094664837,8.10542157668,90.5445978292,93.9683314672,75.0717676707,Trimethylammonium Tin Bromide,18,"A. Mancini et al., J. Solid State Chem. 240, 55 (2016)",248.66776275458554,Sn,Br,1,3,3,1,10,0,0,Trimethylammonium
0770,6.31824347873,6.11784232072,6.14104965615,89.986885795,89.4751213958,88.5575287085,Azetidinium Tin Bromide,16,"B. Zhou et al., Angew. Chem. Int. Ed. 50, 11441 (2011)",237.29105921744042,Sn,Br,1,3,3,1,8,0,0,Azetidinium
0771,6.16422000604,6.13797230648,6.23632830163,93.2813769716,85.6920644187,90.7069740716,Azetidinium Tin Bromide,16,"B. Zhou et al., Angew. Chem. Int. Ed. 50, 11441 (2011)",234.89648178911173,Sn,Br,1,3,3,1,8,0,0,Azetidinium
0772,6.14155593481,6.2575972644,6.13632548277,94.5391959809,91.9869494454,97.8388622403,Azetidinium Tin Bromide,16,"B. Zhou et al., Angew. Chem. Int. Ed. 50, 11441 (2011)",232.64407738395977,Sn,Br,1,3,3,1,8,0,0,Azetidinium
0773,6.17605549768,6.1591526616,6.19337018249,86.1987131972,82.8033944234,93.9587557634,Azetidinium Tin Bromide,16,"B. Zhou et al., Angew. Chem. Int. Ed. 50, 11441 (2011)",232.50818301945907,Sn,Br,1,3,3,1,8,0,0,Azetidinium
0774,8.3692845037,6.12138930276,4.69242117924,92.6370645462,84.53602985,86.3446311987,Azetidinium Tin Bromide,16,"B. Zhou et al., Angew. Chem. Int. Ed. 50, 11441 (2011)",238.49290345254857,Sn,Br,1,3,3,1,8,0,0,Azetidinium
0775,8.35679777674,6.11399603985,4.68336006496,89.2821349514,96.8108680595,84.7689164622,Azetidinium Tin Bromide,16,"B. Zhou et al., Angew. Chem. Int. Ed. 50, 11441 (2011)",236.54475217267318,Sn,Br,1,3,3,1,8,0,0,Azetidinium
0776,6.08103077928,4.36155829957,8.77634441014,86.4518471396,90.8608116371,96.7488984368,Azetidinium Tin Bromide,16,"B. Zhou et al., Angew. Chem. Int. Ed. 50, 11441 (2011)",230.709861268793,Sn,Br,1,3,3,1,8,0,0,Azetidinium
0777,8.72634082061,4.44315397126,6.51206568415,71.8552067632,91.8980797351,100.937885997,Azetidinium Tin Bromide,16,"B. Zhou et al., Angew. Chem. Int. Ed. 50, 11441 (2011)",235.48325965259284,Sn,Br,1,3,3,1,8,0,0,Azetidinium
0778,6.47511602149,4.44889201664,8.98968554483,107.498797297,96.5853084254,72.7232960692,Azetidinium Tin Bromide,16,"B. Zhou et al., Angew. Chem. Int. Ed. 50, 11441 (2011)",235.74749104599988,Sn,Br,1,3,3,1,8,0,0,Azetidinium
0779,8.75111705791,4.45940165533,6.44939925408,106.703843,91.9056379317,78.2270622875,Azetidinium Tin Bromide,16,"B. Zhou et al., Angew. Chem. Int. Ed. 50, 11441 (2011)",235.9081880969579,Sn,Br,1,3,3,1,8,0,0,Azetidinium
0780,6.37788074466,4.46933601796,8.80389700575,103.185008224,87.9287078677,104.521246134,Azetidinium Tin Bromide,16,"B. Zhou et al., Angew. Chem. Int. Ed. 50, 11441 (2011)",236.47417888828596,Sn,Br,1,3,3,1,8,0,0,Azetidinium
0781,8.51027547501,4.66056031714,6.30987036912,74.9372189281,90.2717781106,101.281776088,Azetidinium Tin Bromide,16,"B. Zhou et al., Angew. Chem. Int. Ed. 50, 11441 (2011)",236.71674485673512,Sn,Br,1,3,3,1,8,0,0,Azetidinium
0782,6.07388988576,4.32605884901,8.84409705921,88.9005412734,91.0972372942,83.1360643851,Azetidinium Tin Bromide,16,"B. Zhou et al., Angew. Chem. Int. Ed. 50, 11441 (2011)",230.6256605167507,Sn,Br,1,3,3,1,8,0,0,Azetidinium
0783,4.3791102189,6.04877655776,8.81594250793,92.5447522911,90.0149882103,96.0610817131,Azetidinium Tin Bromide,16,"B. Zhou et al., Angew. Chem. Int. Ed. 50, 11441 (2011)",231.98169731812393,Sn,Br,1,3,3,1,8,0,0,Azetidinium
0784,8.09510731427,6.42701550777,4.71458084233,86.9483092408,86.6553958069,83.815525113,Azetidinium Tin Bromide,16,"B. Zhou et al., Angew. Chem. Int. Ed. 50, 11441 (2011)",243.1718356397231,Sn,Br,1,3,3,1,8,0,0,Azetidinium
0785,8.21521134587,6.28523673254,4.79850057711,85.58676755,89.1891287816,79.813943349,Azetidinium Tin Bromide,16,"B. Zhou et al., Angew. Chem. Int. Ed. 50, 11441 (2011)",243.14016013147102,Sn,Br,1,3,3,1,8,0,0,Azetidinium
0786,6.05367046346,6.71695090124,6.08423130838,89.7959839031,79.8811415214,90.1926206397,Imidazolium Tin Bromide,14,"B.Saparov et al., Chem. Rev. 116, 4558 (2016)",243.5465529941961,Sn,Br,1,3,3,2,5,0,0,Imidazolium
0787,6.15861572494,6.4227096619,6.14853992574,96.9660282598,80.0518000956,83.9222940359,Imidazolium Tin Bromide,14,"B.Saparov et al., Chem. Rev. 116, 4558 (2016)",235.77127355226582,Sn,Br,1,3,3,2,5,0,0,Imidazolium
0788,6.23545245584,6.15949884106,6.35428031546,97.0423572888,96.0258401523,98.4383442018,Imidazolium Tin Bromide,14,"B.Saparov et al., Chem. Rev. 116, 4558 (2016)",237.70029146902084,Sn,Br,1,3,3,2,5,0,0,Imidazolium
0789,6.0646233851,4.20163517458,9.35237184923,88.2525508103,88.3426761608,79.1394727919,Imidazolium Tin Bromide,14,"B.Saparov et al., Chem. Rev. 116, 4558 (2016)",233.86842354828812,Sn,Br,1,3,3,2,5,0,0,Imidazolium
0790,8.95879292831,4.24806472443,6.18560410665,101.007860046,94.1745891097,90.3066156618,Imidazolium Tin Bromide,14,"B.Saparov et al., Chem. Rev. 116, 4558 (2016)",230.41989609460788,Sn,Br,1,3,3,2,5,0,0,Imidazolium
0791,6.7494837726,4.27126869414,8.46527574488,90.9371525059,86.6189414914,78.2694175275,Imidazolium Tin Bromide,14,"B.Saparov et al., Chem. Rev. 116, 4558 (2016)",238.43098687476257,Sn,Br,1,3,3,2,5,0,0,Imidazolium
0792,6.24219168075,4.27602014193,9.62653655041,113.361416904,97.4668967786,78.9449858445,Imidazolium Tin Bromide,14,"B.Saparov et al., Chem. Rev. 116, 4558 (2016)",231.0926790927571,Sn,Br,1,3,3,2,5,0,0,Imidazolium
0793,6.4611706725,6.43081273374,6.70415225446,82.6266013949,89.3006676737,94.1333915211,Ethylammonium Tin Iodide,15,"B.Saparov et al., Chem. Rev. 116, 4558 (2016)",275.4745506181108,Sn,I,1,3,2,1,8,0,0,Ethylammonium
0794,6.6085939659,6.37085244507,6.6531157106,86.0451957517,81.1892339996,87.1179192921,Ethylammonium Tin Iodide,15,"B.Saparov et al., Chem. Rev. 116, 4558 (2016)",275.92322982812817,Sn,I,1,3,2,1,8,0,0,Ethylammonium
0795,6.59552477877,4.50175319909,9.31022049239,98.6913324771,90.020451235,96.8877314672,Ethylammonium Tin Iodide,15,"B.Saparov et al., Chem. Rev. 116, 4558 (2016)",271.2391590134229,Sn,I,1,3,2,1,8,0,0,Ethylammonium
0796,8.93278430985,4.61929230014,6.62480147374,81.0068745851,91.9791743061,88.0076381381,Ethylammonium Tin Iodide,15,"B.Saparov et al., Chem. Rev. 116, 4558 (2016)",269.6152011322482,Sn,I,1,3,2,1,8,0,0,Ethylammonium
0797,6.67447449331,4.65978201126,8.86802701735,94.3596432913,96.5061202278,94.7990405546,Ethylammonium Tin Iodide,15,"B.Saparov et al., Chem. Rev. 116, 4558 (2016)",272.0527821946499,Sn,I,1,3,2,1,8,0,0,Ethylammonium
0798,6.63171611116,4.6254442795,9.89448506263,64.3716744247,95.696261931,98.9815939599,Ethylammonium Tin Iodide,15,"B.Saparov et al., Chem. Rev. 116, 4558 (2016)",270.1230989829006,Sn,I,1,3,2,1,8,0,0,Ethylammonium
0799,7.23802266454,4.78549732221,8.18838145801,106.805123832,91.0034423796,84.9039298637,Ethylammonium Tin Iodide,15,"B.Saparov et al., Chem. Rev. 116, 4558 (2016)",270.4295982211793,Sn,I,1,3,2,1,8,0,0,Ethylammonium
0800,6.26618364946,4.45620838941,9.81829875469,90.8734833974,84.8081369249,92.0305745495,Ethylammonium Tin Iodide,15,"B.Saparov et al., Chem. Rev. 116, 4558 (2016)",272.84426184143655,Sn,I,1,3,2,1,8,0,0,Ethylammonium
0801,6.48879057841,4.72721011939,8.86593183115,88.3247042432,87.3769858666,78.1690842316,Ethylammonium Tin Iodide,15,"B.Saparov et al., Chem. Rev. 116, 4558 (2016)",265.84168709513995,Sn,I,1,3,2,1,8,0,0,Ethylammonium
0802,9.39622662598,4.46593917603,6.2968208544,88.1165876931,90.0338090162,94.3760598378,Ethylammonium Tin Iodide,15,"B.Saparov et al., Chem. Rev. 116, 4558 (2016)",263.32021480298846,Sn,I,1,3,2,1,8,0,0,Ethylammonium
0803,11.722025747,4.88179545658,4.81947855045,90.050282266,90.1658767101,84.8785957628,Ethylammonium Tin Iodide,15,"B.Saparov et al., Chem. Rev. 116, 4558 (2016)",274.6901785003011,Sn,I,1,3,2,1,8,0,0,Ethylammonium
0804,9.53122571162,4.71718057793,6.40711928186,87.4463052225,98.3169505422,107.667539019,Ethylammonium Tin Iodide,15,"B.Saparov et al., Chem. Rev. 116, 4558 (2016)",271.59349778005026,Sn,I,1,3,2,1,8,0,0,Ethylammonium
0805,6.52037573319,6.66081831024,7.28535631779,75.4853080733,88.423553631,87.1031557066,Propylammonium Tin Iodide,18,"S.Kataoka et al., J. Am. Chem. Soc. 137, 4158 (2015)",305.88435679126275,Sn,I,1,3,3,1,10,0,0,Propylammonium
0806,6.45235257172,6.56688111533,7.45132316955,101.443767084,80.6806623538,88.8783641917,Propylammonium Tin Iodide,18,"S.Kataoka et al., J. Am. Chem. Soc. 137, 4158 (2015)",304.928507828644,Sn,I,1,3,3,1,10,0,0,Propylammonium
0807,6.46264657748,6.55199313731,7.50274056072,102.094577442,80.9313355406,90.4444824348,Propylammonium Tin Iodide,18,"S.Kataoka et al., J. Am. Chem. Soc. 137, 4158 (2015)",306.65043998514653,Sn,I,1,3,3,1,10,0,0,Propylammonium
0808,6.65879684157,6.54359192531,6.8628579715,97.393871585,83.1981907645,93.7923839234,Propylammonium Tin Iodide,18,"S.Kataoka et al., J. Am. Chem. Soc. 137, 4158 (2015)",294.06426570589184,Sn,I,1,3,3,1,10,0,0,Propylammonium
0809,6.73948070193,6.72162174395,6.70034739494,79.3673164128,89.754246498,83.6371302994,Propylammonium Tin Iodide,18,"S.Kataoka et al., J. Am. Chem. Soc. 137, 4158 (2015)",296.4376431676288,Sn,I,1,3,3,1,10,0,0,Propylammonium
0810,6.66377721753,6.5382155815,6.84044621571,82.9649228935,81.1147908416,83.9762164906,Propylammonium Tin Iodide,18,"S.Kataoka et al., J. Am. Chem. Soc. 137, 4158 (2015)",291.1127567324679,Sn,I,1,3,3,1,10,0,0,Propylammonium
0811,8.31821390362,4.73681940188,8.05442205787,76.0665753296,85.2359996561,74.1258748609,Propylammonium Tin Iodide,18,"S.Kataoka et al., J. Am. Chem. Soc. 137, 4158 (2015)",296.22478180476054,Sn,I,1,3,3,1,10,0,0,Propylammonium
0812,8.55873989218,5.11248599198,8.77575738993,84.3015519575,121.105930049,114.253397487,Propylammonium Tin Iodide,18,"S.Kataoka et al., J. Am. Chem. Soc. 137, 4158 (2015)",296.610663309638,Sn,I,1,3,3,1,10,0,0,Propylammonium
0813,8.77848123935,4.78113515811,9.55372525098,104.846439224,123.09207277,60.1725884567,Propylammonium Tin Iodide,18,"S.Kataoka et al., J. Am. Chem. Soc. 137, 4158 (2015)",291.3715228943084,Sn,I,1,3,3,1,10,0,0,Propylammonium
0814,8.74436360691,5.06372407499,8.05560853204,79.6395758148,59.5339459324,95.5021965486,Propylammonium Tin Iodide,18,"S.Kataoka et al., J. Am. Chem. Soc. 137, 4158 (2015)",294.9803643710788,Sn,I,1,3,3,1,10,0,0,Propylammonium
0815,8.73918418936,4.98782582381,8.02039289539,86.7364159949,116.225753559,79.399402278,Propylammonium Tin Iodide,18,"S.Kataoka et al., J. Am. Chem. Soc. 137, 4158 (2015)",304.45317678792884,Sn,I,1,3,3,1,10,0,0,Propylammonium
0816,6.42763250614,6.49480136448,10.3481974529,59.757808458,123.600060476,95.3446357481,Propylammonium Tin Iodide,18,"S.Kataoka et al., J. Am. Chem. Soc. 137, 4158 (2015)",300.33465664003836,Sn,I,1,3,3,1,10,0,0,Propylammonium
0817,6.68215838254,6.57343936972,7.86752231262,74.9950182311,77.1883149853,83.4889556901,Butylammonium Tin Iodide,21,"H. Hu et al., Sci. Rep. 6, 33546 (2016)",324.91032805873306,Sn,I,1,3,4,1,12,0,0,Butylammonium
0818,6.89222364136,7.36108510982,6.7177052557,80.6380915878,96.0672984232,109.467027738,Butylammonium Tin Iodide,21,"H. Hu et al., Sci. Rep. 6, 33546 (2016)",316.568400381882,Sn,I,1,3,4,1,12,0,0,Butylammonium
0819,7.11629400864,6.14579905471,8.02367673423,72.3291556998,81.2521568336,88.8971103805,Butylammonium Tin Iodide,21,"H. Hu et al., Sci. Rep. 6, 33546 (2016)",330.3357635229618,Sn,I,1,3,4,1,12,0,0,Butylammonium
0820,6.81257968357,6.64382094661,6.65896933188,81.5272256203,83.7363648556,90.6818619427,Isopropylammonium Tin Iodide,18,"C.C.Stoumpos et al., J. Am. Chem. Soc. 137, 6804 (2015)",296.20634862617527,Sn,I,1,3,3,1,10,0,0,Isopropylammonium
0821,6.81491086626,6.69264158551,6.59361010586,80.1499048219,84.8607606369,90.9558729696,Isopropylammonium Tin Iodide,18,"C.C.Stoumpos et al., J. Am. Chem. Soc. 137, 6804 (2015)",294.9516011550052,Sn,I,1,3,3,1,10,0,0,Isopropylammonium
0822,6.74629056775,6.45294224794,6.85181275495,94.6840399683,92.4667763608,84.0954355259,Isopropylammonium Tin Iodide,18,"C.C.Stoumpos et al., J. Am. Chem. Soc. 137, 6804 (2015)",295.52886915913103,Sn,I,1,3,3,1,10,0,0,Isopropylammonium
0823,6.90052002377,6.41280330498,6.79110723449,95.763037513,87.2078991811,95.3184650868,Isopropylammonium Tin Iodide,18,"C.C.Stoumpos et al., J. Am. Chem. Soc. 137, 6804 (2015)",297.476150098315,Sn,I,1,3,3,1,10,0,0,Isopropylammonium
0824,8.16479187547,4.87000988387,8.03958853877,96.0297756849,98.4472658802,108.039066158,Isopropylammonium Tin Iodide,18,"C.C.Stoumpos et al., J. Am. Chem. Soc. 137, 6804 (2015)",296.78806894093583,Sn,I,1,3,3,1,10,0,0,Isopropylammonium
0825,8.51135672055,4.85434379264,7.91453251995,107.478022197,79.1946086546,104.904495418,Propylammonium Tin Iodide,18,"S.Kataoka et al., J. Am. Chem. Soc. 137, 4158 (2015)",299.2513332700773,Sn,I,1,3,3,1,10,0,0,Propylammonium
0826,8.5809147446,4.85667489561,8.01388012262,108.248178779,78.7890703018,108.277178253,Isopropylammonium Tin Iodide,18,"C.C.Stoumpos et al., J. Am. Chem. Soc. 137, 6804 (2015)",299.45936811104303,Sn,I,1,3,3,1,10,0,0,Isopropylammonium
0827,8.00194949775,4.67593851434,8.41596933326,75.414098713,77.5468626392,88.6995697295,Isopropylammonium Tin Iodide,18,"C.C.Stoumpos et al., J. Am. Chem. Soc. 137, 6804 (2015)",297.41195969602325,Sn,I,1,3,3,1,10,0,0,Isopropylammonium
0828,6.99575284632,4.59426557436,9.29018786237,85.1873830963,83.6109419329,96.4756367318,Isopropylammonium Tin Iodide,18,"C.C.Stoumpos et al., J. Am. Chem. Soc. 137, 6804 (2015)",293.43239096287346,Sn,I,1,3,3,1,10,0,0,Isopropylammonium
0829,6.61498858744,6.58042928382,6.5605139208,82.5304549082,99.6495635923,96.0281450113,Dimethylammonium Tin Iodide,15,"B.Saparov et al., Chem. Rev. 116, 4558 (2016)",278.1324275581062,Sn,I,1,3,2,1,8,0,0,Dimethylammonium
0830,6.58769317716,6.58313942946,6.57875475646,84.3684437126,99.6237391899,97.894247706,Dimethylammonium Tin Iodide,15,"B.Saparov et al., Chem. Rev. 116, 4558 (2016)",277.7980007665856,Sn,I,1,3,2,1,8,0,0,Dimethylammonium
0831,6.60392337262,6.59677093068,6.55945953389,81.4352926584,99.1321609505,96.1095068571,Dimethylammonium Tin Iodide,15,"B.Saparov et al., Chem. Rev. 116, 4558 (2016)",277.9867126808745,Sn,I,1,3,2,1,8,0,0,Dimethylammonium
0832,6.61584651508,6.52466948886,6.52993770217,88.0253562415,85.137574275,79.2910465715,Dimethylammonium Tin Iodide,15,"B.Saparov et al., Chem. Rev. 116, 4558 (2016)",275.9163728802387,Sn,I,1,3,2,1,8,0,0,Dimethylammonium
0833,6.62094288751,4.63444588887,8.96243794412,88.0261080106,83.3492865316,82.0600373147,Dimethylammonium Tin Iodide,15,"B.Saparov et al., Chem. Rev. 116, 4558 (2016)",270.4902091796302,Sn,I,1,3,2,1,8,0,0,Dimethylammonium
0834,6.61857603898,4.64919336894,8.909803995,92.8830041183,84.2459081478,98.0721431533,Dimethylammonium Tin Iodide,15,"B.Saparov et al., Chem. Rev. 116, 4558 (2016)",269.89720335963335,Sn,I,1,3,2,1,8,0,0,Dimethylammonium
0835,8.40640003317,4.73380408821,7.4835113805,103.344482598,95.6953196643,103.929506044,Dimethylammonium Tin Iodide,15,"B.Saparov et al., Chem. Rev. 116, 4558 (2016)",277.4350858684391,Sn,I,1,3,2,1,8,0,0,Dimethylammonium
0836,6.72923255168,4.74208354877,8.52575823078,77.668313047,86.4289922694,81.7356297126,Dimethylammonium Tin Iodide,15,"B.Saparov et al., Chem. Rev. 116, 4558 (2016)",262.8842980862242,Sn,I,1,3,2,1,8,0,0,Dimethylammonium
0837,6.63296938534,6.60212878902,6.58846465222,89.8266951126,98.8098703495,82.0148036432,Acetamidinium Tin Iodide,15,"C.C.Stoumpos et al., J. Am. Chem. Soc. 137, 6804 (2015)",282.26467667221925,Sn,I,1,3,2,2,7,0,0,Acetamidinium
0838,6.64249393519,6.61167787061,6.61654939546,90.0085595414,98.722936198,98.6726552518,Acetamidinium Tin Iodide,15,"C.C.Stoumpos et al., J. Am. Chem. Soc. 137, 6804 (2015)",283.8617572273669,Sn,I,1,3,2,2,7,0,0,Acetamidinium
0839,6.60679205044,6.5893371641,6.54486266797,85.4752782222,98.4753283733,89.3743259737,Acetamidinium Tin Iodide,15,"C.C.Stoumpos et al., J. Am. Chem. Soc. 137, 6804 (2015)",280.8632087830855,Sn,I,1,3,2,2,7,0,0,Acetamidinium
0840,6.79766241603,4.5357662288,8.94105709099,90.0734118399,95.6513212448,102.550374251,Acetamidinium Tin Iodide,15,"C.C.Stoumpos et al., J. Am. Chem. Soc. 137, 6804 (2015)",267.70803692233824,Sn,I,1,3,2,2,7,0,0,Acetamidinium
0841,6.74450743081,4.53769501781,9.5870677923,108.362815205,78.7085329977,91.964799343,Acetamidinium Tin Iodide,15,"C.C.Stoumpos et al., J. Am. Chem. Soc. 137, 6804 (2015)",272.9590566410247,Sn,I,1,3,2,2,7,0,0,Acetamidinium
0842,8.27325497194,4.47840653688,7.59123670823,90.5096060086,92.7930590284,79.2267522496,Acetamidinium Tin Iodide,15,"C.C.Stoumpos et al., J. Am. Chem. Soc. 137, 6804 (2015)",275.97729902355076,Sn,I,1,3,2,2,7,0,0,Acetamidinium
0843,6.49388449539,6.32348766406,6.40828916913,89.9773479029,92.1050488359,89.8487212647,Methylammonium Tin Iodide,12,"T.D.Huan et al., Phys. Rev. B 93,094105(2016)",262.9714443876754,Sn,I,1,3,1,1,6,0,0,Methylammonium
0844,6.39580373909,6.37875432782,6.48928854219,86.7973117494,85.8877145142,92.3018819194,Methylammonium Tin Iodide,12,"T.D.Huan et al., Phys. Rev. B 93,094105(2016)",263.39169382495976,Sn,I,1,3,1,1,6,0,0,Methylammonium
0845,6.71863668034,4.67951995915,8.3815892993,103.612811301,79.2614005862,94.5611377874,Methylammonium Tin Iodide,12,"T.D.Huan et al., Phys. Rev. B 93,094105(2016)",251.4536851855159,Sn,I,1,3,1,1,6,0,0,Methylammonium
0846,6.93736779531,4.71750589412,8.51071499365,106.352442044,84.9222725193,73.2296805387,Methylammonium Tin Iodide,12,"T.D.Huan et al., Phys. Rev. B 93,094105(2016)",251.49125626755153,Sn,I,1,3,1,1,6,0,0,Methylammonium
0847,8.67799325293,4.57174642154,6.40442781539,86.4752782962,95.1261152509,91.1782283156,Methylammonium Tin Iodide,12,"T.D.Huan et al., Phys. Rev. B 93,094105(2016)",252.56263581458566,Sn,I,1,3,1,1,6,0,0,Methylammonium
0848,8.42559334162,4.75686001354,8.00108097274,53.6578557379,100.202476277,106.566442395,Methylammonium Tin Iodide,12,"T.D.Huan et al., Phys. Rev. B 93,094105(2016)",247.56788160765166,Sn,I,1,3,1,1,6,0,0,Methylammonium
0849,6.54241282101,6.50616500217,6.49501304167,96.8945379889,95.2631623631,94.985595454,Guanidinium Tin Iodide,14,"B.Saparov et al., Chem. Rev. 116, 4558 (2016)",271.9665087010545,Sn,I,1,3,1,3,6,0,0,Guanidinium
0850,6.40945164281,6.4867798528,6.53517440702,88.0113980116,93.6173661738,85.152167174,Guanidinium Tin Iodide,14,"B.Saparov et al., Chem. Rev. 116, 4558 (2016)",269.9805561701604,Sn,I,1,3,1,3,6,0,0,Guanidinium
0851,9.87247305966,4.47526901432,6.69760730232,76.0884610594,96.9148669483,116.904809563,Guanidinium Tin Iodide,14,"B.Saparov et al., Chem. Rev. 116, 4558 (2016)",256.1204740349221,Sn,I,1,3,1,3,6,0,0,Guanidinium
0852,6.22321337392,6.43916593448,6.37184985174,100.973094198,85.4778038526,89.0945929843,Hydroxylammonium Tin Iodide,10,"G.Kieslich et al., Chem. Sci. 6, 3430 (2015)",249.76211666157695,Sn,I,1,3,0,1,4,0,1,Hydroxylammonium
0853,6.39890888501,4.66960727486,8.07722751298,106.351421397,87.2093014499,91.6151961628,Hydroxylammonium Tin Iodide,10,"G.Kieslich et al., Chem. Sci. 6, 3430 (2015)",231.2877586694325,Sn,I,1,3,0,1,4,0,1,Hydroxylammonium
0854,8.08073385544,4.69545656562,6.39158040845,89.8855262212,92.488755043,72.6829939166,Hydroxylammonium Tin Iodide,10,"G.Kieslich et al., Chem. Sci. 6, 3430 (2015)",231.27478920346837,Sn,I,1,3,0,1,4,0,1,Hydroxylammonium
0855,6.39065011005,4.59021106895,8.15558546746,105.717286903,86.4490922258,92.901926695,Hydroxylammonium Tin Iodide,10,"G.Kieslich et al., Chem. Sci. 6, 3430 (2015)",229.7095019722656,Sn,I,1,3,0,1,4,0,1,Hydroxylammonium
0856,8.25832682179,4.60928108996,6.59799676643,88.0584080498,74.4371935589,74.9612287128,Hydroxylammonium Tin Iodide,10,"G.Kieslich et al., Chem. Sci. 6, 3430 (2015)",233.48549019670892,Sn,I,1,3,0,1,4,0,1,Hydroxylammonium
0857,6.73468200865,4.63123415568,8.05364811055,105.180930956,103.354938312,77.8762075611,Hydroxylammonium Tin Iodide,10,"G.Kieslich et al., Chem. Sci. 6, 3430 (2015)",232.86080935552255,Sn,I,1,3,0,1,4,0,1,Hydroxylammonium
0858,8.26754522282,4.60040965956,6.37009491477,89.3112132546,92.260058217,73.4427873138,Hydroxylammonium Tin Iodide,10,"G.Kieslich et al., Chem. Sci. 6, 3430 (2015)",231.98569651142955,Sn,I,1,3,0,1,4,0,1,Hydroxylammonium
0859,6.45771509712,6.46912523381,6.40940611205,82.9607021504,85.1610905317,85.610098606,Formamidinium Tin Iodide,12,"T.D.Huan et al., Phys. Rev. B 93,094105(2016)",264.1983881454435,Sn,I,1,3,1,2,5,0,0,Formamidinium
0860,6.4374987837,6.41926107064,6.46946389967,87.4335950411,97.6518177327,93.0813340499,Formamidinium Tin Iodide,12,"T.D.Huan et al., Phys. Rev. B 93,094105(2016)",264.38917333688727,Sn,I,1,3,1,2,5,0,0,Formamidinium
0861,6.39749744124,6.59463218288,6.51426092871,101.033266867,96.7572695304,76.5166245628,Formamidinium Tin Iodide,12,"T.D.Huan et al., Phys. Rev. B 93,094105(2016)",261.5469713481315,Sn,I,1,3,1,2,5,0,0,Formamidinium
0862,6.83679233,6.77913928216,6.69147456849,89.9011457304,90.9773706346,89.7230773549,Tetramethylammonium Tin Iodide,21,"B.Saparov et al., Chem. Rev. 116, 4558 (2016)",310.08431893440314,Sn,I,1,3,4,1,12,0,0,Tetramethylammonium
0863,7.36997351823,5.14062605463,8.57225465314,91.491462789,90.1138729256,85.5540529946,Tetramethylammonium Tin Iodide,21,"B.Saparov et al., Chem. Rev. 116, 4558 (2016)",323.6838600750868,Sn,I,1,3,4,1,12,0,0,Tetramethylammonium
0864,6.44609249688,6.25431566996,6.42644021097,90.7179862817,85.7234218761,89.7482638914,Hydrazinium Tin Iodide,11,"B.Saparov et al., Chem. Rev. 116, 4558 (2016)",258.34235225137485,Sn,I,1,3,0,2,5,0,0,Hydrazinium
0865,8.74203671741,6.29049343914,6.37151982678,93.4835582679,47.323287269,95.1680114381,Hydrazinium Tin Iodide,11,"B.Saparov et al., Chem. Rev. 116, 4558 (2016)",256.549373767633,Sn,I,1,3,0,2,5,0,0,Hydrazinium
0866,4.36471322511,6.65120550809,8.65402185542,83.037595575,105.847673568,105.640004992,Hydrazinium Tin Iodide,11,"B.Saparov et al., Chem. Rev. 116, 4558 (2016)",232.42665096336026,Sn,I,1,3,0,2,5,0,0,Hydrazinium
0867,8.37757961948,6.79114768107,4.56133782268,108.263221926,74.2856961578,103.231235473,Hydrazinium Tin Iodide,11,"B.Saparov et al., Chem. Rev. 116, 4558 (2016)",234.26476302004755,Sn,I,1,3,0,2,5,0,0,Hydrazinium
0868,8.02649197725,6.56126961105,4.73029788465,88.1437597895,73.8056115713,90.3045719633,Hydrazinium Tin Iodide,11,"B.Saparov et al., Chem. Rev. 116, 4558 (2016)",239.07935757108456,Sn,I,1,3,0,2,5,0,0,Hydrazinium
0869,8.58948887749,4.39800845834,6.4089628417,90.1415572938,89.8073352528,74.3391655745,Hydrazinium Tin Iodide,11,"B.Saparov et al., Chem. Rev. 116, 4558 (2016)",233.11842074536833,Sn,I,1,3,0,2,5,0,0,Hydrazinium
0870,8.22110156987,4.70804559606,6.58494796221,92.3070760757,104.723718192,74.8261798777,Hydrazinium Tin Iodide,11,"B.Saparov et al., Chem. Rev. 116, 4558 (2016)",237.8149042284209,Sn,I,1,3,0,2,5,0,0,Hydrazinium
0871,8.26750059354,6.46839658362,4.79311477472,90.8378934352,106.357409329,73.7994841725,Hydrazinium Tin Iodide,11,"B.Saparov et al., Chem. Rev. 116, 4558 (2016)",235.61274316505572,Sn,I,1,3,0,2,5,0,0,Hydrazinium
0872,8.58990758483,4.36738168797,6.36638675985,89.9745542588,90.034173351,76.4518496732,Hydrazinium Tin Iodide,11,"B.Saparov et al., Chem. Rev. 116, 4558 (2016)",232.1914558414421,Sn,I,1,3,0,2,5,0,0,Hydrazinium
0873,6.58091569663,4.44731373982,8.40518959882,104.410196733,86.465228139,84.8572946739,Hydrazinium Tin Iodide,11,"B.Saparov et al., Chem. Rev. 116, 4558 (2016)",236.3989673409405,Sn,I,1,3,0,2,5,0,0,Hydrazinium
0874,8.56486509587,4.40990098007,6.42509452537,90.3763090415,89.8144019827,74.3004642679,Hydrazinium Tin Iodide,11,"B.Saparov et al., Chem. Rev. 116, 4558 (2016)",233.615610797514,Sn,I,1,3,0,2,5,0,0,Hydrazinium
0875,8.09721557848,6.97135549969,4.67613153457,71.9966009482,106.230709643,110.96417218,Ammonium Tin Iodide,9,"T.D.Huan et al., Phys. Rev. B 93,094105(2016)",230.13957947646023,Sn,I,1,3,0,1,4,0,0,Ammonium
0876,6.42553319588,6.4276201958,6.43364973801,81.9624026615,82.1607828222,82.2434593675,Ammonium Tin Iodide,9,"T.D.Huan et al., Phys. Rev. B 93,094105(2016)",258.8208637878239,Sn,I,1,3,0,1,4,0,0,Ammonium
0877,8.10302199025,6.9636825877,4.67493217599,107.938030719,106.216085741,69.303961926,Ammonium Tin Iodide,9,"T.D.Huan et al., Phys. Rev. B 93,094105(2016)",230.42948859795698,Sn,I,1,3,0,1,4,0,0,Ammonium
0878,4.67598682936,6.93855975741,8.09550406116,70.0823528888,73.7731818026,72.0634632967,Ammonium Tin Iodide,9,"T.D.Huan et al., Phys. Rev. B 93,094105(2016)",230.4269289631069,Sn,I,1,3,0,1,4,0,0,Ammonium
0879,6.576275333,6.65419012188,6.84561452668,87.5480100759,88.6539066516,97.9707681593,Trimethylammonium Tin Iodide,18,"A. Mancini et al., J. Solid State Chem. 240, 55 (2016)",296.26582309319275,Sn,I,1,3,3,1,10,0,0,Trimethylammonium
0880,6.53961754161,6.65429052427,6.86679430062,90.1370389822,90.0060871865,98.6962007065,Trimethylammonium Tin Iodide,18,"A. Mancini et al., J. Solid State Chem. 240, 55 (2016)",295.38283127757876,Sn,I,1,3,3,1,10,0,0,Trimethylammonium
0881,6.6515030273,6.59583071848,6.79052282969,94.5574151454,87.7309384782,83.7981083902,Trimethylammonium Tin Iodide,18,"A. Mancini et al., J. Solid State Chem. 240, 55 (2016)",294.88601554462826,Sn,I,1,3,3,1,10,0,0,Trimethylammonium
0882,6.76939261348,6.58313528506,6.6817191735,95.4927340098,92.6162211982,95.3750381286,Trimethylammonium Tin Iodide,18,"A. Mancini et al., J. Solid State Chem. 240, 55 (2016)",294.64406572957836,Sn,I,1,3,3,1,10,0,0,Trimethylammonium
0883,6.73917393646,6.73863890393,6.8132888811,79.4191533966,86.7009247527,93.3041900675,Trimethylammonium Tin Iodide,18,"A. Mancini et al., J. Solid State Chem. 240, 55 (2016)",302.91168728330996,Sn,I,1,3,3,1,10,0,0,Trimethylammonium
0884,6.66543626177,6.75277859995,6.57045989202,92.5442217919,95.9760465561,92.783971309,Trimethylammonium Tin Iodide,18,"A. Mancini et al., J. Solid State Chem. 240, 55 (2016)",293.419311740758,Sn,I,1,3,3,1,10,0,0,Trimethylammonium
0885,5.03399501438,8.18747386271,7.86330446187,104.228196417,74.1003016132,89.7290161553,Trimethylammonium Tin Iodide,18,"A. Mancini et al., J. Solid State Chem. 240, 55 (2016)",301.22739798804406,Sn,I,1,3,3,1,10,0,0,Trimethylammonium
0886,9.23937610254,4.96714259886,6.55972222689,97.0372581343,95.9947051835,93.4086823652,Trimethylammonium Tin Iodide,18,"A. Mancini et al., J. Solid State Chem. 240, 55 (2016)",296.3483611507018,Sn,I,1,3,3,1,10,0,0,Trimethylammonium
0887,6.64003133804,4.99319827676,9.13261123941,92.5120483612,83.5935865395,81.7892405353,Trimethylammonium Tin Iodide,18,"A. Mancini et al., J. Solid State Chem. 240, 55 (2016)",297.26615252183745,Sn,I,1,3,3,1,10,0,0,Trimethylammonium
0888,6.5442353581,4.86981695322,9.43211395747,93.8996291738,83.8041222258,84.0446119356,Trimethylammonium Tin Iodide,18,"A. Mancini et al., J. Solid State Chem. 240, 55 (2016)",296.27036315789786,Sn,I,1,3,3,1,10,0,0,Trimethylammonium
0889,7.04698669137,4.90156085181,8.71158782975,90.4609318277,94.8166477868,75.2686390504,Trimethylammonium Tin Iodide,18,"A. Mancini et al., J. Solid State Chem. 240, 55 (2016)",289.9623536100232,Sn,I,1,3,3,1,10,0,0,Trimethylammonium
0890,6.69284448777,6.48119480704,6.50146925644,90.0266228362,89.4613917906,89.2824664721,Azetidinium Tin Iodide,16,"B. Zhou et al., Angew. Chem. Int. Ed. 50, 11441 (2011)",281.98369865280847,Sn,I,1,3,3,1,8,0,0,Azetidinium
0891,6.51954962262,6.50457093484,6.61655911238,93.5053396414,85.8244364748,90.8442205656,Azetidinium Tin Iodide,16,"B. Zhou et al., Angew. Chem. Int. Ed. 50, 11441 (2011)",279.3043403478435,Sn,I,1,3,3,1,8,0,0,Azetidinium
0892,6.47174571338,6.60560188448,6.56965252784,94.6176093156,89.6023960357,96.6258786825,Azetidinium Tin Iodide,16,"B. Zhou et al., Angew. Chem. Int. Ed. 50, 11441 (2011)",278.0690110665213,Sn,I,1,3,3,1,8,0,0,Azetidinium
0893,6.54700932438,6.51933125629,6.56695598734,86.9764537066,83.8012514843,93.0682984436,Azetidinium Tin Iodide,16,"B. Zhou et al., Angew. Chem. Int. Ed. 50, 11441 (2011)",277.7694020045813,Sn,I,1,3,3,1,8,0,0,Azetidinium
0894,8.86673993163,6.70600447925,4.78184650142,91.6208006873,81.9298328725,89.8827497628,Azetidinium Tin Iodide,16,"B. Zhou et al., Angew. Chem. Int. Ed. 50, 11441 (2011)",281.3969066471239,Sn,I,1,3,3,1,8,0,0,Azetidinium
0895,8.89201526395,6.58813673173,4.79000021645,92.0494221751,84.1396742748,86.4405073795,Azetidinium Tin Iodide,16,"B. Zhou et al., Angew. Chem. Int. Ed. 50, 11441 (2011)",278.35129122200584,Sn,I,1,3,3,1,8,0,0,Azetidinium
0896,8.94353222574,6.57497554535,4.78519768496,87.2697623855,100.601840487,87.8353048583,Azetidinium Tin Iodide,16,"B. Zhou et al., Angew. Chem. Int. Ed. 50, 11441 (2011)",275.9585184481702,Sn,I,1,3,3,1,8,0,0,Azetidinium
0897,6.45306185903,4.61583357755,9.31855743228,88.1017478739,93.2594113188,96.8713089143,Azetidinium Tin Iodide,16,"B. Zhou et al., Angew. Chem. Int. Ed. 50, 11441 (2011)",275.02851929857144,Sn,I,1,3,3,1,8,0,0,Azetidinium
0898,6.95043042199,4.737081785,9.40886139697,108.624319843,98.2933792183,73.7757932709,Azetidinium Tin Iodide,16,"B. Zhou et al., Angew. Chem. Int. Ed. 50, 11441 (2011)",281.35541533786613,Sn,I,1,3,3,1,8,0,0,Azetidinium
0899,9.07954066677,4.74980869709,6.92315318456,105.736941353,89.7559519556,78.8304706055,Azetidinium Tin Iodide,16,"B. Zhou et al., Angew. Chem. Int. Ed. 50, 11441 (2011)",281.4233611412386,Sn,I,1,3,3,1,8,0,0,Azetidinium
0900,6.86343291698,4.7713101729,9.08878700217,101.950806299,90.2284794325,104.177348931,Azetidinium Tin Iodide,16,"B. Zhou et al., Angew. Chem. Int. Ed. 50, 11441 (2011)",281.8458977551529,Sn,I,1,3,3,1,8,0,0,Azetidinium
0901,8.97907756347,4.819180627,6.80859381055,76.2624065089,88.9630182772,100.934394299,Azetidinium Tin Iodide,16,"B. Zhou et al., Angew. Chem. Int. Ed. 50, 11441 (2011)",280.37974280483536,Sn,I,1,3,3,1,8,0,0,Azetidinium
0902,6.46327030513,4.58444043616,9.31197690675,88.5814805472,90.022685641,83.7050803017,Azetidinium Tin Iodide,16,"B. Zhou et al., Angew. Chem. Int. Ed. 50, 11441 (2011)",274.1693338845424,Sn,I,1,3,3,1,8,0,0,Azetidinium
0903,4.69374562395,6.48397130155,9.11518165387,93.881361238,90.5155989489,96.4764046966,Azetidinium Tin Iodide,16,"B. Zhou et al., Angew. Chem. Int. Ed. 50, 11441 (2011)",274.9711784799292,Sn,I,1,3,3,1,8,0,0,Azetidinium
0904,8.49177536153,6.94332044153,4.80341952948,89.4078328329,88.7888428219,84.459750415,Azetidinium Tin Iodide,16,"B. Zhou et al., Angew. Chem. Int. Ed. 50, 11441 (2011)",281.8192101317454,Sn,I,1,3,3,1,8,0,0,Azetidinium
0905,8.62478848114,6.82565850597,4.83826545859,87.1901379559,91.2141673875,81.1562274629,Azetidinium Tin Iodide,16,"B. Zhou et al., Angew. Chem. Int. Ed. 50, 11441 (2011)",280.98427995018204,Sn,I,1,3,3,1,8,0,0,Azetidinium
0906,6.5047506217,6.74552067341,6.58707920064,84.2169070979,82.7569600461,95.059746219,Imidazolium Tin Iodide,14,"B.Saparov et al., Chem. Rev. 116, 4558 (2016)",283.76720885800313,Sn,I,1,3,3,2,5,0,0,Imidazolium
0907,6.50011134045,6.75642738362,6.59799796753,95.3952774564,81.7064381679,86.2958285986,Imidazolium Tin Iodide,14,"B.Saparov et al., Chem. Rev. 116, 4558 (2016)",284.5670319272128,Sn,I,1,3,3,2,5,0,0,Imidazolium
0908,6.72034950567,6.57119592041,6.57944849995,82.948636573,84.7208826241,96.2903273636,Imidazolium Tin Iodide,14,"B.Saparov et al., Chem. Rev. 116, 4558 (2016)",284.9770588317343,Sn,I,1,3,3,2,5,0,0,Imidazolium
0909,6.5862898211,6.5375076622,6.73715239014,96.4207395001,95.6778208086,96.4203694492,Imidazolium Tin Iodide,14,"B.Saparov et al., Chem. Rev. 116, 4558 (2016)",284.6303235900991,Sn,I,1,3,3,2,5,0,0,Imidazolium
0910,6.54775853285,4.46970955658,9.68372911307,87.5101974388,89.4156703078,79.3638489157,Imidazolium Tin Iodide,14,"B.Saparov et al., Chem. Rev. 116, 4558 (2016)",278.2767496240131,Sn,I,1,3,3,2,5,0,0,Imidazolium
0911,10.2241201821,4.52618794285,6.54552761484,82.2507056266,84.7433736672,69.0295568949,Imidazolium Tin Iodide,14,"B.Saparov et al., Chem. Rev. 116, 4558 (2016)",279.9490830792302,Sn,I,1,3,3,2,5,0,0,Imidazolium
0912,9.2472392999,4.49948187228,6.65114745212,100.962549371,93.7896374635,90.6410741583,Imidazolium Tin Iodide,14,"B.Saparov et al., Chem. Rev. 116, 4558 (2016)",271.0156880623885,Sn,I,1,3,3,2,5,0,0,Imidazolium
0913,7.11170945307,4.52348582231,8.86700172852,92.8834235278,88.2323834647,79.1767456579,Imidazolium Tin Iodide,14,"B.Saparov et al., Chem. Rev. 116, 4558 (2016)",279.5838272408566,Sn,I,1,3,3,2,5,0,0,Imidazolium
0914,6.70720741794,4.54858871855,9.94720842561,113.434463555,98.0624484881,78.7541106175,Imidazolium Tin Iodide,14,"B.Saparov et al., Chem. Rev. 116, 4558 (2016)",272.43112735205887,Sn,I,1,3,3,2,5,0,0,Imidazolium
0915,4.9916598982,4.95059050238,5.16397029917,76.5183237907,88.0523186839,95.265449596,Ethylammonium Lead Fluoride,15,"B.Saparov et al., Chem. Rev. 116, 4558 (2016)",123.36802571560189,Pb,F,1,3,2,1,8,0,0,Ethylammonium
0916,5.30429909746,4.80516860869,4.9620935575,81.7951323294,75.2375254042,85.7952768831,Ethylammonium Lead Fluoride,15,"B.Saparov et al., Chem. Rev. 116, 4558 (2016)",120.95713769417077,Pb,F,1,3,2,1,8,0,0,Ethylammonium
0917,4.28100349554,3.62848389968,7.97023084269,95.2870740965,90.3403667782,90.4865192022,Ethylammonium Lead Fluoride,15,"B.Saparov et al., Chem. Rev. 116, 4558 (2016)",123.27201177675816,Pb,F,1,3,2,1,8,0,0,Ethylammonium
0918,7.71115900423,3.60772327,4.63459792786,74.6646561308,98.7737559861,89.2121827935,Ethylammonium Lead Fluoride,15,"B.Saparov et al., Chem. Rev. 116, 4558 (2016)",122.68945382252214,Pb,F,1,3,2,1,8,0,0,Ethylammonium
0919,5.00056646114,3.7654120761,7.05040463461,98.5636743778,101.677216345,97.1822260492,Ethylammonium Lead Fluoride,15,"B.Saparov et al., Chem. Rev. 116, 4558 (2016)",126.89546219739455,Pb,F,1,3,2,1,8,0,0,Ethylammonium
0920,4.35117203701,3.5031664709,8.8666543053,64.8415288705,90.6364000277,83.9939062055,Ethylammonium Lead Fluoride,15,"B.Saparov et al., Chem. Rev. 116, 4558 (2016)",121.42836782481073,Pb,F,1,3,2,1,8,0,0,Ethylammonium
0921,7.51169956872,4.01500931622,4.68080200672,115.902359979,79.4662332841,104.011748972,Ethylammonium Lead Fluoride,15,"B.Saparov et al., Chem. Rev. 116, 4558 (2016)",122.72935371114346,Pb,F,1,3,2,1,8,0,0,Ethylammonium
0922,4.2159221763,3.4779580291,8.30803335887,95.37637578,86.5373763828,83.9273955695,Ethylammonium Lead Fluoride,15,"B.Saparov et al., Chem. Rev. 116, 4558 (2016)",120.2980270717063,Pb,F,1,3,2,1,8,0,0,Ethylammonium
0923,4.55163423019,3.70661924857,7.79575342031,88.0860893776,83.7219752407,69.1442484939,Ethylammonium Lead Fluoride,15,"B.Saparov et al., Chem. Rev. 116, 4558 (2016)",122.16682054077143,Pb,F,1,3,2,1,8,0,0,Ethylammonium
0924,8.87837217355,3.68631570048,3.79423467758,87.2207658306,84.2860977507,80.8478681457,Ethylammonium Lead Fluoride,15,"B.Saparov et al., Chem. Rev. 116, 4558 (2016)",121.92213319992814,Pb,F,1,3,2,1,8,0,0,Ethylammonium
0925,9.11438975098,3.89969260202,3.59086412811,95.3175475561,74.4822885749,89.3660445437,Ethylammonium Lead Fluoride,15,"B.Saparov et al., Chem. Rev. 116, 4558 (2016)",122.36397294995501,Pb,F,1,3,2,1,8,0,0,Ethylammonium
0926,8.26003354025,4.0934713679,4.52251050689,79.3992687461,104.195658444,122.727847481,Ethylammonium Lead Fluoride,15,"B.Saparov et al., Chem. Rev. 116, 4558 (2016)",124.464472557146,Pb,F,1,3,2,1,8,0,0,Ethylammonium
0927,4.79111687342,4.93650710402,6.76338808651,73.9170879489,89.842763201,89.769359303,Propylammonium Lead Fluoride,18,"S.Kataoka et al., J. Am. Chem. Soc. 137, 4158 (2015)",153.70133253609933,Pb,F,1,3,3,1,10,0,0,Propylammonium
0928,4.84025325465,4.77820594297,6.87230260269,104.650143779,75.5215704713,92.0108494387,Propylammonium Lead Fluoride,18,"S.Kataoka et al., J. Am. Chem. Soc. 137, 4158 (2015)",148.82251685394917,Pb,F,1,3,3,1,10,0,0,Propylammonium
0929,5.08076811016,4.80943312461,6.47915930152,106.67895773,75.9534303087,92.9016921282,Propylammonium Lead Fluoride,18,"S.Kataoka et al., J. Am. Chem. Soc. 137, 4158 (2015)",147.09556415845782,Pb,F,1,3,3,1,10,0,0,Propylammonium
0930,4.93568114602,5.4091899877,5.59293905104,99.9256144813,79.4578693538,91.2361480231,Propylammonium Lead Fluoride,18,"S.Kataoka et al., J. Am. Chem. Soc. 137, 4158 (2015)",144.59515673742382,Pb,F,1,3,3,1,10,0,0,Propylammonium
0931,5.2191681395,5.22864993992,5.43653494757,75.1435295612,90.4893202811,84.6333612311,Propylammonium Lead Fluoride,18,"S.Kataoka et al., J. Am. Chem. Soc. 137, 4158 (2015)",142.68912290579902,Pb,F,1,3,3,1,10,0,0,Propylammonium
0932,5.22455763143,4.99439215506,5.64194849216,82.8409533565,80.0656111901,81.9940606307,Propylammonium Lead Fluoride,18,"S.Kataoka et al., J. Am. Chem. Soc. 137, 4158 (2015)",142.83168538902441,Pb,F,1,3,3,1,10,0,0,Propylammonium
0933,9.54396467374,3.89859961135,4.5381545678,64.6688006541,81.6229148639,68.602725128,Propylammonium Lead Fluoride,18,"S.Kataoka et al., J. Am. Chem. Soc. 137, 4158 (2015)",142.09001785692686,Pb,F,1,3,3,1,10,0,0,Propylammonium
0934,4.6695187274,3.66575041464,8.86416804862,90.4155136293,109.36489474,98.5195436674,Propylammonium Lead Fluoride,18,"S.Kataoka et al., J. Am. Chem. Soc. 137, 4158 (2015)",141.3083098106206,Pb,F,1,3,3,1,10,0,0,Propylammonium
0935,5.1332663006,4.68828275045,6.58675831802,89.8925489842,114.243370702,78.3714356925,Propylammonium Lead Fluoride,18,"S.Kataoka et al., J. Am. Chem. Soc. 137, 4158 (2015)",140.9345769251345,Pb,F,1,3,3,1,10,0,0,Propylammonium
0936,4.86444854413,4.83153215546,6.87108655651,80.7355765041,112.98985746,80.7831992148,Propylammonium Lead Fluoride,18,"S.Kataoka et al., J. Am. Chem. Soc. 137, 4158 (2015)",142.2336575476486,Pb,F,1,3,3,1,10,0,0,Propylammonium
0937,4.83150455935,4.87291000573,7.73516878708,63.4035953577,118.846469832,99.1985892978,Propylammonium Lead Fluoride,18,"S.Kataoka et al., J. Am. Chem. Soc. 137, 4158 (2015)",142.2690049868213,Pb,F,1,3,3,1,10,0,0,Propylammonium
0938,5.59591238767,6.70424283209,4.70335649105,83.0622019778,93.5341045951,105.222852955,Butylammonium Lead Fluoride,21,"H. Hu et al., Sci. Rep. 6, 33546 (2016)",168.93220558327016,Pb,F,1,3,4,1,12,0,0,Butylammonium
0939,4.89939365771,5.5051723114,6.93735336469,71.3463603362,80.8085319916,82.4779031993,Butylammonium Lead Fluoride,21,"H. Hu et al., Sci. Rep. 6, 33546 (2016)",174.3703380428842,Pb,F,1,3,4,1,12,0,0,Butylammonium
0940,6.41171671788,4.88787547403,4.70344603207,82.8686417146,87.8445551374,91.1637853897,Isopropylammonium Lead Fluoride,18,"C.C.Stoumpos et al., J. Am. Chem. Soc. 137, 6804 (2015)",146.11428551092726,Pb,F,1,3,3,1,10,0,0,Isopropylammonium
0941,4.87145109376,5.84388683439,5.28456502766,89.6267439008,99.3790660073,77.6574774232,Isopropylammonium Lead Fluoride,18,"C.C.Stoumpos et al., J. Am. Chem. Soc. 137, 6804 (2015)",144.86680378224364,Pb,F,1,3,3,1,10,0,0,Isopropylammonium
0942,5.52760715017,5.33819517554,5.03540300267,75.532623698,82.0147873815,91.6628865052,Isopropylammonium Lead Fluoride,18,"C.C.Stoumpos et al., J. Am. Chem. Soc. 137, 6804 (2015)",142.16042509902812,Pb,F,1,3,3,1,10,0,0,Isopropylammonium
0943,5.07565602585,4.75999339728,6.19989640105,90.4955421995,96.0039717071,79.7360992397,Isopropylammonium Lead Fluoride,18,"C.C.Stoumpos et al., J. Am. Chem. Soc. 137, 6804 (2015)",146.57689523270793,Pb,F,1,3,3,1,10,0,0,Isopropylammonium
0944,6.29152226512,4.79018000339,4.94376320224,100.299151433,85.3867250151,93.263814596,Isopropylammonium Lead Fluoride,18,"C.C.Stoumpos et al., J. Am. Chem. Soc. 137, 6804 (2015)",145.9796268029912,Pb,F,1,3,3,1,10,0,0,Isopropylammonium
0945,4.09003074402,4.6928284017,8.58153719344,111.72136214,91.0968593264,113.77371346,Isopropylammonium Lead Fluoride,18,"C.C.Stoumpos et al., J. Am. Chem. Soc. 137, 6804 (2015)",137.2601572314565,Pb,F,1,3,3,1,10,0,0,Isopropylammonium
0946,7.39643112163,3.8893971696,5.37522069648,104.107765233,85.4726071657,99.0688153343,Isopropylammonium Lead Fluoride,18,"C.C.Stoumpos et al., J. Am. Chem. Soc. 137, 6804 (2015)",147.9614098956877,Pb,F,1,3,3,1,10,0,0,Isopropylammonium
0947,5.69811203006,4.38146909298,6.54375322036,83.8118083547,83.7775809967,66.9050626075,Isopropylammonium Lead Fluoride,18,"C.C.Stoumpos et al., J. Am. Chem. Soc. 137, 6804 (2015)",149.0122572317331,Pb,F,1,3,3,1,10,0,0,Isopropylammonium
0948,7.48621335765,3.89460820061,5.62824928972,92.0849872064,87.4555498316,114.781738492,Isopropylammonium Lead Fluoride,18,"C.C.Stoumpos et al., J. Am. Chem. Soc. 137, 6804 (2015)",148.80956558683383,Pb,F,1,3,3,1,10,0,0,Isopropylammonium
0949,5.62359035791,3.85910073035,7.43066732311,102.944497056,85.4568152627,112.481736393,Isopropylammonium Lead Fluoride,18,"C.C.Stoumpos et al., J. Am. Chem. Soc. 137, 6804 (2015)",145.214501002083,Pb,F,1,3,3,1,10,0,0,Isopropylammonium
0950,8.07046758075,3.98507660939,4.75718318106,68.4026798205,80.6430963326,76.5625748902,Isopropylammonium Lead Fluoride,18,"C.C.Stoumpos et al., J. Am. Chem. Soc. 137, 6804 (2015)",137.858962387749,Pb,F,1,3,3,1,10,0,0,Isopropylammonium
0951,5.29811732639,3.84372290167,7.53082700188,75.2687067547,87.3892894113,102.313563458,Isopropylammonium Lead Fluoride,18,"C.C.Stoumpos et al., J. Am. Chem. Soc. 137, 6804 (2015)",144.09802750243398,Pb,F,1,3,3,1,10,0,0,Isopropylammonium
0952,5.60920370784,4.82256809512,4.78739039046,82.5436688876,100.542826658,99.8521869932,Dimethylammonium Lead Fluoride,15,"B.Saparov et al., Chem. Rev. 116, 4558 (2016)",124.78898745717893,Pb,F,1,3,2,1,8,0,0,Dimethylammonium
0953,5.23082052969,4.95407529031,4.96187300831,77.3367523735,102.60853571,96.8118431604,Dimethylammonium Lead Fluoride,15,"B.Saparov et al., Chem. Rev. 116, 4558 (2016)",122.08976180499984,Pb,F,1,3,2,1,8,0,0,Dimethylammonium
0954,5.12049619649,4.91407069159,5.09976786099,83.7478761779,78.7608866517,76.170356991,Dimethylammonium Lead Fluoride,15,"B.Saparov et al., Chem. Rev. 116, 4558 (2016)",121.95135123940433,Pb,F,1,3,2,1,8,0,0,Dimethylammonium
0955,4.64063029406,3.66260665334,7.41077704294,94.5810645323,81.5556281469,96.6158077873,Dimethylammonium Lead Fluoride,15,"B.Saparov et al., Chem. Rev. 116, 4558 (2016)",123.51004737576365,Pb,F,1,3,2,1,8,0,0,Dimethylammonium
0956,4.57843001059,3.6104057717,7.47417136188,83.5161810766,82.4129731259,86.9773701753,Dimethylammonium Lead Fluoride,15,"B.Saparov et al., Chem. Rev. 116, 4558 (2016)",121.59330161775341,Pb,F,1,3,2,1,8,0,0,Dimethylammonium
0957,5.10060633546,5.12708213257,5.12863065307,87.2384913074,103.472742103,77.8256585152,Acetamidinium Lead Fluoride,15,"C.C.Stoumpos et al., J. Am. Chem. Soc. 137, 6804 (2015)",126.82604422763768,Pb,F,1,3,2,2,7,0,0,Acetamidinium
0958,5.09972235729,5.13483597985,5.12119573295,92.743606205,102.233889554,103.436718793,Acetamidinium Lead Fluoride,15,"C.C.Stoumpos et al., J. Am. Chem. Soc. 137, 6804 (2015)",126.80502571796335,Pb,F,1,3,2,2,7,0,0,Acetamidinium
0959,5.05642637545,5.22286953506,5.07773563284,82.3389753312,105.858694345,88.8442950961,Acetamidinium Lead Fluoride,15,"C.C.Stoumpos et al., J. Am. Chem. Soc. 137, 6804 (2015)",127.61734530408333,Pb,F,1,3,2,2,7,0,0,Acetamidinium
0960,4.62690261814,3.49971344066,8.11463260029,86.6845322187,90.921152343,96.3670738144,Acetamidinium Lead Fluoride,15,"C.C.Stoumpos et al., J. Am. Chem. Soc. 137, 6804 (2015)",130.36364330143573,Pb,F,1,3,2,2,7,0,0,Acetamidinium
0961,8.4964711774,3.57073444747,4.56029855845,100.824124218,87.5261962835,105.362260369,Acetamidinium Lead Fluoride,15,"C.C.Stoumpos et al., J. Am. Chem. Soc. 137, 6804 (2015)",131.0331561487101,Pb,F,1,3,2,2,7,0,0,Acetamidinium
0962,4.83116299796,4.70789365329,4.70893474227,94.9612802027,101.765821679,87.3060478656,Methylammonium Lead Fluoride,12,"T.D.Huan et al., Phys. Rev. B 93,094105(2016)",104.41232420896151,Pb,F,1,3,1,1,6,0,0,Methylammonium
0963,4.6064565934,4.62492584741,5.00433910427,90.9559068276,79.7174260413,91.3876922314,Methylammonium Lead Fluoride,12,"T.D.Huan et al., Phys. Rev. B 93,094105(2016)",104.86369304249762,Pb,F,1,3,1,1,6,0,0,Methylammonium
0964,4.33973317945,3.45761341401,6.67205256731,84.258592845,88.7696313245,90.0011783194,Methylammonium Lead Fluoride,12,"T.D.Huan et al., Phys. Rev. B 93,094105(2016)",99.58952066051783,Pb,F,1,3,1,1,6,0,0,Methylammonium
0965,4.6262199845,3.62095075621,6.94777846993,106.913358917,84.3669353441,71.9796755819,Methylammonium Lead Fluoride,12,"T.D.Huan et al., Phys. Rev. B 93,094105(2016)",103.59909901925366,Pb,F,1,3,1,1,6,0,0,Methylammonium
0966,6.44616977232,3.54264985333,4.58821157049,77.8025814516,94.9316546278,90.4258192726,Methylammonium Lead Fluoride,12,"T.D.Huan et al., Phys. Rev. B 93,094105(2016)",102.02812323366182,Pb,F,1,3,1,1,6,0,0,Methylammonium
0967,5.76792869833,4.12948616366,6.16677700916,47.9613027437,95.877961395,98.8119263623,Methylammonium Lead Fluoride,12,"T.D.Huan et al., Phys. Rev. B 93,094105(2016)",107.80195112566939,Pb,F,1,3,1,1,6,0,0,Methylammonium
0968,4.98398613671,5.01407332732,5.01066611168,98.9041353899,97.9556188872,97.6707644914,Guanidinium Lead Fluoride,14,"B.Saparov et al., Chem. Rev. 116, 4558 (2016)",120.972126038562,Pb,F,1,3,1,3,6,0,0,Guanidinium
0969,8.57305949629,3.40790437336,4.56647658138,79.6744248753,95.3435149826,113.569404551,Guanidinium Lead Fluoride,14,"B.Saparov et al., Chem. Rev. 116, 4558 (2016)",120.27053632673353,Pb,F,1,3,1,3,6,0,0,Guanidinium
0970,4.62069791393,4.45982026037,4.6452103042,102.619407212,100.946719806,76.5826659429,Hydroxylammonium Lead Fluoride,10,"G.Kieslich et al., Chem. Sci. 6, 3430 (2015)",89.88158337580158,Pb,F,1,3,0,1,4,0,1,Hydroxylammonium
0971,4.76183087593,3.93332982729,5.5247342648,111.489581025,85.3553610719,86.3572356807,Hydroxylammonium Lead Fluoride,10,"G.Kieslich et al., Chem. Sci. 6, 3430 (2015)",95.4821415098465,Pb,F,1,3,0,1,4,0,1,Hydroxylammonium
0972,5.74289354037,3.85809159654,4.5584457525,105.068141143,98.6360082828,68.8799144036,Hydroxylammonium Lead Fluoride,10,"G.Kieslich et al., Chem. Sci. 6, 3430 (2015)",90.79685799277762,Pb,F,1,3,0,1,4,0,1,Hydroxylammonium
0973,4.7336683494,3.8858152386,5.45836743485,106.296195543,81.1009231588,106.239478814,Hydroxylammonium Lead Fluoride,10,"G.Kieslich et al., Chem. Sci. 6, 3430 (2015)",92.20630152233156,Pb,F,1,3,0,1,4,0,1,Hydroxylammonium
0974,5.97208857723,3.83228471677,4.36379523165,87.141998988,86.5755647377,72.3767497531,Hydroxylammonium Lead Fluoride,10,"G.Kieslich et al., Chem. Sci. 6, 3430 (2015)",94.96283437163909,Pb,F,1,3,0,1,4,0,1,Hydroxylammonium
0975,5.26567922035,3.92335786415,4.75905658191,115.838616799,92.3386251237,79.8948177999,Hydroxylammonium Lead Fluoride,10,"G.Kieslich et al., Chem. Sci. 6, 3430 (2015)",87.04541560402407,Pb,F,1,3,0,1,4,0,1,Hydroxylammonium
0976,5.24080772776,3.63370948739,5.01812250117,80.7158212203,85.362168782,72.6241809533,Hydroxylammonium Lead Fluoride,10,"G.Kieslich et al., Chem. Sci. 6, 3430 (2015)",89.95319575980312,Pb,F,1,3,0,1,4,0,1,Hydroxylammonium
0977,4.76625915323,4.99420555546,4.77757174004,93.5728667152,108.729015435,92.882283762,Formamidinium Lead Fluoride,12,"T.D.Huan et al., Phys. Rev. B 93,094105(2016)",107.19485168081165,Pb,F,1,3,1,2,5,0,0,Formamidinium
0978,4.7547310704,5.49276954764,4.66202707855,106.962618281,98.2084904084,72.5952596689,Formamidinium Lead Fluoride,12,"T.D.Huan et al., Phys. Rev. B 93,094105(2016)",110.92177625350746,Pb,F,1,3,1,2,5,0,0,Formamidinium
0979,5.51885120262,5.51681283928,5.47752750497,90.7114596461,89.0025607633,89.5769959274,Tetramethylammonium Lead Fluoride,21,"B.Saparov et al., Chem. Rev. 116, 4558 (2016)",166.72843092265327,Pb,F,1,3,4,1,12,0,0,Tetramethylammonium
0980,3.63793587972,5.17096813152,5.40479382035,89.941068498,107.558731362,97.2206021272,Hydrazinium Lead Fluoride,11,"B.Saparov et al., Chem. Rev. 116, 4558 (2016)",96.09404634863567,Pb,F,1,3,0,2,5,0,0,Hydrazinium
0981,6.49842315418,4.78702818924,4.57816803908,90.3682213928,45.0453194028,103.508887129,Hydrazinium Lead Fluoride,11,"B.Saparov et al., Chem. Rev. 116, 4558 (2016)",95.35686217783525,Pb,F,1,3,0,2,5,0,0,Hydrazinium
0982,3.53226128952,4.94123198856,6.59387886112,75.6244004802,113.198547761,114.272929228,Hydrazinium Lead Fluoride,11,"B.Saparov et al., Chem. Rev. 116, 4558 (2016)",95.91756533428638,Pb,F,1,3,0,2,5,0,0,Hydrazinium
0983,6.02761932543,4.63486367382,3.5446421439,100.474613093,80.4228595353,94.3305999839,Hydrazinium Lead Fluoride,11,"B.Saparov et al., Chem. Rev. 116, 4558 (2016)",95.91524414650308,Pb,F,1,3,0,2,5,0,0,Hydrazinium
0984,7.17995416814,3.69963159263,4.55060948592,109.274814237,105.515519905,56.4208292001,Hydrazinium Lead Fluoride,11,"B.Saparov et al., Chem. Rev. 116, 4558 (2016)",94.50581979455599,Pb,F,1,3,0,2,5,0,0,Hydrazinium
0985,6.45193732115,3.4383750685,4.19404244313,86.5723210853,100.738302004,92.4548325633,Hydrazinium Lead Fluoride,11,"B.Saparov et al., Chem. Rev. 116, 4558 (2016)",91.20091108433539,Pb,F,1,3,0,2,5,0,0,Hydrazinium
0986,6.12177882855,3.48677601987,4.91794366529,109.111270591,91.2261627144,83.2373274563,Hydrazinium Lead Fluoride,11,"B.Saparov et al., Chem. Rev. 116, 4558 (2016)",98.48252670998544,Pb,F,1,3,0,2,5,0,0,Hydrazinium
0987,5.36383703707,3.75545231739,5.11689871872,78.7031108064,90.0937041631,72.560614169,Hydrazinium Lead Fluoride,11,"B.Saparov et al., Chem. Rev. 116, 4558 (2016)",96.22912552086801,Pb,F,1,3,0,2,5,0,0,Hydrazinium
0988,5.57610756304,4.64614386867,3.66780463993,67.0595538353,109.08739283,99.8740801915,Ammonium Lead Fluoride,9,"T.D.Huan et al., Phys. Rev. B 93,094105(2016)",82.59094839140639,Pb,F,1,3,0,1,4,0,0,Ammonium
0989,3.60709394086,5.48563070306,4.73888997195,97.5524460448,112.541037097,69.7900342515,Ammonium Lead Fluoride,9,"T.D.Huan et al., Phys. Rev. B 93,094105(2016)",81.2736899145009,Pb,F,1,3,0,1,4,0,0,Ammonium
0990,4.852359347,5.7042292317,5.32758615766,86.7631030144,87.624264474,101.625709693,Trimethylammonium Lead Fluoride,18,"A. Mancini et al., J. Solid State Chem. 240, 55 (2016)",143.9958757602601,Pb,F,1,3,3,1,10,0,0,Trimethylammonium
0991,5.1597339111,5.13038356237,5.4704430357,97.583904778,84.7455529779,83.8499219009,Trimethylammonium Lead Fluoride,18,"A. Mancini et al., J. Solid State Chem. 240, 55 (2016)",141.8940517379987,Pb,F,1,3,3,1,10,0,0,Trimethylammonium
0992,5.2237722576,5.65130592338,5.02840324405,97.246507356,94.9056473568,98.2131384728,Trimethylammonium Lead Fluoride,18,"A. Mancini et al., J. Solid State Chem. 240, 55 (2016)",144.93553545236807,Pb,F,1,3,3,1,10,0,0,Trimethylammonium
0993,5.02497339968,5.27965136005,5.58918974559,80.4919068643,84.2380594463,94.9084813499,Trimethylammonium Lead Fluoride,18,"A. Mancini et al., J. Solid State Chem. 240, 55 (2016)",144.71535244497656,Pb,F,1,3,3,1,10,0,0,Trimethylammonium
0994,3.98398002069,7.24440467984,5.4791252328,95.3631519123,73.7633351812,77.6931064595,Trimethylammonium Lead Fluoride,18,"A. Mancini et al., J. Solid State Chem. 240, 55 (2016)",146.3516710865113,Pb,F,1,3,3,1,10,0,0,Trimethylammonium
0995,7.33397530449,4.12440034929,4.9984427226,95.4746174645,95.2656762925,87.198529945,Trimethylammonium Lead Fluoride,18,"A. Mancini et al., J. Solid State Chem. 240, 55 (2016)",149.74652672371184,Pb,F,1,3,3,1,10,0,0,Trimethylammonium
0996,4.9663792075,4.19886989578,7.28461546597,87.6012092448,84.1956108751,84.7933981704,Trimethylammonium Lead Fluoride,18,"A. Mancini et al., J. Solid State Chem. 240, 55 (2016)",150.42311920332136,Pb,F,1,3,3,1,10,0,0,Trimethylammonium
0997,4.95489085421,3.91941897476,7.62784623403,89.973309807,85.7753811357,86.6685347828,Trimethylammonium Lead Fluoride,18,"A. Mancini et al., J. Solid State Chem. 240, 55 (2016)",147.48177247896615,Pb,F,1,3,3,1,10,0,0,Trimethylammonium
0998,4.87604937796,5.09063002926,5.97173108419,90.3907318901,92.0709155268,77.1481272599,Trimethylammonium Lead Fluoride,18,"A. Mancini et al., J. Solid State Chem. 240, 55 (2016)",144.42334780358473,Pb,F,1,3,3,1,10,0,0,Trimethylammonium
0999,5.69136281891,4.80526295674,4.89221926192,94.4916053371,96.801893157,94.3432890178,Azetidinium Lead Fluoride,16,"B. Zhou et al., Angew. Chem. Int. Ed. 50, 11441 (2011)",131.95586899614906,Pb,F,1,3,3,1,8,0,0,Azetidinium
1000,4.91560593512,5.51803675751,5.00034247769,84.646101533,85.4508191381,100.242263596,Azetidinium Lead Fluoride,16,"B. Zhou et al., Angew. Chem. Int. Ed. 50, 11441 (2011)",132.24997114682577,Pb,F,1,3,3,1,8,0,0,Azetidinium
1001,7.07885063799,4.62141197689,4.33104936459,103.473849356,81.7181287409,87.8281105365,Azetidinium Lead Fluoride,16,"B. Zhou et al., Angew. Chem. Int. Ed. 50, 11441 (2011)",135.97406776924504,Pb,F,1,3,3,1,8,0,0,Azetidinium
1002,6.56262392334,4.8430615342,4.35194338267,89.6172260385,94.1101223322,81.6756744796,Azetidinium Lead Fluoride,16,"B. Zhou et al., Angew. Chem. Int. Ed. 50, 11441 (2011)",136.48900256846798,Pb,F,1,3,3,1,8,0,0,Azetidinium
1003,4.73644118933,3.69729703539,7.67059682369,92.0416850055,87.7372601399,82.0246387803,Azetidinium Lead Fluoride,16,"B. Zhou et al., Angew. Chem. Int. Ed. 50, 11441 (2011)",132.81002906847314,Pb,F,1,3,3,1,8,0,0,Azetidinium
1004,5.04872006989,3.7580703786,7.38135561621,102.665642008,87.9551395431,106.60305287,Azetidinium Lead Fluoride,16,"B. Zhou et al., Angew. Chem. Int. Ed. 50, 11441 (2011)",130.89036013884757,Pb,F,1,3,3,1,8,0,0,Azetidinium
1005,3.67822926972,4.69492450225,7.82293176908,85.3349293389,94.1923572029,100.945979988,Azetidinium Lead Fluoride,16,"B. Zhou et al., Angew. Chem. Int. Ed. 50, 11441 (2011)",131.96734720956798,Pb,F,1,3,3,1,8,0,0,Azetidinium
1006,6.53975138202,4.99988467435,4.32727154314,72.6885825224,83.1737879942,81.6524682725,Azetidinium Lead Fluoride,16,"B. Zhou et al., Angew. Chem. Int. Ed. 50, 11441 (2011)",133.22317859212822,Pb,F,1,3,3,1,8,0,0,Azetidinium
1007,6.97466762428,4.65332399728,4.3750204863,106.165525691,83.67561341,88.0743312189,Azetidinium Lead Fluoride,16,"B. Zhou et al., Angew. Chem. Int. Ed. 50, 11441 (2011)",135.24122932391504,Pb,F,1,3,3,1,8,0,0,Azetidinium
1008,4.70467734632,6.17344887235,4.70425210441,86.2836916746,75.7852025388,93.7113765567,Imidazolium Lead Fluoride,14,"B.Saparov et al., Chem. Rev. 116, 4558 (2016)",131.70871060393952,Pb,F,1,3,3,2,5,0,0,Imidazolium
1009,4.79071135559,6.02830938553,4.70627906254,97.2464360134,78.5608075492,84.0131166379,Imidazolium Lead Fluoride,14,"B.Saparov et al., Chem. Rev. 116, 4558 (2016)",130.97885522417428,Pb,F,1,3,3,2,5,0,0,Imidazolium
1010,5.58789205549,5.09803465521,4.87575011121,76.5668645462,82.430759913,98.1984445923,Imidazolium Lead Fluoride,14,"B.Saparov et al., Chem. Rev. 116, 4558 (2016)",131.74108441694128,Pb,F,1,3,3,2,5,0,0,Imidazolium
1011,4.86952631037,5.12849838233,5.5548695707,98.2746353103,98.1516072369,102.943439777,Imidazolium Lead Fluoride,14,"B.Saparov et al., Chem. Rev. 116, 4558 (2016)",131.59536132691315,Pb,F,1,3,3,2,5,0,0,Imidazolium
1012,4.62131492277,3.53806123674,8.11574000106,87.2611003165,87.9628617523,81.7304873015,Imidazolium Lead Fluoride,14,"B.Saparov et al., Chem. Rev. 116, 4558 (2016)",131.11144352001148,Pb,F,1,3,3,2,5,0,0,Imidazolium
1013,4.58940119138,3.5560209057,8.1308084949,92.2405440462,88.2203865938,93.7250069986,Imidazolium Lead Fluoride,14,"B.Saparov et al., Chem. Rev. 116, 4558 (2016)",132.2591659142844,Pb,F,1,3,3,2,5,0,0,Imidazolium
1014,5.88309586075,5.80898291421,6.00588681852,81.4848511045,88.602711313,94.386835293,Ethylammonium Lead Chloride,15,"B.Saparov et al., Chem. Rev. 116, 4558 (2016)",202.26003207262252,Pb,Cl,1,3,2,1,8,0,0,Ethylammonium
1015,5.65622548739,4.15131324985,8.74081381298,96.9885773255,90.451428007,92.0999429744,Ethylammonium Lead Chloride,15,"B.Saparov et al., Chem. Rev. 116, 4558 (2016)",203.5635748272803,Pb,Cl,1,3,2,1,8,0,0,Ethylammonium
1016,8.34761325021,4.23943133307,5.81939098518,82.0297248897,93.5373875784,87.7271353726,Ethylammonium Lead Chloride,15,"B.Saparov et al., Chem. Rev. 116, 4558 (2016)",203.32293113506614,Pb,Cl,1,3,2,1,8,0,0,Ethylammonium
1017,5.87811462912,4.3285459438,8.12861480393,94.7504781805,96.9943653665,93.7226190805,Ethylammonium Lead Chloride,15,"B.Saparov et al., Chem. Rev. 116, 4558 (2016)",203.98853380255346,Pb,Cl,1,3,2,1,8,0,0,Ethylammonium
1018,7.34457071641,4.47581666561,6.96967888752,108.950028376,84.6860587258,100.499588858,Ethylammonium Lead Chloride,15,"B.Saparov et al., Chem. Rev. 116, 4558 (2016)",212.9303679934577,Pb,Cl,1,3,2,1,8,0,0,Ethylammonium
1019,4.72498070844,4.06584326857,10.4120464199,78.8887095849,85.2453659417,90.4195834266,Ethylammonium Lead Chloride,15,"B.Saparov et al., Chem. Rev. 116, 4558 (2016)",195.545653373216,Pb,Cl,1,3,2,1,8,0,0,Ethylammonium
1020,5.80736521641,4.4110539945,7.95086602697,85.9641315057,85.2791957875,78.5804099061,Ethylammonium Lead Chloride,15,"B.Saparov et al., Chem. Rev. 116, 4558 (2016)",198.65967657104574,Pb,Cl,1,3,2,1,8,0,0,Ethylammonium
1021,8.68771156313,4.12409548286,5.44112627631,90.3312484424,89.90540852,90.3015961995,Ethylammonium Lead Chloride,15,"B.Saparov et al., Chem. Rev. 116, 4558 (2016)",194.94363746156176,Pb,Cl,1,3,2,1,8,0,0,Ethylammonium
1022,10.6449717325,4.53612895895,4.29198465831,90.1789240236,89.5258842774,85.717541824,Ethylammonium Lead Chloride,15,"B.Saparov et al., Chem. Rev. 116, 4558 (2016)",206.65975670382542,Pb,Cl,1,3,2,1,8,0,0,Ethylammonium
1023,9.38200223437,4.48801752719,5.66634839281,89.5251226033,97.9717268521,119.40660662,Ethylammonium Lead Chloride,15,"B.Saparov et al., Chem. Rev. 116, 4558 (2016)",205.34621567087848,Pb,Cl,1,3,2,1,8,0,0,Ethylammonium
1024,5.82835088262,5.79929003456,7.17042635384,73.6790627245,87.4307919843,86.2309126443,Propylammonium Lead Chloride,18,"S.Kataoka et al., J. Am. Chem. Soc. 137, 4158 (2015)",232.00499037413488,Pb,Cl,1,3,3,1,10,0,0,Propylammonium
1025,5.74230038215,5.73856901587,7.40823860424,102.675077993,80.7203954358,89.7191597114,Propylammonium Lead Chloride,18,"S.Kataoka et al., J. Am. Chem. Soc. 137, 4158 (2015)",234.84871170391114,Pb,Cl,1,3,3,1,10,0,0,Propylammonium
1026,5.78487151581,5.78342964083,7.31816338389,103.074220978,80.3135736769,90.7200200418,Propylammonium Lead Chloride,18,"S.Kataoka et al., J. Am. Chem. Soc. 137, 4158 (2015)",235.009626408373,Pb,Cl,1,3,3,1,10,0,0,Propylammonium
1027,6.14572875115,5.89189831969,6.15950235489,97.7651222366,81.2484907937,96.2301394757,Propylammonium Lead Chloride,18,"S.Kataoka et al., J. Am. Chem. Soc. 137, 4158 (2015)",217.53464134580744,Pb,Cl,1,3,3,1,10,0,0,Propylammonium
1028,6.15225868792,6.15662493585,5.98773953757,77.1756693317,89.5196521772,83.7849350022,Propylammonium Lead Chloride,18,"S.Kataoka et al., J. Am. Chem. Soc. 137, 4158 (2015)",219.81266706357508,Pb,Cl,1,3,3,1,10,0,0,Propylammonium
1029,8.08758435982,4.29399607952,7.18770428366,75.2115908347,83.1156999312,76.2308866886,Propylammonium Lead Chloride,18,"S.Kataoka et al., J. Am. Chem. Soc. 137, 4158 (2015)",233.94600272252455,Pb,Cl,1,3,3,1,10,0,0,Propylammonium
1030,5.75684117795,4.21003601484,10.3181369056,89.0817249647,115.628481665,99.4745263562,Propylammonium Lead Chloride,18,"S.Kataoka et al., J. Am. Chem. Soc. 137, 4158 (2015)",221.96848153076976,Pb,Cl,1,3,3,1,10,0,0,Propylammonium
1031,7.24488081487,4.25703787317,9.51785425122,107.045021948,123.530196998,72.2117817801,Propylammonium Lead Chloride,18,"S.Kataoka et al., J. Am. Chem. Soc. 137, 4158 (2015)",230.12271619284587,Pb,Cl,1,3,3,1,10,0,0,Propylammonium
1032,11.0698206241,4.23168140991,5.82311533477,93.7572968084,61.4074042397,108.773340417,Propylammonium Lead Chloride,18,"S.Kataoka et al., J. Am. Chem. Soc. 137, 4158 (2015)",225.48060112592722,Pb,Cl,1,3,3,1,10,0,0,Propylammonium
1033,5.77074423483,5.75122581892,9.36241221611,62.8433864333,123.778261198,96.2343647563,Propylammonium Lead Chloride,18,"S.Kataoka et al., J. Am. Chem. Soc. 137, 4158 (2015)",225.33327786905645,Pb,Cl,1,3,3,1,10,0,0,Propylammonium
1034,7.53346642593,5.92925306884,6.00775395889,83.825113082,102.969658661,106.302860278,Butylammonium Lead Chloride,21,"H. Hu et al., Sci. Rep. 6, 33546 (2016)",250.70747326141955,Pb,Cl,1,3,4,1,12,0,0,Butylammonium
1035,6.00713296075,5.92659492424,7.55418939322,73.7108433202,76.9141560444,83.633313627,Butylammonium Lead Chloride,21,"H. Hu et al., Sci. Rep. 6, 33546 (2016)",251.12050538160412,Pb,Cl,1,3,4,1,12,0,0,Butylammonium
1036,6.39153069764,7.02374877711,5.84868268258,83.1874409032,93.976616018,110.566462474,Butylammonium Lead Chloride,21,"H. Hu et al., Sci. Rep. 6, 33546 (2016)",243.9838499808601,Pb,Cl,1,3,4,1,12,0,0,Butylammonium
1037,6.003684029,5.91962942355,7.57236770048,73.6794293177,77.2422190647,83.8197271091,Butylammonium Lead Chloride,21,"H. Hu et al., Sci. Rep. 6, 33546 (2016)",251.59920203363507,Pb,Cl,1,3,4,1,12,0,0,Butylammonium
1038,6.45065552631,5.93423678298,5.91320188413,82.1006382681,84.1687571343,90.5789830168,Isopropylammonium Lead Chloride,18,"C.C.Stoumpos et al., J. Am. Chem. Soc. 137, 6804 (2015)",222.98108976384964,Pb,Cl,1,3,3,1,10,0,0,Isopropylammonium
1039,5.85607588005,6.19623401484,6.16813968666,87.692822118,95.0170567254,80.2907977316,Isopropylammonium Lead Chloride,18,"C.C.Stoumpos et al., J. Am. Chem. Soc. 137, 6804 (2015)",219.41859925352185,Pb,Cl,1,3,3,1,10,0,0,Isopropylammonium
1040,6.19439884033,6.08001880261,5.94667516723,79.167367466,84.2725751917,91.4479054551,Isopropylammonium Lead Chloride,18,"C.C.Stoumpos et al., J. Am. Chem. Soc. 137, 6804 (2015)",218.652774271379,Pb,Cl,1,3,3,1,10,0,0,Isopropylammonium
1041,5.85854807729,5.75836183617,6.60997565099,94.3630236707,92.3583042226,83.666192732,Isopropylammonium Lead Chloride,18,"C.C.Stoumpos et al., J. Am. Chem. Soc. 137, 6804 (2015)",220.8676030251859,Pb,Cl,1,3,3,1,10,0,0,Isopropylammonium
1042,6.56539350848,5.76809952309,5.8827028535,96.4325740162,87.8426660791,94.8503098872,Isopropylammonium Lead Chloride,18,"C.C.Stoumpos et al., J. Am. Chem. Soc. 137, 6804 (2015)",220.49247828259504,Pb,Cl,1,3,3,1,10,0,0,Isopropylammonium
1043,6.95561937067,4.53847514532,8.18174947469,108.415076526,88.7732317406,110.003529677,Isopropylammonium Lead Chloride,18,"C.C.Stoumpos et al., J. Am. Chem. Soc. 137, 6804 (2015)",229.18091367959371,Pb,Cl,1,3,3,1,10,0,0,Isopropylammonium
1044,8.15988372739,4.59371169057,6.75022281028,111.191877154,79.3429109394,104.218394912,Propylammonium Lead Chloride,18,"S.Kataoka et al., J. Am. Chem. Soc. 137, 4158 (2015)",227.391072225842,Pb,Cl,1,3,3,1,10,0,0,Propylammonium
1045,7.96936196815,4.52330424519,7.00252537991,70.3264831926,80.3266864389,75.9200006571,Isopropylammonium Lead Chloride,18,"C.C.Stoumpos et al., J. Am. Chem. Soc. 137, 6804 (2015)",229.5225801560102,Pb,Cl,1,3,3,1,10,0,0,Isopropylammonium
1046,8.26470906415,4.58062466684,6.73377849251,108.649719935,79.2795077439,108.518394895,Isopropylammonium Lead Chloride,18,"C.C.Stoumpos et al., J. Am. Chem. Soc. 137, 6804 (2015)",228.01792574185905,Pb,Cl,1,3,3,1,10,0,0,Isopropylammonium
1047,7.71327601767,4.30663871757,7.27469524314,76.5017825554,79.2920749321,91.5270510207,Isopropylammonium Lead Chloride,18,"C.C.Stoumpos et al., J. Am. Chem. Soc. 137, 6804 (2015)",230.26536726224086,Pb,Cl,1,3,3,1,10,0,0,Isopropylammonium
1048,5.85867542258,4.36084280535,8.8463248662,82.7730646452,85.5701620067,95.393422374,Isopropylammonium Lead Chloride,18,"C.C.Stoumpos et al., J. Am. Chem. Soc. 137, 6804 (2015)",222.3150391627726,Pb,Cl,1,3,3,1,10,0,0,Isopropylammonium
1049,6.03684319134,5.88920211824,5.82212425763,85.3504242068,97.1330414268,97.9512303441,Dimethylammonium Lead Chloride,15,"B.Saparov et al., Chem. Rev. 116, 4558 (2016)",202.98244803806543,Pb,Cl,1,3,2,1,8,0,0,Dimethylammonium
1050,5.90424469291,5.93781163591,5.8978487367,85.1944381636,99.884801599,98.7883918938,Dimethylammonium Lead Chloride,15,"B.Saparov et al., Chem. Rev. 116, 4558 (2016)",200.95549188638344,Pb,Cl,1,3,2,1,8,0,0,Dimethylammonium
1051,5.92302001811,5.93336013304,5.87375223226,81.0354700662,99.6272323603,95.3581189768,Dimethylammonium Lead Chloride,15,"B.Saparov et al., Chem. Rev. 116, 4558 (2016)",200.54970319810033,Pb,Cl,1,3,2,1,8,0,0,Dimethylammonium
1052,5.93471438873,5.88998644934,5.9269726718,86.2036626322,82.6388536705,79.0959603247,Dimethylammonium Lead Chloride,15,"B.Saparov et al., Chem. Rev. 116, 4558 (2016)",201.57489506292742,Pb,Cl,1,3,2,1,8,0,0,Dimethylammonium
1053,5.80113044449,4.27026546928,8.28921137743,88.1685507335,82.6912818812,82.5349955291,Dimethylammonium Lead Chloride,15,"B.Saparov et al., Chem. Rev. 116, 4558 (2016)",201.9238620118621,Pb,Cl,1,3,2,1,8,0,0,Dimethylammonium
1054,8.22232286145,4.26299713806,6.81690926549,122.46607425,92.6458957392,93.7862038015,Dimethylammonium Lead Chloride,15,"B.Saparov et al., Chem. Rev. 116, 4558 (2016)",200.21233618507628,Pb,Cl,1,3,2,1,8,0,0,Dimethylammonium
1055,5.7260439589,4.24053965782,8.17022281816,82.9285509557,86.2742486171,86.0987972129,Dimethylammonium Lead Chloride,15,"B.Saparov et al., Chem. Rev. 116, 4558 (2016)",196.0989016100073,Pb,Cl,1,3,2,1,8,0,0,Dimethylammonium
1056,6.01775439791,5.93585879848,5.93836640708,88.5655285588,99.8913959548,81.1355139427,Acetamidinium Lead Chloride,15,"C.C.Stoumpos et al., J. Am. Chem. Soc. 137, 6804 (2015)",206.18323517347295,Pb,Cl,1,3,2,2,7,0,0,Acetamidinium
1057,5.98471751191,5.98186512313,5.97292463313,91.7515834149,100.148400649,100.866485652,Acetamidinium Lead Chloride,15,"C.C.Stoumpos et al., J. Am. Chem. Soc. 137, 6804 (2015)",206.25933115846757,Pb,Cl,1,3,2,2,7,0,0,Acetamidinium
1058,5.99618565947,5.90514735941,5.96750332521,83.2684611987,103.653262021,89.2875557695,Acetamidinium Lead Chloride,15,"C.C.Stoumpos et al., J. Am. Chem. Soc. 137, 6804 (2015)",203.7369835713787,Pb,Cl,1,3,2,2,7,0,0,Acetamidinium
1059,5.84239569807,4.13910139801,8.5509224539,89.7247473356,95.0938394711,101.526803371,Acetamidinium Lead Chloride,15,"C.C.Stoumpos et al., J. Am. Chem. Soc. 137, 6804 (2015)",201.7922899407794,Pb,Cl,1,3,2,2,7,0,0,Acetamidinium
1060,5.79036672702,4.24592104918,8.98645766239,109.113263089,83.3011383234,91.9386654576,Acetamidinium Lead Chloride,15,"C.C.Stoumpos et al., J. Am. Chem. Soc. 137, 6804 (2015)",207.32907521011018,Pb,Cl,1,3,2,2,7,0,0,Acetamidinium
1061,8.73742399566,3.84874784072,6.16737370008,89.8242107976,87.4221258204,89.9222341444,Acetamidinium Lead Chloride,15,"C.C.Stoumpos et al., J. Am. Chem. Soc. 137, 6804 (2015)",207.18630408261978,Pb,Cl,1,3,2,2,7,0,0,Acetamidinium
1062,5.77798305518,5.68618716573,5.8234080502,90.0253575048,91.9929436416,89.8728232873,Methylammonium Lead Chloride,12,"T.D.Huan et al., Phys. Rev. B 93,094105(2016)",191.21007051516185,Pb,Cl,1,3,1,1,6,0,0,Methylammonium
1063,5.76133357366,5.74663423444,5.82411873849,86.7931046532,85.3274999073,93.2145247049,Methylammonium Lead Chloride,12,"T.D.Huan et al., Phys. Rev. B 93,094105(2016)",191.52823523861318,Pb,Cl,1,3,1,1,6,0,0,Methylammonium
1064,5.82998519239,4.27452403635,7.52410154927,98.0960706885,83.2399211413,93.810919337,Methylammonium Lead Chloride,12,"T.D.Huan et al., Phys. Rev. B 93,094105(2016)",184.1068758376003,Pb,Cl,1,3,1,1,6,0,0,Methylammonium
1065,5.68034631126,4.16229900237,8.76148973379,118.274770341,83.4948578323,95.6424013824,Methylammonium Lead Chloride,12,"T.D.Huan et al., Phys. Rev. B 93,094105(2016)",181.02383910646358,Pb,Cl,1,3,1,1,6,0,0,Methylammonium
1066,7.24367953037,4.5275988205,7.30373027015,51.6634792369,98.8523700691,104.319913028,Methylammonium Lead Chloride,12,"T.D.Huan et al., Phys. Rev. B 93,094105(2016)",182.05025364961404,Pb,Cl,1,3,1,1,6,0,0,Methylammonium
1067,5.88361512585,5.88453698049,5.88258314275,97.6053747849,96.4462320853,96.171698169,Guanidinium Lead Chloride,14,"B.Saparov et al., Chem. Rev. 116, 4558 (2016)",199.04668645798984,Pb,Cl,1,3,1,3,6,0,0,Guanidinium
1068,5.83654217596,5.83303955724,5.85035840434,86.7654493085,94.2718245257,84.636524147,Guanidinium Lead Chloride,14,"B.Saparov et al., Chem. Rev. 116, 4558 (2016)",197.3478193248993,Pb,Cl,1,3,1,3,6,0,0,Guanidinium
1069,9.20468230548,4.09677505405,5.87454195238,77.5954420263,96.0907876884,116.426032691,Guanidinium Lead Chloride,14,"B.Saparov et al., Chem. Rev. 116, 4558 (2016)",193.73368671122503,Pb,Cl,1,3,1,3,6,0,0,Guanidinium
1070,5.63462846535,5.63374992966,5.6264674172,107.957580521,91.4834116191,80.2469169269,Hydroxylammonium Lead Chloride,10,"G.Kieslich et al., Chem. Sci. 6, 3430 (2015)",167.3844676711205,Pb,Cl,1,3,0,1,4,0,1,Hydroxylammonium
1071,5.76395846484,4.32251981441,7.05936138508,107.928678252,85.5599331656,91.9734275942,Hydroxylammonium Lead Chloride,10,"G.Kieslich et al., Chem. Sci. 6, 3430 (2015)",166.8293196950291,Pb,Cl,1,3,0,1,4,0,1,Hydroxylammonium
1072,7.00024992316,4.38198511652,5.71048659227,91.5163348811,95.7820874876,71.7329097389,Hydroxylammonium Lead Chloride,10,"G.Kieslich et al., Chem. Sci. 6, 3430 (2015)",165.49286395406486,Pb,Cl,1,3,0,1,4,0,1,Hydroxylammonium
1073,5.57925945463,4.18482559003,7.2193033713,105.877991549,81.3330901642,94.5083777202,Hydroxylammonium Lead Chloride,10,"G.Kieslich et al., Chem. Sci. 6, 3430 (2015)",160.15166786705447,Pb,Cl,1,3,0,1,4,0,1,Hydroxylammonium
1074,7.10886395853,4.25423079704,5.60563046293,85.4383024588,79.6984662517,74.7172107677,Hydroxylammonium Lead Chloride,10,"G.Kieslich et al., Chem. Sci. 6, 3430 (2015)",160.80463256766916,Pb,Cl,1,3,0,1,4,0,1,Hydroxylammonium
1075,5.69059267302,4.33097982519,6.88575996346,106.381300675,86.789691515,89.5096066355,Hydroxylammonium Lead Chloride,10,"G.Kieslich et al., Chem. Sci. 6, 3430 (2015)",162.50829564726257,Pb,Cl,1,3,0,1,4,0,1,Hydroxylammonium
1076,5.82314101282,5.81333707457,5.74551281986,81.3174305729,83.8157061539,86.2868188154,Formamidinium Lead Chloride,12,"T.D.Huan et al., Phys. Rev. B 93,094105(2016)",190.9156733988965,Pb,Cl,1,3,1,2,5,0,0,Formamidinium
1077,5.75145718635,5.81672090699,5.78349422851,89.9673952036,101.869742905,92.7635321702,Formamidinium Lead Chloride,12,"T.D.Huan et al., Phys. Rev. B 93,094105(2016)",189.11861648491856,Pb,Cl,1,3,1,2,5,0,0,Formamidinium
1078,5.687460898,6.11568474596,5.70171281839,101.056597008,99.1526889683,74.0480376383,Formamidinium Lead Chloride,12,"T.D.Huan et al., Phys. Rev. B 93,094105(2016)",185.95225070019237,Pb,Cl,1,3,1,2,5,0,0,Formamidinium
1079,6.11407042182,6.24887518292,6.25294774335,90.0865949522,91.070238112,89.5906842547,Tetramethylammonium Lead Chloride,21,"B.Saparov et al., Chem. Rev. 116, 4558 (2016)",238.85251661982738,Pb,Cl,1,3,4,1,12,0,0,Tetramethylammonium
1080,6.18432046342,6.35385974961,6.15846191373,89.5136491962,87.9221934157,89.9015276391,Tetramethylammonium Lead Chloride,21,"B.Saparov et al., Chem. Rev. 116, 4558 (2016)",241.82441956291157,Pb,Cl,1,3,4,1,12,0,0,Tetramethylammonium
1081,6.64034375956,5.01391600194,7.57296430405,90.6299198164,90.2229155104,85.4103737587,Tetramethylammonium Lead Chloride,21,"B.Saparov et al., Chem. Rev. 116, 4558 (2016)",251.31038966711037,Pb,Cl,1,3,4,1,12,0,0,Tetramethylammonium
1082,5.80141863322,5.57691283644,5.70488698925,95.4692491285,87.1004681646,88.3091329525,Hydrazinium Lead Chloride,11,"B.Saparov et al., Chem. Rev. 116, 4558 (2016)",183.39101685874576,Pb,Cl,1,3,0,2,5,0,0,Hydrazinium
1083,8.09008845132,5.56443945902,5.74311494876,106.115008498,46.1655516451,113.66514891,Hydrazinium Lead Chloride,11,"B.Saparov et al., Chem. Rev. 116, 4558 (2016)",170.81100357094172,Pb,Cl,1,3,0,2,5,0,0,Hydrazinium
1084,3.93297777655,5.8914282428,7.98689820731,82.3660270674,108.108297397,112.482161152,Hydrazinium Lead Chloride,11,"B.Saparov et al., Chem. Rev. 116, 4558 (2016)",162.50817049038235,Pb,Cl,1,3,0,2,5,0,0,Hydrazinium
1085,6.94135547568,5.68604650933,4.46517048257,91.0388712965,72.3011391689,87.8093178853,Hydrazinium Lead Chloride,11,"B.Saparov et al., Chem. Rev. 116, 4558 (2016)",167.68892428177372,Pb,Cl,1,3,0,2,5,0,0,Hydrazinium
1086,7.4895425975,4.04011385901,5.93712787889,91.0339933406,94.9531126286,71.7866469485,Hydrazinium Lead Chloride,11,"B.Saparov et al., Chem. Rev. 116, 4558 (2016)",170.0038009271572,Pb,Cl,1,3,0,2,5,0,0,Hydrazinium
1087,7.41912164674,5.5107475638,4.45592889402,90.2002356934,106.980620871,76.3889083227,Hydrazinium Lead Chloride,11,"B.Saparov et al., Chem. Rev. 116, 4558 (2016)",168.92692788545773,Pb,Cl,1,3,0,2,5,0,0,Hydrazinium
1088,7.72879725489,3.96091634755,5.69346338228,88.8664090529,89.5336614548,78.2445152513,Hydrazinium Lead Chloride,11,"B.Saparov et al., Chem. Rev. 116, 4558 (2016)",170.6041139109484,Pb,Cl,1,3,0,2,5,0,0,Hydrazinium
1089,5.84904788921,3.98029649434,7.66766172223,101.335667713,93.7882046945,68.4793097996,Hydrazinium Lead Chloride,11,"B.Saparov et al., Chem. Rev. 116, 4558 (2016)",162.82249341712816,Pb,Cl,1,3,0,2,5,0,0,Hydrazinium
1090,7.49299350703,4.04120892833,5.93631362074,91.2049543903,95.1097852645,71.7366367382,Hydrazinium Lead Chloride,11,"B.Saparov et al., Chem. Rev. 116, 4558 (2016)",170.0181325093281,Pb,Cl,1,3,0,2,5,0,0,Hydrazinium
1091,5.69128426141,5.69149436737,5.7031943208,83.6452843051,84.0075399457,83.8745341544,Ammonium Lead Chloride,9,"T.D.Huan et al., Phys. Rev. B 93,094105(2016)",181.75098093519512,Pb,Cl,1,3,0,1,4,0,0,Ammonium
1092,7.28878514461,5.64511322339,4.2295442824,111.919661967,106.818928417,77.7184255165,Ammonium Lead Chloride,9,"T.D.Huan et al., Phys. Rev. B 93,094105(2016)",153.46402049690843,Pb,Cl,1,3,0,1,4,0,0,Ammonium
1093,5.88294578485,6.08585132826,6.24067990146,86.9446372858,88.7316351407,98.8265176513,Trimethylammonium Lead Chloride,18,"A. Mancini et al., J. Solid State Chem. 240, 55 (2016)",220.36946914652646,Pb,Cl,1,3,3,1,10,0,0,Trimethylammonium
1094,5.8553016241,6.05676468569,6.3116744996,89.5504026347,90.5358548549,100.112102907,Trimethylammonium Lead Chloride,18,"A. Mancini et al., J. Solid State Chem. 240, 55 (2016)",220.34729219552014,Pb,Cl,1,3,3,1,10,0,0,Trimethylammonium
1095,5.9761013341,6.02780442241,6.13208948391,95.7086599785,86.3956752015,84.0396129383,Trimethylammonium Lead Chloride,18,"A. Mancini et al., J. Solid State Chem. 240, 55 (2016)",218.01235729437914,Pb,Cl,1,3,3,1,10,0,0,Trimethylammonium
1096,5.96001419688,6.15428372766,6.29302998662,79.1790618061,86.1660613145,93.9199897972,Trimethylammonium Lead Chloride,18,"A. Mancini et al., J. Solid State Chem. 240, 55 (2016)",225.44177021226733,Pb,Cl,1,3,3,1,10,0,0,Trimethylammonium
1097,6.06319962426,6.05461180535,5.99905517479,94.6486546518,95.9035071085,94.9175279538,Trimethylammonium Lead Chloride,18,"A. Mancini et al., J. Solid State Chem. 240, 55 (2016)",217.35384924743974,Pb,Cl,1,3,3,1,10,0,0,Trimethylammonium
1098,5.87215667045,6.24483485802,6.11101843843,91.9416195405,80.0275915284,89.0252728251,Trimethylammonium Lead Chloride,18,"A. Mancini et al., J. Solid State Chem. 240, 55 (2016)",220.52290946848228,Pb,Cl,1,3,3,1,10,0,0,Trimethylammonium
1099,4.47719659698,7.70184357987,7.06273931649,102.060719213,75.6751963963,87.6282969252,Trimethylammonium Lead Chloride,18,"A. Mancini et al., J. Solid State Chem. 240, 55 (2016)",229.64528566196793,Pb,Cl,1,3,3,1,10,0,0,Trimethylammonium
1100,8.8694117123,4.45731543671,5.74289936711,94.3371211455,93.7933068133,93.8855640433,Trimethylammonium Lead Chloride,18,"A. Mancini et al., J. Solid State Chem. 240, 55 (2016)",225.28735912444597,Pb,Cl,1,3,3,1,10,0,0,Trimethylammonium
1101,5.74109937831,4.45498429256,8.86937259364,93.9031014424,86.0953634777,85.6768834854,Trimethylammonium Lead Chloride,18,"A. Mancini et al., J. Solid State Chem. 240, 55 (2016)",225.06530783818434,Pb,Cl,1,3,3,1,10,0,0,Trimethylammonium
1102,5.74213638354,4.44911537562,8.87599960901,93.9866649061,86.2295596775,85.7417996717,Trimethylammonium Lead Chloride,18,"A. Mancini et al., J. Solid State Chem. 240, 55 (2016)",225.01184175114685,Pb,Cl,1,3,3,1,10,0,0,Trimethylammonium
1103,6.30249753943,4.6241751519,7.86897926627,90.6384886836,93.3633936383,74.688384824,Trimethylammonium Lead Chloride,18,"A. Mancini et al., J. Solid State Chem. 240, 55 (2016)",220.8087153366349,Pb,Cl,1,3,3,1,10,0,0,Trimethylammonium
1104,6.02096051236,5.8739319053,5.95817260663,89.9784927783,89.5241070358,89.2097551854,Azetidinium Lead Chloride,16,"B. Zhou et al., Angew. Chem. Int. Ed. 50, 11441 (2011)",210.69365754376636,Pb,Cl,1,3,3,1,8,0,0,Azetidinium
1105,5.9715940275,5.87056809491,5.95634483109,93.2281917384,86.5105830811,89.8909667949,Azetidinium Lead Chloride,16,"B. Zhou et al., Angew. Chem. Int. Ed. 50, 11441 (2011)",208.08866537037028,Pb,Cl,1,3,3,1,8,0,0,Azetidinium
1106,5.93832500323,5.97266858686,5.89455869391,94.0236859561,91.2100328278,95.6960754137,Azetidinium Lead Chloride,16,"B. Zhou et al., Angew. Chem. Int. Ed. 50, 11441 (2011)",207.43799615887227,Pb,Cl,1,3,3,1,8,0,0,Azetidinium
1107,5.9174987202,5.9217924316,5.94697911671,86.6269437632,83.4517840928,93.8211082574,Azetidinium Lead Chloride,16,"B. Zhou et al., Angew. Chem. Int. Ed. 50, 11441 (2011)",206.11097802639543,Pb,Cl,1,3,3,1,8,0,0,Azetidinium
1108,8.24218013575,5.81193723786,4.62836566745,90.3175832366,84.2213742989,89.8825603294,Azetidinium Lead Chloride,16,"B. Zhou et al., Angew. Chem. Int. Ed. 50, 11441 (2011)",220.58194089733675,Pb,Cl,1,3,3,1,8,0,0,Azetidinium
1109,8.07984615939,5.78818611258,4.61304928035,94.0689355618,84.0504589842,86.7198044868,Azetidinium Lead Chloride,16,"B. Zhou et al., Angew. Chem. Int. Ed. 50, 11441 (2011)",213.58468692577648,Pb,Cl,1,3,3,1,8,0,0,Azetidinium
1110,7.96153821049,5.82793859672,4.61110006966,89.4925201876,96.2177644185,85.6120761594,Azetidinium Lead Chloride,16,"B. Zhou et al., Angew. Chem. Int. Ed. 50, 11441 (2011)",212.03833738161748,Pb,Cl,1,3,3,1,8,0,0,Azetidinium
1111,5.81753542599,4.22173268601,8.484932417,85.4003081689,90.1948006408,91.0880343884,Azetidinium Lead Chloride,16,"B. Zhou et al., Angew. Chem. Int. Ed. 50, 11441 (2011)",207.68163244112407,Pb,Cl,1,3,3,1,8,0,0,Azetidinium
1112,8.79855503197,4.31519772125,5.84974383514,79.0145075199,91.1701586011,105.471721336,Azetidinium Lead Chloride,16,"B. Zhou et al., Angew. Chem. Int. Ed. 50, 11441 (2011)",210.02076925466034,Pb,Cl,1,3,3,1,8,0,0,Azetidinium
1113,5.76774417062,4.17298422245,8.59945878747,88.7639066044,90.3463538083,85.5239820497,Azetidinium Lead Chloride,16,"B. Zhou et al., Angew. Chem. Int. Ed. 50, 11441 (2011)",206.29235564758633,Pb,Cl,1,3,3,1,8,0,0,Azetidinium
1114,4.17462012028,5.71624211597,8.62312080158,91.3637078668,89.6777505463,94.367356945,Azetidinium Lead Chloride,16,"B. Zhou et al., Angew. Chem. Int. Ed. 50, 11441 (2011)",205.1176118841901,Pb,Cl,1,3,3,1,8,0,0,Azetidinium
1115,7.99248978596,5.93075519909,4.60551784514,90.162666922,88.9948412641,82.646607621,Azetidinium Lead Chloride,16,"B. Zhou et al., Angew. Chem. Int. Ed. 50, 11441 (2011)",216.47683795379515,Pb,Cl,1,3,3,1,8,0,0,Azetidinium
1116,8.52095276934,5.60146858189,4.63939029124,93.4932327511,102.049924853,81.7325487933,Azetidinium Lead Chloride,16,"B. Zhou et al., Angew. Chem. Int. Ed. 50, 11441 (2011)",214.1983669836323,Pb,Cl,1,3,3,1,8,0,0,Azetidinium
1117,5.91007026385,6.1234636516,5.90895254409,96.7801578511,80.6591692971,83.5150699985,Imidazolium Lead Chloride,14,"B.Saparov et al., Chem. Rev. 116, 4558 (2016)",207.6212677417023,Pb,Cl,1,3,3,2,5,0,0,Imidazolium
1118,6.06750798257,5.95012818424,5.92224834298,81.3796518277,83.2564117652,96.7877050817,Imidazolium Lead Chloride,14,"B.Saparov et al., Chem. Rev. 116, 4558 (2016)",207.9124994266272,Pb,Cl,1,3,3,2,5,0,0,Imidazolium
1119,5.9355169532,5.91791598278,6.07975044707,97.094872549,97.1518229856,98.0525377249,Imidazolium Lead Chloride,14,"B.Saparov et al., Chem. Rev. 116, 4558 (2016)",207.63525674565807,Pb,Cl,1,3,3,2,5,0,0,Imidazolium
1120,9.90531536612,4.05153894621,5.66326720974,79.3447042579,86.8660925246,67.8187958832,Imidazolium Lead Chloride,14,"B.Saparov et al., Chem. Rev. 116, 4558 (2016)",206.79974480117735,Pb,Cl,1,3,3,2,5,0,0,Imidazolium
1121,9.05427861073,4.08369847552,5.6860385115,100.400080816,94.0406879319,90.4184159714,Imidazolium Lead Chloride,14,"B.Saparov et al., Chem. Rev. 116, 4558 (2016)",206.22997253117973,Pb,Cl,1,3,3,2,5,0,0,Imidazolium
1122,5.80919843779,4.09063461647,8.98341852228,92.163222095,90.3757732729,97.0288361309,Imidazolium Lead Chloride,14,"B.Saparov et al., Chem. Rev. 116, 4558 (2016)",211.7069709654857,Pb,Cl,1,3,3,2,5,0,0,Imidazolium
1123,5.83205730776,4.11859755182,9.5932709251,112.347539088,95.4600678867,82.0134925778,Imidazolium Lead Chloride,14,"B.Saparov et al., Chem. Rev. 116, 4558 (2016)",210.83031168188592,Pb,Cl,1,3,3,2,5,0,0,Imidazolium
1124,6.14193405016,6.07805146311,6.28223508398,82.4136937067,88.6293340643,93.9667920757,Ethylammonium Lead Bromide,15,"B.Saparov et al., Chem. Rev. 116, 4558 (2016)",231.78280852838833,Pb,Br,1,3,2,1,8,0,0,Ethylammonium
1125,6.23355545263,6.01597721419,6.26432557401,85.9202529661,81.4726080367,87.4177072912,Ethylammonium Lead Bromide,15,"B.Saparov et al., Chem. Rev. 116, 4558 (2016)",231.5905082196356,Pb,Br,1,3,2,1,8,0,0,Ethylammonium
1126,5.99984996142,4.27969438019,8.99839974631,97.1622226149,90.3526613285,91.997917211,Ethylammonium Lead Bromide,15,"B.Saparov et al., Chem. Rev. 116, 4558 (2016)",229.10150628453277,Pb,Br,1,3,2,1,8,0,0,Ethylammonium
1127,8.559929804,4.39862713409,6.15642652867,82.5056414473,92.7681153766,87.8464974319,Ethylammonium Lead Bromide,15,"B.Saparov et al., Chem. Rev. 116, 4558 (2016)",229.32770661975886,Pb,Br,1,3,2,1,8,0,0,Ethylammonium
1128,6.19716968493,4.47504913296,8.42488810398,94.3641421327,96.4559845419,94.0288326779,Ethylammonium Lead Bromide,15,"B.Saparov et al., Chem. Rev. 116, 4558 (2016)",230.756003941081,Pb,Br,1,3,2,1,8,0,0,Ethylammonium
1129,6.74489007309,4.61424323271,7.82801593176,107.255486361,88.6406434066,84.951438369,Ethylammonium Lead Bromide,15,"B.Saparov et al., Chem. Rev. 116, 4558 (2016)",231.4418509905762,Pb,Br,1,3,2,1,8,0,0,Ethylammonium
1130,6.06170509159,4.57169031586,8.29080314623,86.4833090306,85.5724560386,78.2195857605,Ethylammonium Lead Bromide,15,"B.Saparov et al., Chem. Rev. 116, 4558 (2016)",224.00154896443337,Pb,Br,1,3,2,1,8,0,0,Ethylammonium
1131,8.93135092533,4.22764246908,5.82783874042,90.5134966051,89.9871685422,92.1966539927,Ethylammonium Lead Bromide,15,"B.Saparov et al., Chem. Rev. 116, 4558 (2016)",219.88025460475475,Pb,Br,1,3,2,1,8,0,0,Ethylammonium
1132,11.0724999406,4.69500420901,4.52376410007,90.0475433294,89.9758981413,85.2430931118,Ethylammonium Lead Bromide,15,"B.Saparov et al., Chem. Rev. 116, 4558 (2016)",234.35969083531813,Pb,Br,1,3,2,1,8,0,0,Ethylammonium
1133,9.58101350373,4.58081559078,5.66192496969,83.6727808486,99.8653049583,111.032513157,Ethylammonium Lead Bromide,15,"B.Saparov et al., Chem. Rev. 116, 4558 (2016)",228.1893634400238,Pb,Br,1,3,2,1,8,0,0,Ethylammonium
1134,6.08237538271,6.10473446827,7.2912074242,74.6121502404,85.6798943653,86.5023379609,Propylammonium Lead Bromide,18,"S.Kataoka et al., J. Am. Chem. Soc. 137, 4158 (2015)",260.04798102814385,Pb,Br,1,3,3,1,10,0,0,Propylammonium
1135,6.00424765683,6.06167472555,7.47855291693,101.568628294,80.7647148011,89.5188646808,Propylammonium Lead Bromide,18,"S.Kataoka et al., J. Am. Chem. Soc. 137, 4158 (2015)",262.9700294679242,Pb,Br,1,3,3,1,10,0,0,Propylammonium
1136,6.03758933194,6.08682643799,7.42436614572,102.063681636,80.8583571383,90.1970701034,Propylammonium Lead Bromide,18,"S.Kataoka et al., J. Am. Chem. Soc. 137, 4158 (2015)",263.3039779073119,Pb,Br,1,3,3,1,10,0,0,Propylammonium
1137,6.33708883015,6.16645017912,6.45911571642,97.3321709904,82.0408400889,95.4156126082,Propylammonium Lead Bromide,18,"S.Kataoka et al., J. Am. Chem. Soc. 137, 4158 (2015)",247.17245935207362,Pb,Br,1,3,3,1,10,0,0,Propylammonium
1138,6.38671331773,6.39283668529,6.28395069894,78.32290589,89.6065230881,83.9165091619,Propylammonium Lead Bromide,18,"S.Kataoka et al., J. Am. Chem. Soc. 137, 4158 (2015)",249.8158056706109,Pb,Br,1,3,3,1,10,0,0,Propylammonium
1139,8.14070589064,4.46238422846,7.53861008483,75.7241926315,84.7510578539,75.8958452301,Propylammonium Lead Bromide,18,"S.Kataoka et al., J. Am. Chem. Soc. 137, 4158 (2015)",257.2539051239167,Pb,Br,1,3,3,1,10,0,0,Propylammonium
1140,7.89000076617,4.49895606819,8.40083071705,85.1884948418,113.395240378,102.862005924,Propylammonium Lead Bromide,18,"S.Kataoka et al., J. Am. Chem. Soc. 137, 4158 (2015)",266.8159525649845,Pb,Br,1,3,3,1,10,0,0,Propylammonium
1141,7.39370144211,4.38856002733,10.1036340866,108.022631912,123.897426748,71.4227677305,Propylammonium Lead Bromide,18,"S.Kataoka et al., J. Am. Chem. Soc. 137, 4158 (2015)",254.30021288926488,Pb,Br,1,3,3,1,10,0,0,Propylammonium
1142,11.4142956701,4.40323759419,6.2336915553,94.8611344728,58.9007670445,108.793977897,Propylammonium Lead Bromide,18,"S.Kataoka et al., J. Am. Chem. Soc. 137, 4158 (2015)",252.6787921912012,Pb,Br,1,3,3,1,10,0,0,Propylammonium
1143,8.06032400091,4.57779315122,8.45653505038,95.717406424,116.652636843,71.3800125042,Propylammonium Lead Bromide,18,"S.Kataoka et al., J. Am. Chem. Soc. 137, 4158 (2015)",263.9297865177577,Pb,Br,1,3,3,1,10,0,0,Propylammonium
1144,6.01930138673,6.0263480973,9.79820427976,61.7459980655,123.408505283,95.5392205008,Propylammonium Lead Bromide,18,"S.Kataoka et al., J. Am. Chem. Soc. 137, 4158 (2015)",254.75401828842757,Pb,Br,1,3,3,1,10,0,0,Propylammonium
1145,7.68557205813,6.17538296624,6.24988513921,84.8637007127,101.57248724,105.450518312,Butylammonium Lead Bromide,21,"H. Hu et al., Sci. Rep. 6, 33546 (2016)",279.89152388988674,Pb,Br,1,3,4,1,12,0,0,Butylammonium
1146,6.24837829009,6.15305875408,7.72298462155,74.5814777462,78.1029263392,84.4618787386,Butylammonium Lead Bromide,21,"H. Hu et al., Sci. Rep. 6, 33546 (2016)",279.8141193458444,Pb,Br,1,3,4,1,12,0,0,Butylammonium
1147,6.33335867059,7.36542260433,6.25419002249,81.6567682642,94.2908084391,109.430885856,Butylammonium Lead Bromide,21,"H. Hu et al., Sci. Rep. 6, 33546 (2016)",272.10584316119554,Pb,Br,1,3,4,1,12,0,0,Butylammonium
1148,6.24814450336,6.12206433182,7.77395315165,74.4743047753,78.1961161077,84.3977688839,Butylammonium Lead Bromide,21,"H. Hu et al., Sci. Rep. 6, 33546 (2016)",280.16636482123175,Pb,Br,1,3,4,1,12,0,0,Butylammonium
1149,6.51962275339,6.2388042944,6.24249190531,82.0014331562,84.0611847502,90.9079047896,Isopropylammonium Lead Bromide,18,"C.C.Stoumpos et al., J. Am. Chem. Soc. 137, 6804 (2015)",249.9736022727052,Pb,Br,1,3,3,1,10,0,0,Isopropylammonium
1150,6.14260815721,6.34851680146,6.44957473112,87.5241204546,94.3336161807,81.239562722,Isopropylammonium Lead Bromide,18,"C.C.Stoumpos et al., J. Am. Chem. Soc. 137, 6804 (2015)",247.48345959674344,Pb,Br,1,3,3,1,10,0,0,Isopropylammonium
1151,6.44861878512,6.28774521285,6.23432651892,80.0780526248,84.9656469139,91.7576793555,Isopropylammonium Lead Bromide,18,"C.C.Stoumpos et al., J. Am. Chem. Soc. 137, 6804 (2015)",247.7732785602203,Pb,Br,1,3,3,1,10,0,0,Isopropylammonium
1152,6.24332152681,6.08999487661,6.56709858212,94.5756990606,91.8951183641,84.0100242905,Isopropylammonium Lead Bromide,18,"C.C.Stoumpos et al., J. Am. Chem. Soc. 137, 6804 (2015)",247.46100400260315,Pb,Br,1,3,3,1,10,0,0,Isopropylammonium
1153,8.27200857622,4.71029747619,7.27271258046,109.546910975,79.2355692113,104.315613959,Isopropylammonium Lead Bromide,18,"C.C.Stoumpos et al., J. Am. Chem. Soc. 137, 6804 (2015)",257.062741537968,Pb,Br,1,3,3,1,10,0,0,Isopropylammonium
1154,7.35189943226,4.69250619938,8.16308892746,104.35408063,90.8100723065,108.330768264,Isopropylammonium Lead Bromide,18,"C.C.Stoumpos et al., J. Am. Chem. Soc. 137, 6804 (2015)",257.6792391241153,Pb,Br,1,3,3,1,10,0,0,Isopropylammonium
1155,7.76568716126,4.46112704475,7.80165498627,76.3744758944,78.8261535302,90.3116594075,Isopropylammonium Lead Bromide,18,"C.C.Stoumpos et al., J. Am. Chem. Soc. 137, 6804 (2015)",257.3221333655316,Pb,Br,1,3,3,1,10,0,0,Isopropylammonium
1156,6.2592063061,4.47953103491,9.06040248891,84.1913819735,85.5157762953,95.545257518,Isopropylammonium Lead Bromide,18,"C.C.Stoumpos et al., J. Am. Chem. Soc. 137, 6804 (2015)",250.5567309614797,Pb,Br,1,3,3,1,10,0,0,Isopropylammonium
1157,6.34504758908,6.10796693209,6.08279126888,87.5431703194,94.6283675582,95.9263394554,Dimethylammonium Lead Bromide,15,"B.Saparov et al., Chem. Rev. 116, 4558 (2016)",233.57425090232553,Pb,Br,1,3,2,1,8,0,0,Dimethylammonium
1158,6.1848647628,6.1963366525,6.17195028738,85.7965929638,99.2879607713,97.6953974622,Dimethylammonium Lead Bromide,15,"B.Saparov et al., Chem. Rev. 116, 4558 (2016)",231.0042195901734,Pb,Br,1,3,2,1,8,0,0,Dimethylammonium
1159,6.18738459841,6.19861040994,6.15678717948,81.8387008811,98.878485861,94.7591346059,Dimethylammonium Lead Bromide,15,"B.Saparov et al., Chem. Rev. 116, 4558 (2016)",230.4897489146228,Pb,Br,1,3,2,1,8,0,0,Dimethylammonium
1160,6.20758257731,6.1624823518,6.17974450806,87.2695002632,84.3039967557,79.4772180215,Dimethylammonium Lead Bromide,15,"B.Saparov et al., Chem. Rev. 116, 4558 (2016)",231.17212241260154,Pb,Br,1,3,2,1,8,0,0,Dimethylammonium
1161,6.12596499897,4.42719666114,8.55384729791,88.12567853,83.1670366368,82.5713530005,Dimethylammonium Lead Bromide,15,"B.Saparov et al., Chem. Rev. 116, 4558 (2016)",228.37117988703687,Pb,Br,1,3,2,1,8,0,0,Dimethylammonium
1162,7.97160052104,4.4773079998,7.06809182359,104.553155078,94.8957134278,102.833335542,Dimethylammonium Lead Bromide,15,"B.Saparov et al., Chem. Rev. 116, 4558 (2016)",235.39784726270352,Pb,Br,1,3,2,1,8,0,0,Dimethylammonium
1163,6.06197787166,4.42768817521,8.37292454601,82.1520853674,86.7747436966,85.3623373888,Dimethylammonium Lead Bromide,15,"B.Saparov et al., Chem. Rev. 116, 4558 (2016)",221.66727884976805,Pb,Br,1,3,2,1,8,0,0,Dimethylammonium
1164,6.28018816868,6.20560689812,6.20149950401,88.5191257861,98.8579562099,81.9411061022,Acetamidinium Lead Bromide,15,"C.C.Stoumpos et al., J. Am. Chem. Soc. 137, 6804 (2015)",236.1682529112059,Pb,Br,1,3,2,2,7,0,0,Acetamidinium
1165,6.28368384221,6.21977773602,6.22238492471,91.0594187445,98.8719560717,98.8338051682,Acetamidinium Lead Bromide,15,"C.C.Stoumpos et al., J. Am. Chem. Soc. 137, 6804 (2015)",237.20869855075654,Pb,Br,1,3,2,2,7,0,0,Acetamidinium
1166,6.2274550409,6.17953903242,6.25091988411,84.4947909365,100.630766402,89.1956622912,Acetamidinium Lead Bromide,15,"C.C.Stoumpos et al., J. Am. Chem. Soc. 137, 6804 (2015)",235.20979191755185,Pb,Br,1,3,2,2,7,0,0,Acetamidinium
1167,6.24876261468,4.31693292241,8.6460989996,89.9897245648,95.2578241869,101.983823401,Acetamidinium Lead Bromide,15,"C.C.Stoumpos et al., J. Am. Chem. Soc. 137, 6804 (2015)",227.1472450542328,Pb,Br,1,3,2,2,7,0,0,Acetamidinium
1168,6.15256494318,4.37704103363,9.26525911612,109.178799424,82.2138734496,92.3630492243,Acetamidinium Lead Bromide,15,"C.C.Stoumpos et al., J. Am. Chem. Soc. 137, 6804 (2015)",233.4910835046831,Pb,Br,1,3,2,2,7,0,0,Acetamidinium
1169,8.68430919801,4.0199882039,6.71045402499,87.9233305051,88.0942777723,88.5289246928,Acetamidinium Lead Bromide,15,"C.C.Stoumpos et al., J. Am. Chem. Soc. 137, 6804 (2015)",233.91389148415217,Pb,Br,1,3,2,2,7,0,0,Acetamidinium
1170,6.07199496418,5.97168314379,6.09937476685,89.9990126475,91.5356890259,89.9084086044,Methylammonium Lead Bromide,12,"T.D.Huan et al., Phys. Rev. B 93,094105(2016)",221.08379274563734,Pb,Br,1,3,1,1,6,0,0,Methylammonium
1171,6.05015108181,6.03480245442,6.10254273474,86.9573524446,85.9140599613,92.9568487986,Methylammonium Lead Bromide,12,"T.D.Huan et al., Phys. Rev. B 93,094105(2016)",221.5900393611016,Pb,Br,1,3,1,1,6,0,0,Methylammonium
1172,6.19125513704,4.44576368286,7.86935631454,100.841861887,82.7777024972,94.1039843688,Methylammonium Lead Bromide,12,"T.D.Huan et al., Phys. Rev. B 93,094105(2016)",210.79329568052748,Pb,Br,1,3,1,1,6,0,0,Methylammonium
1173,5.99603146751,4.33794258061,9.19242200995,117.952746044,84.0116229772,93.8000807005,Methylammonium Lead Bromide,12,"T.D.Huan et al., Phys. Rev. B 93,094105(2016)",210.01074041359732,Pb,Br,1,3,1,1,6,0,0,Methylammonium
1174,7.66628655356,4.63894426664,7.6367089111,52.5588718232,99.3213731822,105.396110489,Methylammonium Lead Bromide,12,"T.D.Huan et al., Phys. Rev. B 93,094105(2016)",207.89648948440075,Pb,Br,1,3,1,1,6,0,0,Methylammonium
1175,6.15374911081,6.15009362486,6.14848862362,96.937383785,96.0834158669,95.8831683364,Guanidinium Lead Bromide,14,"B.Saparov et al., Chem. Rev. 116, 4558 (2016)",228.11971460971662,Pb,Br,1,3,1,3,6,0,0,Guanidinium
1176,6.10595285505,6.10798431848,6.12383151016,87.1667485088,93.7476872721,85.1398910962,Guanidinium Lead Bromide,14,"B.Saparov et al., Chem. Rev. 116, 4558 (2016)",226.7336067802125,Pb,Br,1,3,1,3,6,0,0,Guanidinium
1177,9.45294294685,4.2590434168,6.22687355262,76.8361112654,96.5033541544,116.768598207,Guanidinium Lead Bromide,14,"B.Saparov et al., Chem. Rev. 116, 4558 (2016)",217.93235205155932,Pb,Br,1,3,1,3,6,0,0,Guanidinium
1178,5.7137195249,6.18457692566,5.93773319812,97.8137844027,76.035539731,80.3600826944,Hydroxylammonium Lead Bromide,10,"G.Kieslich et al., Chem. Sci. 6, 3430 (2015)",197.30477406619875,Pb,Br,1,3,0,1,4,0,1,Hydroxylammonium
1179,6.05551783757,4.45904226711,7.49470969338,107.055206697,86.2307909765,92.0735415031,Hydroxylammonium Lead Bromide,10,"G.Kieslich et al., Chem. Sci. 6, 3430 (2015)",193.0221960178951,Pb,Br,1,3,0,1,4,0,1,Hydroxylammonium
1180,7.48849939936,4.49370512506,6.03214872213,90.3583941004,93.4363621624,72.2431407892,Hydroxylammonium Lead Bromide,10,"G.Kieslich et al., Chem. Sci. 6, 3430 (2015)",192.95494713868825,Pb,Br,1,3,0,1,4,0,1,Hydroxylammonium
1181,6.03858534068,4.38093207271,7.53561587255,106.045233955,84.8320814769,94.4938417013,Hydroxylammonium Lead Bromide,10,"G.Kieslich et al., Chem. Sci. 6, 3430 (2015)",190.5093389252292,Pb,Br,1,3,0,1,4,0,1,Hydroxylammonium
1182,7.64144353301,4.39294010781,6.03706528333,86.4214451098,75.650336869,74.6277786366,Hydroxylammonium Lead Bromide,10,"G.Kieslich et al., Chem. Sci. 6, 3430 (2015)",189.30694082273374,Pb,Br,1,3,0,1,4,0,1,Hydroxylammonium
1183,6.0068611804,4.50999617423,7.27969948477,106.528120796,87.4635120494,89.5673117722,Hydroxylammonium Lead Bromide,10,"G.Kieslich et al., Chem. Sci. 6, 3430 (2015)",188.8379226523467,Pb,Br,1,3,0,1,4,0,1,Hydroxylammonium
1184,7.71810576227,4.38198742686,5.95443441069,89.8506289696,90.7616031469,72.900874066,Hydroxylammonium Lead Bromide,10,"G.Kieslich et al., Chem. Sci. 6, 3430 (2015)",192.4596971540013,Pb,Br,1,3,0,1,4,0,1,Hydroxylammonium
1185,6.09579605441,6.08708873763,6.03117587908,82.3834929335,84.5193289387,86.4822713335,Formamidinium Lead Bromide,12,"T.D.Huan et al., Phys. Rev. B 93,094105(2016)",220.5331366722286,Pb,Br,1,3,1,2,5,0,0,Formamidinium
1186,6.03943978699,6.09256624273,6.08020888342,88.4356906542,99.1975886517,93.1947769179,Formamidinium Lead Bromide,12,"T.D.Huan et al., Phys. Rev. B 93,094105(2016)",220.4673990933943,Pb,Br,1,3,1,2,5,0,0,Formamidinium
1187,5.96272332676,6.35327929708,5.99595759714,101.111414655,98.1864658242,74.6491242788,Formamidinium Lead Bromide,12,"T.D.Huan et al., Phys. Rev. B 93,094105(2016)",213.92948578620795,Pb,Br,1,3,1,2,5,0,0,Formamidinium
1188,6.42582271915,6.42141612768,6.38913944918,90.0900815278,90.5915491949,89.7939212151,Tetramethylammonium Lead Bromide,21,"B.Saparov et al., Chem. Rev. 116, 4558 (2016)",263.6182381537759,Pb,Br,1,3,4,1,12,0,0,Tetramethylammonium
1189,6.37417917571,6.46427811885,6.41975550239,90.052842587,89.4834379843,90.1123813786,Tetramethylammonium Lead Bromide,21,"B.Saparov et al., Chem. Rev. 116, 4558 (2016)",264.5112359939907,Pb,Br,1,3,4,1,12,0,0,Tetramethylammonium
1190,6.95532160721,4.99701891138,8.0336165032,91.2723891876,89.9414925504,85.3439051753,Tetramethylammonium Lead Bromide,21,"B.Saparov et al., Chem. Rev. 116, 4558 (2016)",278.2241793353877,Pb,Br,1,3,4,1,12,0,0,Tetramethylammonium
1191,6.09924246372,5.87109244148,6.0145966789,94.3173099803,87.0883955272,88.8356620347,Hydrazinium Lead Bromide,11,"B.Saparov et al., Chem. Rev. 116, 4558 (2016)",214.42655529327527,Pb,Br,1,3,0,2,5,0,0,Hydrazinium
1192,4.19709148525,6.22042313248,7.90003432847,93.3859131538,107.482795459,90.2588584498,Hydrazinium Lead Bromide,11,"B.Saparov et al., Chem. Rev. 116, 4558 (2016)",196.32718260719102,Pb,Br,1,3,0,2,5,0,0,Hydrazinium
1193,8.50471115565,5.8877112379,6.02091468116,108.015623182,46.5328815121,116.233543146,Hydrazinium Lead Bromide,11,"B.Saparov et al., Chem. Rev. 116, 4558 (2016)",196.26626981471534,Pb,Br,1,3,0,2,5,0,0,Hydrazinium
1194,4.08474205877,6.29022629434,8.31796290619,83.3563295928,106.571082711,113.660808626,Hydrazinium Lead Bromide,11,"B.Saparov et al., Chem. Rev. 116, 4558 (2016)",187.6247868108372,Pb,Br,1,3,0,2,5,0,0,Hydrazinium
1195,7.74689850646,5.86382391535,4.62645061697,90.1658850046,107.142346339,75.8479226482,Hydrazinium Lead Bromide,11,"B.Saparov et al., Chem. Rev. 116, 4558 (2016)",194.18840604755044,Pb,Br,1,3,0,2,5,0,0,Hydrazinium
1196,8.11419608966,4.10695226846,5.9789520951,89.3884096515,89.7742498205,76.97825757,Hydrazinium Lead Bromide,11,"B.Saparov et al., Chem. Rev. 116, 4558 (2016)",194.11129117175776,Pb,Br,1,3,0,2,5,0,0,Hydrazinium
1197,6.20802238602,4.19802818653,7.84715926725,103.834725616,87.4850477276,83.3608279239,Hydrazinium Lead Bromide,11,"B.Saparov et al., Chem. Rev. 116, 4558 (2016)",196.70068039270618,Pb,Br,1,3,0,2,5,0,0,Hydrazinium
1198,7.91879714509,4.19961132421,6.22853742525,91.1692560228,95.1641608605,72.041356603,Hydrazinium Lead Bromide,11,"B.Saparov et al., Chem. Rev. 116, 4558 (2016)",196.23793160612135,Pb,Br,1,3,0,2,5,0,0,Hydrazinium
1199,5.99171443982,5.99442590004,6.00422920019,83.4166885442,83.7822071719,83.7177914005,Ammonium Lead Bromide,9,"T.D.Huan et al., Phys. Rev. B 93,094105(2016)",211.94102730145357,Pb,Br,1,3,0,1,4,0,0,Ammonium
1200,7.52500076829,6.2314861878,4.40598990334,108.275667813,105.948070544,75.5823430084,Ammonium Lead Bromide,9,"T.D.Huan et al., Phys. Rev. B 93,094105(2016)",185.6091422848324,Pb,Br,1,3,0,1,4,0,0,Ammonium
1201,4.40254936593,6.24674466809,7.54508380299,75.2488221687,74.0591976723,71.7724600381,Ammonium Lead Bromide,9,"T.D.Huan et al., Phys. Rev. B 93,094105(2016)",186.24922836378434,Pb,Br,1,3,0,1,4,0,0,Ammonium
1202,6.18781083845,6.31593421381,6.43362422487,87.470691037,88.7705616578,97.9662499129,Trimethylammonium Lead Bromide,18,"A. Mancini et al., J. Solid State Chem. 240, 55 (2016)",248.67204001754004,Pb,Br,1,3,3,1,10,0,0,Trimethylammonium
1203,6.15075874638,6.30149190286,6.49797067996,90.0009896246,90.3427835478,98.8880672591,Trimethylammonium Lead Bromide,18,"A. Mancini et al., J. Solid State Chem. 240, 55 (2016)",248.82574318955443,Pb,Br,1,3,3,1,10,0,0,Trimethylammonium
1204,6.2350143552,6.25432158162,6.37437582597,95.0481708421,87.2143609503,84.4924394283,Trimethylammonium Lead Bromide,18,"A. Mancini et al., J. Solid State Chem. 240, 55 (2016)",246.0582702520897,Pb,Br,1,3,3,1,10,0,0,Trimethylammonium
1205,6.32637334305,6.26702048105,6.258288409,94.9508334269,93.7812018577,95.0615793267,Trimethylammonium Lead Bromide,18,"A. Mancini et al., J. Solid State Chem. 240, 55 (2016)",245.55845984017876,Pb,Br,1,3,3,1,10,0,0,Trimethylammonium
1206,6.28299112547,6.37962376647,6.49081913833,79.891286282,86.4047572622,93.8488207915,Trimethylammonium Lead Bromide,18,"A. Mancini et al., J. Solid State Chem. 240, 55 (2016)",254.81992347846528,Pb,Br,1,3,3,1,10,0,0,Trimethylammonium
1207,6.17531402324,6.43616830675,6.32824355645,91.5519451109,81.1702449653,89.0720542215,Trimethylammonium Lead Bromide,18,"A. Mancini et al., J. Solid State Chem. 240, 55 (2016)",248.3936176886542,Pb,Br,1,3,3,1,10,0,0,Trimethylammonium
1208,4.63202654777,7.96461721214,7.43386593264,102.980141634,74.8251545592,87.8992667133,Trimethylammonium Lead Bromide,18,"A. Mancini et al., J. Solid State Chem. 240, 55 (2016)",256.59451181136825,Pb,Br,1,3,3,1,10,0,0,Trimethylammonium
1209,6.04245990791,4.66610413978,9.08289376406,94.0098303253,85.0006881511,84.8196967464,Trimethylammonium Lead Bromide,18,"A. Mancini et al., J. Solid State Chem. 240, 55 (2016)",253.29133418463448,Pb,Br,1,3,3,1,10,0,0,Trimethylammonium
1210,6.63773172982,4.71528295126,8.21294256302,90.5012535393,94.2141696272,74.7355662095,Trimethylammonium Lead Bromide,18,"A. Mancini et al., J. Solid State Chem. 240, 55 (2016)",247.3009919860698,Pb,Br,1,3,3,1,10,0,0,Trimethylammonium
1211,6.27815178609,6.12195586779,6.19986729521,89.9809484068,89.5210197446,89.1904257923,Azetidinium Lead Bromide,16,"B. Zhou et al., Angew. Chem. Int. Ed. 50, 11441 (2011)",238.25710428535075,Pb,Br,1,3,3,1,8,0,0,Azetidinium
1212,6.20215063122,6.22583651367,6.13354619777,93.163381764,90.0363581492,94.1454974532,Azetidinium Lead Bromide,16,"B. Zhou et al., Angew. Chem. Int. Ed. 50, 11441 (2011)",235.85602687144984,Pb,Br,1,3,3,1,8,0,0,Azetidinium
1213,6.19090225087,6.16001072355,6.21213475003,87.1206812908,83.77561629,93.1461140223,Azetidinium Lead Bromide,16,"B. Zhou et al., Angew. Chem. Int. Ed. 50, 11441 (2011)",234.77759744638024,Pb,Br,1,3,3,1,8,0,0,Azetidinium
1214,8.49641139657,6.16919554384,4.69499231441,90.3167381306,83.8442161884,89.8613857893,Azetidinium Lead Bromide,16,"B. Zhou et al., Angew. Chem. Int. Ed. 50, 11441 (2011)",244.66899716717103,Pb,Br,1,3,3,1,8,0,0,Azetidinium
1215,8.39973604994,6.12422699005,4.68762977558,93.4943129649,84.4168896736,86.5278481039,Azetidinium Lead Bromide,16,"B. Zhou et al., Angew. Chem. Int. Ed. 50, 11441 (2011)",239.01318328720828,Pb,Br,1,3,3,1,8,0,0,Azetidinium
1216,8.38421776361,6.14472880617,4.67897242002,88.9809345253,97.5342615547,86.1669549887,Azetidinium Lead Bromide,16,"B. Zhou et al., Angew. Chem. Int. Ed. 50, 11441 (2011)",238.35319478653153,Pb,Br,1,3,3,1,8,0,0,Azetidinium
1217,6.07420822444,4.39659900595,8.81512393765,86.2196047822,91.0140017957,92.9238485614,Azetidinium Lead Bromide,16,"B. Zhou et al., Angew. Chem. Int. Ed. 50, 11441 (2011)",234.5731400278633,Pb,Br,1,3,3,1,8,0,0,Azetidinium
1218,8.95258088905,4.49006558169,6.27687439419,103.079702371,90.2575959492,76.5335390622,Azetidinium Lead Bromide,16,"B. Zhou et al., Angew. Chem. Int. Ed. 50, 11441 (2011)",238.70295706474866,Pb,Br,1,3,3,1,8,0,0,Azetidinium
1219,6.08247756906,4.45157507373,9.32427859331,108.112583025,90.3494553313,95.8232771579,Azetidinium Lead Bromide,16,"B. Zhou et al., Angew. Chem. Int. Ed. 50, 11441 (2011)",238.53176699338425,Pb,Br,1,3,3,1,8,0,0,Azetidinium
1220,8.6071279949,4.68763788723,6.21212291243,78.6975924227,88.5496435356,101.755348644,Azetidinium Lead Bromide,16,"B. Zhou et al., Angew. Chem. Int. Ed. 50, 11441 (2011)",240.06918828493934,Pb,Br,1,3,3,1,8,0,0,Azetidinium
1221,4.37399806586,5.99803457746,8.88499636188,92.2693037894,89.5848552792,94.6004751202,Azetidinium Lead Bromide,16,"B. Zhou et al., Angew. Chem. Int. Ed. 50, 11441 (2011)",232.16619811980206,Pb,Br,1,3,3,1,8,0,0,Azetidinium
1222,8.24887191931,6.31682711524,4.68114363215,90.660695035,89.4420000404,83.4224764407,Azetidinium Lead Bromide,16,"B. Zhou et al., Angew. Chem. Int. Ed. 50, 11441 (2011)",242.28227997512306,Pb,Br,1,3,3,1,8,0,0,Azetidinium
1223,8.6130708462,6.08096101827,4.71600692942,92.1746958975,99.8694828193,81.7180730953,Azetidinium Lead Bromide,16,"B. Zhou et al., Angew. Chem. Int. Ed. 50, 11441 (2011)",240.78883110920742,Pb,Br,1,3,3,1,8,0,0,Azetidinium
1224,6.11904909649,6.55919339146,6.12895141777,89.5731008879,80.401406755,90.3318912706,Imidazolium Lead Bromide,14,"B.Saparov et al., Chem. Rev. 116, 4558 (2016)",242.53499742505608,Pb,Br,1,3,3,2,5,0,0,Imidazolium
1225,6.17352070391,6.32407592957,6.21021296289,96.0991610141,81.7603364342,84.1598282993,Imidazolium Lead Bromide,14,"B.Saparov et al., Chem. Rev. 116, 4558 (2016)",236.90507513560982,Pb,Br,1,3,3,2,5,0,0,Imidazolium
1226,6.20046924477,6.19936783197,6.30691158634,96.4378345172,96.4449565774,97.0885602814,Imidazolium Lead Bromide,14,"B.Saparov et al., Chem. Rev. 116, 4558 (2016)",237.0990008720378,Pb,Br,1,3,3,2,5,0,0,Imidazolium
1227,9.11266689811,4.26895134579,6.08522029527,100.22807664,93.9578583756,90.304803779,Imidazolium Lead Bromide,14,"B.Saparov et al., Chem. Rev. 116, 4558 (2016)",232.36969309435892,Pb,Br,1,3,3,2,5,0,0,Imidazolium
1228,6.15501626065,4.30579553955,9.01052955481,93.6712510375,92.3948192328,98.6637704376,Imidazolium Lead Bromide,14,"B.Saparov et al., Chem. Rev. 116, 4558 (2016)",235.26957143573,Pb,Br,1,3,3,2,5,0,0,Imidazolium
1229,6.5119542446,6.45795084751,6.71983562584,83.7300407047,88.7114113531,93.4068129472,Ethylammonium Lead Iodide,15,"B.Saparov et al., Chem. Rev. 116, 4558 (2016)",280.2887522314807,Pb,I,1,3,2,1,8,0,0,Ethylammonium
1230,6.58964494559,6.38965885196,6.7092323143,86.5151140399,83.3408403879,88.3166692624,Ethylammonium Lead Iodide,15,"B.Saparov et al., Chem. Rev. 116, 4558 (2016)",280.0004197399143,Pb,I,1,3,2,1,8,0,0,Ethylammonium
1231,6.5039426848,4.50977432009,9.39720931632,98.3867170758,90.1355919274,92.4895471001,Ethylammonium Lead Iodide,15,"B.Saparov et al., Chem. Rev. 116, 4558 (2016)",272.4169988770991,Pb,I,1,3,2,1,8,0,0,Ethylammonium
1232,8.97005336856,4.65141764453,6.59397347222,83.1013709318,91.9140306595,88.0504155218,Ethylammonium Lead Iodide,15,"B.Saparov et al., Chem. Rev. 116, 4558 (2016)",272.77858587029044,Pb,I,1,3,2,1,8,0,0,Ethylammonium
1233,6.62561132011,4.69853098172,8.9135184019,94.2968738215,95.8632273873,94.0155896449,Ethylammonium Lead Iodide,15,"B.Saparov et al., Chem. Rev. 116, 4558 (2016)",274.41073383529164,Pb,I,1,3,2,1,8,0,0,Ethylammonium
1234,6.64762692317,4.68267266547,9.8022429132,64.3892345325,94.5653925144,96.1447292009,Ethylammonium Lead Iodide,15,"B.Saparov et al., Chem. Rev. 116, 4558 (2016)",273.38209463973055,Pb,I,1,3,2,1,8,0,0,Ethylammonium
1235,7.22768696786,4.81357766782,8.24689008254,106.873353063,89.8150549552,85.3934346799,Ethylammonium Lead Iodide,15,"B.Saparov et al., Chem. Rev. 116, 4558 (2016)",273.57274421090364,Pb,I,1,3,2,1,8,0,0,Ethylammonium
1236,6.4876735764,4.71301106083,8.95479954272,89.0358288683,87.6251647303,80.5168556709,Ethylammonium Lead Iodide,15,"B.Saparov et al., Chem. Rev. 116, 4558 (2016)",269.8185763968176,Pb,I,1,3,2,1,8,0,0,Ethylammonium
1237,9.2552398958,4.40239639421,6.51092182088,90.7825527348,89.3627771099,92.1947260034,Ethylammonium Lead Iodide,15,"B.Saparov et al., Chem. Rev. 116, 4558 (2016)",265.0547964279828,Pb,I,1,3,2,1,8,0,0,Ethylammonium
1238,11.7378488851,4.90080092097,4.86222305725,89.9923181929,90.0491540159,85.1645831343,Ethylammonium Lead Iodide,15,"B.Saparov et al., Chem. Rev. 116, 4558 (2016)",278.7031318617149,Pb,I,1,3,2,1,8,0,0,Ethylammonium
1239,9.6700276915,4.73933456541,6.36770671447,87.0871362536,98.5507357457,108.046518117,Ethylammonium Lead Iodide,15,"B.Saparov et al., Chem. Rev. 116, 4558 (2016)",274.38463682760795,Pb,I,1,3,2,1,8,0,0,Ethylammonium
1240,6.4974090031,6.58766205956,7.43396546719,76.5096335315,85.952348027,87.7074863549,Propylammonium Lead Iodide,18,"S.Kataoka et al., J. Am. Chem. Soc. 137, 4158 (2015)",308.552171853425,Pb,I,1,3,3,1,10,0,0,Propylammonium
1241,6.36934266909,6.46443530083,7.69370898195,99.6503702055,81.118397713,88.9550837838,Propylammonium Lead Iodide,18,"S.Kataoka et al., J. Am. Chem. Soc. 137, 4158 (2015)",308.23826216854275,Pb,I,1,3,3,1,10,0,0,Propylammonium
1242,6.37612723871,6.48480000718,7.6760181642,100.164011664,81.5819970306,89.2412072952,Propylammonium Lead Iodide,18,"S.Kataoka et al., J. Am. Chem. Soc. 137, 4158 (2015)",308.7917206536579,Pb,I,1,3,3,1,10,0,0,Propylammonium
1243,6.64544341208,6.57785690341,6.88331732354,97.0245388488,83.9785669055,93.1280410047,Propylammonium Lead Iodide,18,"S.Kataoka et al., J. Am. Chem. Soc. 137, 4158 (2015)",296.7171094197932,Pb,I,1,3,3,1,10,0,0,Propylammonium
1244,6.71896980896,6.75170042521,6.71996647161,80.1547571637,89.5837461377,84.3889114453,Propylammonium Lead Iodide,18,"S.Kataoka et al., J. Am. Chem. Soc. 137, 4158 (2015)",298.9052307339095,Pb,I,1,3,3,1,10,0,0,Propylammonium
1245,6.67724053455,6.5554041578,6.83898518365,83.6085827035,83.3592372285,85.6471147097,Propylammonium Lead Iodide,18,"S.Kataoka et al., J. Am. Chem. Soc. 137, 4158 (2015)",294.89660945771925,Pb,I,1,3,3,1,10,0,0,Propylammonium
1246,6.68365945118,6.54717306899,6.82326157569,83.899085005,83.0524314305,84.8492672224,Propylammonium Lead Iodide,18,"S.Kataoka et al., J. Am. Chem. Soc. 137, 4158 (2015)",293.81228188589506,Pb,I,1,3,3,1,10,0,0,Propylammonium
1247,8.41538668528,4.69914830823,8.07363235921,75.5081337645,86.8097446455,76.055084022,Propylammonium Lead Iodide,18,"S.Kataoka et al., J. Am. Chem. Soc. 137, 4158 (2015)",300.00079751756664,Pb,I,1,3,3,1,10,0,0,Propylammonium
1248,8.8212678414,4.97281921056,8.82215359701,82.9255863737,121.383156813,115.17900463,Propylammonium Lead Iodide,18,"S.Kataoka et al., J. Am. Chem. Soc. 137, 4158 (2015)",296.5547121771619,Pb,I,1,3,3,1,10,0,0,Propylammonium
1249,8.7800313696,4.80558313317,9.66618952095,104.813218637,123.00157462,59.6075965816,Propylammonium Lead Iodide,18,"S.Kataoka et al., J. Am. Chem. Soc. 137, 4158 (2015)",294.92848913939304,Pb,I,1,3,3,1,10,0,0,Propylammonium
1250,8.84827536275,4.94292229928,8.07903068562,81.9794414773,59.9124578201,96.9194098796,Propylammonium Lead Iodide,18,"S.Kataoka et al., J. Am. Chem. Soc. 137, 4158 (2015)",295.1749744025642,Pb,I,1,3,3,1,10,0,0,Propylammonium
1251,8.93411734561,4.9401155114,8.72623613486,96.9286463009,121.354809734,65.0989026172,Propylammonium Lead Iodide,18,"S.Kataoka et al., J. Am. Chem. Soc. 137, 4158 (2015)",295.8975714085877,Pb,I,1,3,3,1,10,0,0,Propylammonium
1252,6.37424768846,6.42346269624,10.5239850637,61.0193355479,123.526683743,94.236309828,Propylammonium Lead Iodide,18,"S.Kataoka et al., J. Am. Chem. Soc. 137, 4158 (2015)",302.9403961769913,Pb,I,1,3,3,1,10,0,0,Propylammonium
1253,7.80756647021,6.62244547139,6.57861397942,86.760830757,99.3997624139,104.244853054,Butylammonium Lead Iodide,21,"H. Hu et al., Sci. Rep. 6, 33546 (2016)",325.21575207297406,Pb,I,1,3,4,1,12,0,0,Butylammonium
1254,6.57456932834,6.5640475354,7.91055027593,75.9140104227,80.1065638117,86.1639366116,Butylammonium Lead Iodide,21,"H. Hu et al., Sci. Rep. 6, 33546 (2016)",326.08453317137133,Pb,I,1,3,4,1,12,0,0,Butylammonium
1255,6.83536609608,7.42820690017,6.65299588656,82.2438255435,93.3754701647,108.563679924,Butylammonium Lead Iodide,21,"H. Hu et al., Sci. Rep. 6, 33546 (2016)",317.2517136403757,Pb,I,1,3,4,1,12,0,0,Butylammonium
1256,7.59358747062,5.42566708038,8.5716266628,72.9436742888,79.6351347661,92.5551888663,Butylammonium Lead Iodide,21,"H. Hu et al., Sci. Rep. 6, 33546 (2016)",330.32695314920244,Pb,I,1,3,4,1,12,0,0,Butylammonium
1257,6.85477882664,6.61150006479,6.60060380513,82.0928052545,85.360795983,91.9724298007,Isopropylammonium Lead Iodide,18,"C.C.Stoumpos et al., J. Am. Chem. Soc. 137, 6804 (2015)",295.01244881760624,Pb,I,1,3,3,1,10,0,0,Isopropylammonium
1258,6.54817078025,6.65507271373,6.82907312285,87.6308572032,93.7800368351,82.293234165,Isopropylammonium Lead Iodide,18,"C.C.Stoumpos et al., J. Am. Chem. Soc. 137, 6804 (2015)",293.8922732780344,Pb,I,1,3,3,1,10,0,0,Isopropylammonium
1259,6.81387114156,6.63858914624,6.60396533866,81.1873604986,85.6417534529,91.8637993928,Isopropylammonium Lead Iodide,18,"C.C.Stoumpos et al., J. Am. Chem. Soc. 137, 6804 (2015)",294.05098001705227,Pb,I,1,3,3,1,10,0,0,Isopropylammonium
1260,6.7586528138,6.48745471172,6.79052872641,93.4191729716,92.2256152858,85.3654298215,Isopropylammonium Lead Iodide,18,"C.C.Stoumpos et al., J. Am. Chem. Soc. 137, 6804 (2015)",296.0656426300166,Pb,I,1,3,3,1,10,0,0,Isopropylammonium
1261,6.80519404906,6.48109145644,6.7757874887,94.9262179556,87.9888841505,94.0762819613,Isopropylammonium Lead Iodide,18,"C.C.Stoumpos et al., J. Am. Chem. Soc. 137, 6804 (2015)",296.8631904989738,Pb,I,1,3,3,1,10,0,0,Isopropylammonium
1262,7.93167426725,4.87783190954,8.57082545988,104.617111914,93.4688035937,107.502547709,Isopropylammonium Lead Iodide,18,"C.C.Stoumpos et al., J. Am. Chem. Soc. 137, 6804 (2015)",302.65109183067324,Pb,I,1,3,3,1,10,0,0,Isopropylammonium
1263,9.12568613115,4.86631379168,8.14647881299,72.0081988247,72.3250143302,62.0336844557,Isopropylammonium Lead Iodide,18,"C.C.Stoumpos et al., J. Am. Chem. Soc. 137, 6804 (2015)",298.42417986529256,Pb,I,1,3,3,1,10,0,0,Isopropylammonium
1264,8.71398853243,4.90026903202,7.95357896975,107.946963296,79.0523904295,108.84837877,Isopropylammonium Lead Iodide,18,"C.C.Stoumpos et al., J. Am. Chem. Soc. 137, 6804 (2015)",304.22983696836997,Pb,I,1,3,3,1,10,0,0,Isopropylammonium
1265,7.96389977012,4.73444620477,8.37795563605,75.675356168,78.6347081138,88.0073698757,Isopropylammonium Lead Iodide,18,"C.C.Stoumpos et al., J. Am. Chem. Soc. 137, 6804 (2015)",300.0325123909503,Pb,I,1,3,3,1,10,0,0,Isopropylammonium
1266,6.84051571002,4.65925218697,9.38620997335,85.4452165601,85.881688548,96.0837511965,Isopropylammonium Lead Iodide,18,"C.C.Stoumpos et al., J. Am. Chem. Soc. 137, 6804 (2015)",295.55709400634953,Pb,I,1,3,3,1,10,0,0,Isopropylammonium
1267,6.79233403614,6.47037665283,6.46452938437,88.237421472,93.8520589438,95.0205669508,Dimethylammonium Lead Iodide,15,"B.Saparov et al., Chem. Rev. 116, 4558 (2016)",282.2914485795354,Pb,I,1,3,2,1,8,0,0,Dimethylammonium
1268,6.59322772213,6.58048331369,6.57634016614,86.2179995695,98.4337273182,96.6306238533,Dimethylammonium Lead Iodide,15,"B.Saparov et al., Chem. Rev. 116, 4558 (2016)",280.0027122076437,Pb,I,1,3,2,1,8,0,0,Dimethylammonium
1269,6.5883595856,6.59638538046,6.56667852538,82.7153629725,97.9715112209,94.6300587467,Dimethylammonium Lead Iodide,15,"B.Saparov et al., Chem. Rev. 116, 4558 (2016)",279.7651574254897,Pb,I,1,3,2,1,8,0,0,Dimethylammonium
1270,6.61174435797,6.57054458469,6.54948351705,88.0783017485,85.7861411209,80.5221481624,Dimethylammonium Lead Iodide,15,"B.Saparov et al., Chem. Rev. 116, 4558 (2016)",279.81854855858575,Pb,I,1,3,2,1,8,0,0,Dimethylammonium
1271,6.56960246026,4.66927389918,9.0041853481,87.8199897035,83.8201834111,82.9464318315,Dimethylammonium Lead Iodide,15,"B.Saparov et al., Chem. Rev. 116, 4558 (2016)",272.43631902854924,Pb,I,1,3,2,1,8,0,0,Dimethylammonium
1272,8.38707766764,4.77148329735,7.45312626299,101.35393972,95.4420243299,104.944932713,Dimethylammonium Lead Iodide,15,"B.Saparov et al., Chem. Rev. 116, 4558 (2016)",279.17852880121444,Pb,I,1,3,2,1,8,0,0,Dimethylammonium
1273,6.59324841203,4.75257092619,8.66059140727,78.6173345076,87.180432428,83.9816484857,Dimethylammonium Lead Iodide,15,"B.Saparov et al., Chem. Rev. 116, 4558 (2016)",264.46145599419714,Pb,I,1,3,2,1,8,0,0,Dimethylammonium
1274,6.65217116795,6.60257501595,6.59359859845,88.8001815263,97.7904993925,82.9507838657,Acetamidinium Lead Iodide,15,"C.C.Stoumpos et al., J. Am. Chem. Soc. 137, 6804 (2015)",284.5507131155273,Pb,I,1,3,2,2,7,0,0,Acetamidinium
1275,6.66501248759,6.60932222244,6.61240374519,90.8061132054,97.7763486993,97.7100616367,Acetamidinium Lead Iodide,15,"C.C.Stoumpos et al., J. Am. Chem. Soc. 137, 6804 (2015)",285.8425611276715,Pb,I,1,3,2,2,7,0,0,Acetamidinium
1276,6.57753696915,6.58951925989,6.62015243205,85.8196415266,98.1089224866,88.8727587367,Acetamidinium Lead Iodide,15,"C.C.Stoumpos et al., J. Am. Chem. Soc. 137, 6804 (2015)",283.1809486978914,Pb,I,1,3,2,2,7,0,0,Acetamidinium
1277,6.73479763255,4.55577923074,9.04862621756,90.2281028013,95.2236682078,101.793549948,Acetamidinium Lead Iodide,15,"C.C.Stoumpos et al., J. Am. Chem. Soc. 137, 6804 (2015)",270.57014378151257,Pb,I,1,3,2,2,7,0,0,Acetamidinium
1278,6.63670659644,4.60497635093,9.63998738537,108.750045475,81.5954820102,92.2249676456,Acetamidinium Lead Iodide,15,"C.C.Stoumpos et al., J. Am. Chem. Soc. 137, 6804 (2015)",275.9742987627871,Pb,I,1,3,2,2,7,0,0,Acetamidinium
1279,8.43856761711,4.38904325784,7.58647904695,90.5774159744,92.459377417,79.5450730081,Acetamidinium Lead Iodide,15,"C.C.Stoumpos et al., J. Am. Chem. Soc. 137, 6804 (2015)",276.062087581155,Pb,I,1,3,2,2,7,0,0,Acetamidinium
1280,6.54042973538,6.38570316197,6.4841099437,89.9595643154,90.7082806322,89.9299849655,Methylammonium Lead Iodide,12,"T.D.Huan et al., Phys. Rev. B 93,094105(2016)",270.7894622081969,Pb,I,1,3,1,1,6,0,0,Methylammonium
1281,6.45993847982,6.44161702371,6.52589227151,87.4237652108,86.7983593724,92.8515608187,Methylammonium Lead Iodide,12,"T.D.Huan et al., Phys. Rev. B 93,094105(2016)",270.4884465195536,Pb,I,1,3,1,1,6,0,0,Methylammonium
1282,6.68051111288,4.72566802198,8.39134898591,103.219877001,81.896977978,94.497682185,Methylammonium Lead Iodide,12,"T.D.Huan et al., Phys. Rev. B 93,094105(2016)",255.02547800735542,Pb,I,1,3,1,1,6,0,0,Methylammonium
1283,6.8375993976,4.73443500755,8.62210855323,107.193598478,84.9449949677,75.2066919875,Methylammonium Lead Iodide,12,"T.D.Huan et al., Phys. Rev. B 93,094105(2016)",253.728971765286,Pb,I,1,3,1,1,6,0,0,Methylammonium
1284,8.73394003464,4.61054397434,6.44421305727,86.8794484174,95.7516696742,91.3862015543,Methylammonium Lead Iodide,12,"T.D.Huan et al., Phys. Rev. B 93,094105(2016)",257.76185094833676,Pb,I,1,3,1,1,6,0,0,Methylammonium
1285,8.45051944815,4.79444314513,8.07768492325,53.7641506638,100.055054153,106.840163734,Methylammonium Lead Iodide,12,"T.D.Huan et al., Phys. Rev. B 93,094105(2016)",252.65182706791356,Pb,I,1,3,1,1,6,0,0,Methylammonium
1286,6.54006633032,6.52635800921,6.52451715619,95.8614741183,95.2032040974,95.0835808987,Guanidinium Lead Iodide,14,"B.Saparov et al., Chem. Rev. 116, 4558 (2016)",274.53760615908897,Pb,I,1,3,1,3,6,0,0,Guanidinium
1287,6.49446576027,6.50256156478,6.51393290171,87.5437029993,93.0727449606,86.3251412331,Guanidinium Lead Iodide,14,"B.Saparov et al., Chem. Rev. 116, 4558 (2016)",273.8314428740687,Pb,I,1,3,1,3,6,0,0,Guanidinium
1288,9.97432534923,4.48595909138,6.65502738033,76.8742606355,96.4463382062,116.650609797,Guanidinium Lead Iodide,14,"B.Saparov et al., Chem. Rev. 116, 4558 (2016)",259.16749394143756,Pb,I,1,3,1,3,6,0,0,Guanidinium
1289,6.09375446831,6.64480274131,6.47462016388,98.4482933006,72.6689378784,77.0203859915,Hydroxylammonium Lead Iodide,10,"G.Kieslich et al., Chem. Sci. 6, 3430 (2015)",237.34167440792058,Pb,I,1,3,0,1,4,0,1,Hydroxylammonium
1290,6.45617939759,4.72663754795,8.119690064,106.570999634,87.101193599,91.6922151494,Hydroxylammonium Lead Iodide,10,"G.Kieslich et al., Chem. Sci. 6, 3430 (2015)",237.1561359248924,Pb,I,1,3,0,1,4,0,1,Hydroxylammonium
1291,8.11625272435,4.75445283334,6.44499496392,89.5476783399,92.2004534077,72.6376064077,Hydroxylammonium Lead Iodide,10,"G.Kieslich et al., Chem. Sci. 6, 3430 (2015)",237.1460504023721,Pb,I,1,3,0,1,4,0,1,Hydroxylammonium
1292,6.45155113497,4.65476142726,8.17958071044,105.852731893,86.167344831,92.9232297118,Hydroxylammonium Lead Iodide,10,"G.Kieslich et al., Chem. Sci. 6, 3430 (2015)",235.62839439711334,Pb,I,1,3,0,1,4,0,1,Hydroxylammonium
1293,8.25570469299,4.67201239709,6.57560564258,87.6639508832,76.1412833422,74.6673633508,Hydroxylammonium Lead Iodide,10,"G.Kieslich et al., Chem. Sci. 6, 3430 (2015)",237.40927228744349,Pb,I,1,3,0,1,4,0,1,Hydroxylammonium
1294,6.61412543642,4.66920134461,8.14093529498,104.423605605,100.980857522,83.1171120362,Hydroxylammonium Lead Iodide,10,"G.Kieslich et al., Chem. Sci. 6, 3430 (2015)",238.33749154080408,Pb,I,1,3,0,1,4,0,1,Hydroxylammonium
1295,8.29774939955,4.66212152245,6.3977954519,89.892051729,91.0371740838,73.3497392145,Hydroxylammonium Lead Iodide,10,"G.Kieslich et al., Chem. Sci. 6, 3430 (2015)",237.07689387870727,Pb,I,1,3,0,1,4,0,1,Hydroxylammonium
1296,6.49824182462,6.48788689381,6.44508063093,83.8061283056,85.5718732033,86.5803118223,Formamidinium Lead Iodide,12,"T.D.Huan et al., Phys. Rev. B 93,094105(2016)",268.969897373087,Pb,I,1,3,1,2,5,0,0,Formamidinium
1297,6.76459108644,6.36358805362,6.36234671491,92.6896283186,90.3686053302,89.882669887,Formamidinium Lead Iodide,12,"T.D.Huan et al., Phys. Rev. B 93,094105(2016)",273.57260104512613,Pb,I,1,3,1,2,5,0,0,Formamidinium
1298,6.36392571171,6.69949002842,6.42217713345,101.132319993,95.3312493863,76.9126225664,Formamidinium Lead Iodide,12,"T.D.Huan et al., Phys. Rev. B 93,094105(2016)",261.3327940643708,Pb,I,1,3,1,2,5,0,0,Formamidinium
1299,6.83311217037,6.74352171526,6.66236677496,90.019241918,89.9895517529,90.0332834398,Tetramethylammonium Lead Iodide,21,"B.Saparov et al., Chem. Rev. 116, 4558 (2016)",306.99672541070163,Pb,I,1,3,4,1,12,0,0,Tetramethylammonium
1300,6.655442336,6.8394725301,6.74546601561,90.038194665,89.918065486,89.8321634535,Tetramethylammonium Lead Iodide,21,"B.Saparov et al., Chem. Rev. 116, 4558 (2016)",307.04999037920425,Pb,I,1,3,4,1,12,0,0,Tetramethylammonium
1301,7.35083701009,5.06582810027,8.67727308038,91.8165777471,90.3011772425,85.243795132,Tetramethylammonium Lead Iodide,21,"B.Saparov et al., Chem. Rev. 116, 4558 (2016)",321.84933500564347,Pb,I,1,3,4,1,12,0,0,Tetramethylammonium
1302,6.50683696715,6.32345978502,6.48238403196,92.0441257488,87.417828977,90.1318385092,Hydrazinium Lead Iodide,11,"B.Saparov et al., Chem. Rev. 116, 4558 (2016)",266.281930645293,Pb,I,1,3,0,2,5,0,0,Hydrazinium
1303,8.88229430027,6.32400460709,6.4652958967,94.737284555,47.0063484942,97.2577517586,Hydrazinium Lead Iodide,11,"B.Saparov et al., Chem. Rev. 116, 4558 (2016)",263.49913993641286,Pb,I,1,3,0,2,5,0,0,Hydrazinium
1304,4.36779576752,6.58154750482,8.79656458687,83.1626179552,105.916545799,104.991641437,Hydrazinium Lead Iodide,11,"B.Saparov et al., Chem. Rev. 116, 4558 (2016)",234.58671659164838,Pb,I,1,3,0,2,5,0,0,Hydrazinium
1305,8.32940573429,6.65527052059,4.61761999065,101.27638602,76.4816332243,101.424598618,Hydrazinium Lead Iodide,11,"B.Saparov et al., Chem. Rev. 116, 4558 (2016)",240.9424499661177,Pb,I,1,3,0,2,5,0,0,Hydrazinium
1306,8.62892922538,4.43840532977,6.45167439951,89.267131663,90.0359487135,74.3202433249,Hydrazinium Lead Iodide,11,"B.Saparov et al., Chem. Rev. 116, 4558 (2016)",237.87413528221558,Pb,I,1,3,0,2,5,0,0,Hydrazinium
1307,8.25512358218,4.89593908265,6.38671101869,90.3048136145,105.159344301,72.9046059754,Hydrazinium Lead Iodide,11,"B.Saparov et al., Chem. Rev. 116, 4558 (2016)",237.42126157915408,Pb,I,1,3,0,2,5,0,0,Hydrazinium
1308,8.63352969628,4.40434545472,6.41806924828,89.8770365324,89.9166352283,76.3611192776,Hydrazinium Lead Iodide,11,"B.Saparov et al., Chem. Rev. 116, 4558 (2016)",237.16488638213988,Pb,I,1,3,0,2,5,0,0,Hydrazinium
1309,6.60894455222,4.48623472658,8.45193418035,104.650695305,86.7235807338,85.2672423054,Hydrazinium Lead Iodide,11,"B.Saparov et al., Chem. Rev. 116, 4558 (2016)",240.82686267040688,Pb,I,1,3,0,2,5,0,0,Hydrazinium
1310,8.60065864785,4.45194377351,6.46749950869,89.4949327028,90.1859709554,74.2585472589,Hydrazinium Lead Iodide,11,"B.Saparov et al., Chem. Rev. 116, 4558 (2016)",238.3374394616806,Pb,I,1,3,0,2,5,0,0,Hydrazinium
1311,8.17425929189,6.94990954722,4.6841891755,72.7900526898,105.862755986,110.126340611,Ammonium Lead Iodide,9,"T.D.Huan et al., Phys. Rev. B 93,094105(2016)",234.26842365778322,Pb,I,1,3,0,1,4,0,0,Ammonium
1312,6.43563850808,6.4373462077,6.44477278526,82.836113193,83.0519591335,83.0637470153,Ammonium Lead Iodide,9,"T.D.Huan et al., Phys. Rev. B 93,094105(2016)",261.448928709247,Pb,I,1,3,0,1,4,0,0,Ammonium
1313,4.68303023583,6.91296444907,8.17740116652,70.8585677815,74.1332769359,72.6028171013,Ammonium Lead Iodide,9,"T.D.Huan et al., Phys. Rev. B 93,094105(2016)",234.09626437381485,Pb,I,1,3,0,1,4,0,0,Ammonium
1314,6.59984145246,6.65534223539,6.78297788776,87.6887255473,88.8031002156,96.6277541659,Trimethylammonium Lead Iodide,18,"A. Mancini et al., J. Solid State Chem. 240, 55 (2016)",295.6070798891901,Pb,I,1,3,3,1,10,0,0,Trimethylammonium
1315,6.5523714728,6.65966522939,6.83846915178,90.2233737798,90.1922731183,97.4183854965,Trimethylammonium Lead Iodide,18,"A. Mancini et al., J. Solid State Chem. 240, 55 (2016)",295.90532043054054,Pb,I,1,3,3,1,10,0,0,Trimethylammonium
1316,6.67131240985,6.59294787778,6.72053629399,94.3785096919,87.7260777149,85.3401512989,Trimethylammonium Lead Iodide,18,"A. Mancini et al., J. Solid State Chem. 240, 55 (2016)",293.44335351918335,Pb,I,1,3,3,1,10,0,0,Trimethylammonium
1317,6.69376931665,6.59527461311,6.6867182055,94.1706345349,92.9218514347,94.4388837074,Trimethylammonium Lead Iodide,18,"A. Mancini et al., J. Solid State Chem. 240, 55 (2016)",293.0593966873897,Pb,I,1,3,3,1,10,0,0,Trimethylammonium
1318,6.74515496312,6.71049009426,6.79221554666,81.4335533582,86.5328481022,93.9236588031,Trimethylammonium Lead Iodide,18,"A. Mancini et al., J. Solid State Chem. 240, 55 (2016)",302.5164770847089,Pb,I,1,3,3,1,10,0,0,Trimethylammonium
1319,6.67757414297,6.70277500263,6.58609749426,93.6263277055,94.6348646925,93.0723177272,Trimethylammonium Lead Iodide,18,"A. Mancini et al., J. Solid State Chem. 240, 55 (2016)",292.7189901448714,Pb,I,1,3,3,1,10,0,0,Trimethylammonium
1320,6.58497726827,6.80056911677,6.66922812859,91.5107834846,82.8668677147,89.0173638009,Trimethylammonium Lead Iodide,18,"A. Mancini et al., J. Solid State Chem. 240, 55 (2016)",296.18131351941554,Pb,I,1,3,3,1,10,0,0,Trimethylammonium
1321,4.9229722089,8.30808351179,7.96848267328,104.278391226,73.1863564264,88.8206630776,Trimethylammonium Lead Iodide,18,"A. Mancini et al., J. Solid State Chem. 240, 55 (2016)",300.85653670410494,Pb,I,1,3,3,1,10,0,0,Trimethylammonium
1322,9.29671215756,4.97729411471,6.50542162943,95.9855551888,95.3400997782,94.011306718,Trimethylammonium Lead Iodide,18,"A. Mancini et al., J. Solid State Chem. 240, 55 (2016)",297.11541148846425,Pb,I,1,3,3,1,10,0,0,Trimethylammonium
1323,6.51734367841,4.96394184606,9.32157267098,93.8906719606,84.5027841667,83.8653420224,Trimethylammonium Lead Iodide,18,"A. Mancini et al., J. Solid State Chem. 240, 55 (2016)",297.53238978965794,Pb,I,1,3,3,1,10,0,0,Trimethylammonium
1324,6.50881124704,4.91936155084,9.42378067419,94.2377702499,84.853632409,84.4741649367,Trimethylammonium Lead Iodide,18,"A. Mancini et al., J. Solid State Chem. 240, 55 (2016)",298.0904447463198,Pb,I,1,3,3,1,10,0,0,Trimethylammonium
1325,7.04784913935,4.88192816834,8.78502788298,90.5469016496,94.4957010206,75.4554929928,Trimethylammonium Lead Iodide,18,"A. Mancini et al., J. Solid State Chem. 240, 55 (2016)",291.66416079442365,Pb,I,1,3,3,1,10,0,0,Trimethylammonium
1326,6.66635982656,6.504721866,6.57367324457,89.9914178842,89.5234792786,89.3171591178,Azetidinium Lead Iodide,16,"B. Zhou et al., Angew. Chem. Int. Ed. 50, 11441 (2011)",285.0228852207512,Pb,I,1,3,3,1,8,0,0,Azetidinium
1327,6.57070131099,6.52949808554,6.61114940321,92.7753425628,86.6161111377,90.1890612583,Azetidinium Lead Iodide,16,"B. Zhou et al., Angew. Chem. Int. Ed. 50, 11441 (2011)",282.813989380775,Pb,I,1,3,3,1,8,0,0,Azetidinium
1328,6.52767366823,6.60701440932,6.5810691188,93.7682009287,89.9706760519,95.4524256664,Azetidinium Lead Iodide,16,"B. Zhou et al., Angew. Chem. Int. Ed. 50, 11441 (2011)",281.9314584685883,Pb,I,1,3,3,1,8,0,0,Azetidinium
1329,6.57198471803,6.53884139519,6.5917739789,87.5974948064,84.1711560344,92.4787228321,Azetidinium Lead Iodide,16,"B. Zhou et al., Angew. Chem. Int. Ed. 50, 11441 (2011)",281.235337157041,Pb,I,1,3,3,1,8,0,0,Azetidinium
1330,8.97513332282,6.62860888688,4.81189601732,90.2880724011,83.8586940275,89.8814947585,Azetidinium Lead Iodide,16,"B. Zhou et al., Angew. Chem. Int. Ed. 50, 11441 (2011)",284.624967616596,Pb,I,1,3,3,1,8,0,0,Azetidinium
1331,8.90247809584,6.6069651656,4.81345013224,93.1947324424,83.6352009395,86.5287165153,Azetidinium Lead Iodide,16,"B. Zhou et al., Angew. Chem. Int. Ed. 50, 11441 (2011)",280.300986314244,Pb,I,1,3,3,1,8,0,0,Azetidinium
1332,8.99209957408,6.59249574283,4.80750508235,88.1200957688,100.705895406,86.6874736755,Azetidinium Lead Iodide,16,"B. Zhou et al., Angew. Chem. Int. Ed. 50, 11441 (2011)",279.28671176871427,Pb,I,1,3,3,1,8,0,0,Azetidinium
1333,6.44452549896,4.64162776319,9.33550021336,88.1657825308,93.4095572025,96.1184560541,Azetidinium Lead Iodide,16,"B. Zhou et al., Angew. Chem. Int. Ed. 50, 11441 (2011)",277.0787309080517,Pb,I,1,3,3,1,8,0,0,Azetidinium
1334,6.80497372633,4.79330908038,9.39124234,107.523409683,97.7956943232,77.4367697618,Azetidinium Lead Iodide,16,"B. Zhou et al., Angew. Chem. Int. Ed. 50, 11441 (2011)",284.3063184929629,Pb,I,1,3,3,1,8,0,0,Azetidinium
1335,9.19242472911,4.80176194137,6.76679739237,101.630519561,88.4907655984,77.2039526958,Azetidinium Lead Iodide,16,"B. Zhou et al., Angew. Chem. Int. Ed. 50, 11441 (2011)",284.49803169488746,Pb,I,1,3,3,1,8,0,0,Azetidinium
1336,9.05791935589,4.80856143544,6.6327605361,90.0231656577,85.6000785247,104.409194236,Azetidinium Lead Iodide,16,"B. Zhou et al., Angew. Chem. Int. Ed. 50, 11441 (2011)",278.92909039575403,Pb,I,1,3,3,1,8,0,0,Azetidinium
1337,6.44803584892,4.6149987466,9.35016001137,88.8531034684,89.66460821,85.0051796708,Azetidinium Lead Iodide,16,"B. Zhou et al., Angew. Chem. Int. Ed. 50, 11441 (2011)",277.1245622939234,Pb,I,1,3,3,1,8,0,0,Azetidinium
1338,4.70147126039,6.460871957,9.16505457381,93.6109368171,90.4551451156,95.6005493712,Azetidinium Lead Iodide,16,"B. Zhou et al., Angew. Chem. Int. Ed. 50, 11441 (2011)",276.4872677343113,Pb,I,1,3,3,1,8,0,0,Azetidinium
1339,8.58322659167,6.90940950991,4.80307594704,90.8264026904,89.9643924151,84.0099089423,Azetidinium Lead Iodide,16,"B. Zhou et al., Angew. Chem. Int. Ed. 50, 11441 (2011)",283.2611621433854,Pb,I,1,3,3,1,8,0,0,Azetidinium
1340,8.70628852147,6.81574283748,4.83250833348,88.3914088523,93.1958683336,80.7365719946,Azetidinium Lead Iodide,16,"B. Zhou et al., Angew. Chem. Int. Ed. 50, 11441 (2011)",282.3805458606358,Pb,I,1,3,3,1,8,0,0,Azetidinium
1341,6.52208377892,6.87594660782,6.53085019631,89.3790292959,82.1541958142,90.2088521441,Imidazolium Lead Iodide,14,"B.Saparov et al., Chem. Rev. 116, 4558 (2016)",290.11668491509636,Pb,I,1,3,3,2,5,0,0,Imidazolium
1342,6.53439874411,6.70080199898,6.63220124588,95.2337142556,82.9420258226,85.4382951315,Imidazolium Lead Iodide,14,"B.Saparov et al., Chem. Rev. 116, 4558 (2016)",285.7813351254039,Pb,I,1,3,3,2,5,0,0,Imidazolium
1343,6.68916243421,6.60486856507,6.57635170598,83.2066023716,85.1502392824,95.4976207321,Imidazolium Lead Iodide,14,"B.Saparov et al., Chem. Rev. 116, 4558 (2016)",285.8287988017718,Pb,I,1,3,3,2,5,0,0,Imidazolium
1344,6.57511695862,6.56547225243,6.72686035599,95.6340691636,95.3990760494,96.2265066343,Imidazolium Lead Iodide,14,"B.Saparov et al., Chem. Rev. 116, 4558 (2016)",285.66792359033263,Pb,I,1,3,3,2,5,0,0,Imidazolium
1345,6.5317557773,4.49792144141,9.70782816101,87.3265386986,90.1237303312,80.1593404944,Imidazolium Lead Iodide,14,"B.Saparov et al., Chem. Rev. 116, 4558 (2016)",280.6923758024137,Pb,I,1,3,3,2,5,0,0,Imidazolium
1346,6.65455464619,4.59210456325,9.99477622505,113.141791813,97.5970888622,80.0381700748,Imidazolium Lead Iodide,14,"B.Saparov et al., Chem. Rev. 116, 4558 (2016)",275.9179649676643,Pb,I,1,3,3,2,5,0,0,Imidazolium
