entry,a,b,c,alpha,beta,gamma,label,natoms,src,cell_vol,B,X,nB,nX,nC,nN,nH,nS,nO,A_cation,eps_el,eps_ion,eps_tot,n_ref,E_atom,Erel1,Erel2,V_cell,rho,Eg_GGA,Eg_HSE,composition,dEg
0001,4.75327205649,4.96701249034,5.10069400556,73.7278505823,94.1794172842,100.125980698,Ethylammonium Germanium Fluoride,15,"B.Saparov et al., Chem. Rev. 116, 4558 (2016)",113.76491263539512,Ge,F,1,3,2,1,8,0,0,Ethylammonium,2.7968,2.6005,5.3973,1.6724,-4.7512,-0.2279,0.3767,113.76,2.5647,4.7308,5.9448,Ethylammonium_Ge_F,1.2139999999999995
0002,5.14908209966,4.65174556999,5.15492200371,80.5176233861,70.2206829864,80.7926386196,Ethylammonium Germanium Fluoride,15,"B.Saparov et al., Chem. Rev. 116, 4558 (2016)",113.87449859124642,Ge,F,1,3,2,1,8,0,0,Ethylammonium,2.8753,2.7377,5.613,1.6957,-4.7495,-0.2262,0.3784,113.87,2.5622,4.1048,5.3704,Ethylammonium_Ge_F,1.2656
0003,4.27142996019,3.7589415834,7.49001455369,93.8057338014,97.6764935709,95.9633120463,Ethylammonium Germanium Fluoride,15,"B.Saparov et al., Chem. Rev. 116, 4558 (2016)",118.1438523210618,Ge,F,1,3,2,1,8,0,0,Ethylammonium,2.7387,3.3725,6.1112,1.6549,-4.7382,-0.2149,0.3897,118.14,2.4696,4.5915,5.8916,Ethylammonium_Ge_F,1.3001000000000005
0004,4.67795629958,3.64099826929,7.93998005883,65.0256599809,104.652997989,104.321985077,Ethylammonium Germanium Fluoride,15,"B.Saparov et al., Chem. Rev. 116, 4558 (2016)",117.07150495873869,Ge,F,1,3,2,1,8,0,0,Ethylammonium,2.7315,2.5727,5.3041,1.6527,-4.7509,-0.2276,0.377,117.07,2.4922,4.6666,5.9494,Ethylammonium_Ge_F,1.2828
0005,6.8909561669,3.82887500908,5.16145399801,115.91657242,74.1434833251,105.65114519,Ethylammonium Germanium Fluoride,15,"B.Saparov et al., Chem. Rev. 116, 4558 (2016)",116.03352866000738,Ge,F,1,3,2,1,8,0,0,Ethylammonium,2.7502,2.2136,4.9637,1.6584,-4.7332,-0.2099,0.3947,116.03,2.5145,4.6595,5.9595,Ethylammonium_Ge_F,1.2999999999999998
0006,4.79012378643,3.58040173685,7.70205696483,107.565592285,78.2958618439,110.719872971,Ethylammonium Germanium Fluoride,15,"B.Saparov et al., Chem. Rev. 116, 4558 (2016)",117.10424335557398,Ge,F,1,3,2,1,8,0,0,Ethylammonium,2.7323,3.1944,5.9267,1.653,-4.743,-0.2197,0.3849,117.1,2.4915,4.664,5.9412,Ethylammonium_Ge_F,1.2772000000000006
0007,4.68746300519,3.63526529344,7.34397904481,92.0150055716,81.8140655162,69.29006077,Ethylammonium Germanium Fluoride,15,"B.Saparov et al., Chem. Rev. 116, 4558 (2016)",115.36835368362613,Ge,F,1,3,2,1,8,0,0,Ethylammonium,2.765,3.0257,5.7907,1.6628,-4.7391,-0.2159,0.3887,115.37,2.5289,4.6879,5.9521,Ethylammonium_Ge_F,1.2641999999999998
0008,7.45693103151,3.82132121041,4.08447825814,88.725274605,89.2703916862,89.0276047494,Ethylammonium Germanium Fluoride,15,"B.Saparov et al., Chem. Rev. 116, 4558 (2016)",116.33410085629264,Ge,F,1,3,2,1,8,0,0,Ethylammonium,2.7876,14.5954,17.383,1.6696,-4.7287,-0.2055,0.3991,116.33,2.508,4.5073,5.744,Ethylammonium_Ge_F,1.2367
0009,6.70960013794,4.28390495174,4.74642929797,112.994561377,105.671746747,82.403896249,Ethylammonium Germanium Fluoride,15,"B.Saparov et al., Chem. Rev. 116, 4558 (2016)",120.86423333057772,Ge,F,1,3,2,1,8,0,0,Ethylammonium,2.631,2.3088,4.9398,1.622,-4.7298,-0.2065,0.3981,120.86,2.414,4.4324,5.7012,Ethylammonium_Ge_F,1.2687999999999997
0010,4.5826114452,4.9854438242,6.66485028202,73.6297273678,89.8494485117,88.4114533505,Propylammonium Germanium Fluoride,18,"S.Kataoka et al., J. Am. Chem. Soc. 137, 4158 (2015)",146.03635892187728,Ge,F,1,3,3,1,10,0,0,Propylammonium,2.622,3.1627,5.7847,1.6193,-4.8101,-0.2489,0.2549,146.04,2.1573,4.5505,5.7402,Propylammonium_Ge_F,1.1896999999999993
0011,4.5680301402,4.84971269073,6.76097728097,106.263994158,80.6733335928,91.015762746,Propylammonium Germanium Fluoride,18,"S.Kataoka et al., J. Am. Chem. Soc. 137, 4158 (2015)",141.82493511077308,Ge,F,1,3,3,1,10,0,0,Propylammonium,2.6918,2.1855,4.8773,1.6407,-4.8029,-0.2417,0.2621,141.82,2.2215,4.3129,5.5243,Propylammonium_Ge_F,1.2114000000000003
0012,4.86215289262,5.13501210274,6.13229071196,106.866360566,75.9306835316,94.0790557712,Propylammonium Germanium Fluoride,18,"S.Kataoka et al., J. Am. Chem. Soc. 137, 4158 (2015)",142.1249185419289,Ge,F,1,3,3,1,10,0,0,Propylammonium,2.6487,1.8851,4.5338,1.6275,-4.8108,-0.2497,0.2541,142.12,2.2168,4.6503,5.9081,Propylammonium_Ge_F,1.2578000000000005
0013,4.98374973736,5.20408877358,5.47671528167,76.4068608809,89.4193281427,84.6318998412,Propylammonium Germanium Fluoride,18,"S.Kataoka et al., J. Am. Chem. Soc. 137, 4158 (2015)",137.44881759084237,Ge,F,1,3,3,1,10,0,0,Propylammonium,2.719,1.7765,4.4955,1.6489,-4.8095,-0.2483,0.2555,137.45,2.2921,4.7166,5.9717,Propylammonium_Ge_F,1.2551000000000005
0014,4.62114747201,5.53463295227,5.72051159023,78.9000171607,75.0115453072,87.0576321911,Propylammonium Germanium Fluoride,18,"S.Kataoka et al., J. Am. Chem. Soc. 137, 4158 (2015)",138.68795484187552,Ge,F,1,3,3,1,10,0,0,Propylammonium,2.7217,3.7618,6.4835,1.6498,-4.7931,-0.2319,0.2719,138.69,2.2716,4.4955,5.7297,Propylammonium_Ge_F,1.2342000000000004
0015,8.90634789114,3.75046052239,4.79380513362,69.5162576434,75.2595449034,65.842882329,Propylammonium Germanium Fluoride,18,"S.Kataoka et al., J. Am. Chem. Soc. 137, 4158 (2015)",135.702356611001,Ge,F,1,3,3,1,10,0,0,Propylammonium,2.7489,1.919,4.668,1.658,-4.7921,-0.231,0.2728,135.7,2.3217,4.7344,6.0431,Propylammonium_Ge_F,1.3087
0016,4.70393834151,3.79597086625,8.34584839863,91.0132864609,111.331359366,99.3112195397,Propylammonium Germanium Fluoride,18,"S.Kataoka et al., J. Am. Chem. Soc. 137, 4158 (2015)",136.50959821779784,Ge,F,1,3,3,1,10,0,0,Propylammonium,2.7295,2.2047,4.9341,1.6521,-4.8058,-0.2447,0.2592,136.51,2.3079,4.5322,5.8154,Propylammonium_Ge_F,1.2832000000000008
0017,5.02891819073,5.1172566994,7.53122658513,59.7043548264,123.23388038,107.517957148,Propylammonium Germanium Fluoride,18,"S.Kataoka et al., J. Am. Chem. Soc. 137, 4158 (2015)",139.8913668406668,Ge,F,1,3,3,1,10,0,0,Propylammonium,2.716,2.0339,4.7499,1.648,-4.7794,-0.2183,0.2855,139.89,2.2521,4.4157,5.694,Propylammonium_Ge_F,1.2782999999999998
0018,7.11682577113,5.6349300241,4.36155581642,90.9943976281,85.0491412428,109.323828201,Butylammonium Germanium Fluoride,21,"H. Hu et al., Sci. Rep. 6, 33546 (2016)",164.42930854496365,Ge,F,1,3,4,1,12,0,0,Butylammonium,2.6555,3.101,5.7565,1.6296,-4.8413,-0.2531,0.1787,164.43,2.0577,4.8367,6.0509,Butylammonium_Ge_F,1.2142
0019,4.60090310015,5.70813391934,6.80259632032,71.433726109,82.6165331193,84.221581811,Butylammonium Germanium Fluoride,21,"H. Hu et al., Sci. Rep. 6, 33546 (2016)",167.6118413285336,Ge,F,1,3,4,1,12,0,0,Butylammonium,2.6088,2.0303,4.6391,1.6152,-4.8441,-0.2559,0.176,167.61,2.0187,4.6939,5.9456,Butylammonium_Ge_F,1.2516999999999996
0020,5.71487225931,6.52308435505,4.58802516529,82.1269716403,91.7186440857,106.972036153,Butylammonium Germanium Fluoride,21,"H. Hu et al., Sci. Rep. 6, 33546 (2016)",162.035123775424,Ge,F,1,3,4,1,12,0,0,Butylammonium,2.6574,1.7121,4.3696,1.6302,-4.8399,-0.2517,0.1802,162.04,2.088,4.3305,5.5517,Butylammonium_Ge_F,1.2212000000000005
0021,4.4333184356,5.46194620311,7.07224796259,69.8252124765,98.1913540863,91.4509091155,Butylammonium Germanium Fluoride,21,"H. Hu et al., Sci. Rep. 6, 33546 (2016)",159.05188763938227,Ge,F,1,3,4,1,12,0,0,Butylammonium,2.7196,2.1302,4.8498,1.6491,-4.8432,-0.255,0.1769,159.05,2.1273,4.9757,6.2182,Butylammonium_Ge_F,1.2425000000000006
0022,6.04581848034,5.00506041983,4.6227207507,84.6073489792,86.4095029504,91.5307091503,Isopropylammonium Germanium Fluoride,18,"C.C.Stoumpos et al., J. Am. Chem. Soc. 137, 6804 (2015)",138.91479241749192,Ge,F,1,3,3,1,10,0,0,Isopropylammonium,2.6863,1.8284,4.5147,1.639,-4.821,-0.2539,0.25,138.91,2.268,4.9555,6.1891,Isopropylammonium_Ge_F,1.2336
0023,5.08645698627,5.33941412664,5.39118464736,90.8235413797,100.435404604,73.2356369879,Isopropylammonium Germanium Fluoride,18,"C.C.Stoumpos et al., J. Am. Chem. Soc. 137, 6804 (2015)",137.7642859288571,Ge,F,1,3,3,1,10,0,0,Isopropylammonium,2.7273,1.8008,4.5281,1.6515,-4.8081,-0.2409,0.2629,137.76,2.287,4.6744,5.9083,Isopropylammonium_Ge_F,1.2338999999999993
0024,5.42719838759,4.31671455526,5.97849645708,83.7611381721,92.9096188567,86.7432097944,Isopropylammonium Germanium Fluoride,18,"C.C.Stoumpos et al., J. Am. Chem. Soc. 137, 6804 (2015)",138.7789118085784,Ge,F,1,3,3,1,10,0,0,Isopropylammonium,2.707,2.9899,5.6969,1.6453,-4.8155,-0.2483,0.2555,138.78,2.2702,5.0755,6.3889,Isopropylammonium_Ge_F,1.3133999999999997
0025,6.25983565749,4.35348730209,5.07629809248,92.4102636554,91.7520375815,95.0174063876,Isopropylammonium Germanium Fluoride,18,"C.C.Stoumpos et al., J. Am. Chem. Soc. 137, 6804 (2015)",137.60628786774572,Ge,F,1,3,3,1,10,0,0,Isopropylammonium,2.7344,3.5508,6.2852,1.6536,-4.817,-0.2499,0.2539,137.61,2.2895,5.0006,6.2756,Isopropylammonium_Ge_F,1.2749999999999995
0026,4.39617291238,4.74599150485,7.69026116065,112.448451317,92.0314250224,104.684552924,Isopropylammonium Germanium Fluoride,18,"C.C.Stoumpos et al., J. Am. Chem. Soc. 137, 6804 (2015)",141.8708508843446,Ge,F,1,3,3,1,10,0,0,Isopropylammonium,2.6278,2.3234,4.9512,1.621,-4.8027,-0.2355,0.2683,141.87,2.2207,5.0775,6.3458,Isopropylammonium_Ge_F,1.2683
0027,5.98892842798,4.91436248974,4.68174488675,95.9804528926,84.9050740957,88.896531552,Isopropylammonium Germanium Fluoride,18,"C.C.Stoumpos et al., J. Am. Chem. Soc. 137, 6804 (2015)",136.4440768110699,Ge,F,1,3,3,1,10,0,0,Isopropylammonium,2.7189,1.7644,4.4833,1.6489,-4.8181,-0.251,0.2528,136.44,2.3091,5.1611,6.4165,Isopropylammonium_Ge_F,1.2553999999999998
0028,5.70141393064,3.96568125132,7.00489444265,101.581852308,85.0301081475,116.894883636,Isopropylammonium Germanium Fluoride,18,"C.C.Stoumpos et al., J. Am. Chem. Soc. 137, 6804 (2015)",138.3722305783889,Ge,F,1,3,3,1,10,0,0,Isopropylammonium,2.6817,2.0633,4.745,1.6376,-4.7983,-0.2312,0.2726,138.37,2.2769,4.8186,6.1201,Isopropylammonium_Ge_F,1.3014999999999999
0029,7.47792409112,3.82030072667,5.14030241213,72.5804360422,90.9116193611,105.032361875,Isopropylammonium Germanium Fluoride,18,"C.C.Stoumpos et al., J. Am. Chem. Soc. 137, 6804 (2015)",135.01427700456745,Ge,F,1,3,3,1,10,0,0,Isopropylammonium,2.7351,2.1391,4.8742,1.6538,-4.7991,-0.2319,0.2719,135.01,2.3336,4.7697,6.0552,Isopropylammonium_Ge_F,1.2854999999999999
0030,5.89327145071,4.31476778877,5.48796131848,88.9801969586,87.5251052825,94.3920333677,Isopropylammonium Germanium Fluoride,18,"C.C.Stoumpos et al., J. Am. Chem. Soc. 137, 6804 (2015)",138.97763501966446,Ge,F,1,3,3,1,10,0,0,Isopropylammonium,2.6942,2.6649,5.3591,1.6414,-4.8164,-0.2493,0.2545,138.98,2.2669,5.1078,6.4261,Isopropylammonium_Ge_F,1.3182999999999998
0031,5.4899764624,4.79093577973,4.64600390316,83.0958388145,103.673276521,99.0516062031,Dimethylammonium Germanium Fluoride,15,"B.Saparov et al., Chem. Rev. 116, 4558 (2016)",116.81825532999264,Ge,F,1,3,2,1,8,0,0,Dimethylammonium,2.7629,2.382,5.1449,1.6622,-4.7289,-0.2278,0.3768,116.82,2.4975,4.3753,5.597,Dimethylammonium_Ge_F,1.2217000000000002
0032,5.41979793346,4.78795583055,4.82286830656,76.7865068722,105.415353037,97.8993712286,Dimethylammonium Germanium Fluoride,15,"B.Saparov et al., Chem. Rev. 116, 4558 (2016)",117.06296073133022,Ge,F,1,3,2,1,8,0,0,Dimethylammonium,2.7319,2.1916,4.9235,1.6529,-4.7289,-0.2278,0.3768,117.06,2.4924,4.3686,5.5879,Dimethylammonium_Ge_F,1.2193000000000005
0033,5.32366637008,4.82463464706,4.85494702414,84.6882158123,80.5026249825,73.2286825229,Dimethylammonium Germanium Fluoride,15,"B.Saparov et al., Chem. Rev. 116, 4558 (2016)",117.62385777466152,Ge,F,1,3,2,1,8,0,0,Dimethylammonium,2.7161,1.9244,4.6405,1.6481,-4.7348,-0.2337,0.3709,117.62,2.4805,4.5794,5.7899,Dimethylammonium_Ge_F,1.2105000000000006
0034,4.83284055789,3.56398987268,7.08618919224,93.769226125,78.3828685828,97.6731744672,Dimethylammonium Germanium Fluoride,15,"B.Saparov et al., Chem. Rev. 116, 4558 (2016)",118.38820885416268,Ge,F,1,3,2,1,8,0,0,Dimethylammonium,2.6995,2.9898,5.6892,1.643,-4.7111,-0.21,0.3946,118.39,2.4644,4.5654,5.8405,Dimethylammonium_Ge_F,1.2750999999999992
0035,4.87836323517,3.65616388435,6.87088292711,91.3940921734,79.4266600821,98.8935919995,Dimethylammonium Germanium Fluoride,15,"B.Saparov et al., Chem. Rev. 116, 4558 (2016)",119.01952440962692,Ge,F,1,3,2,1,8,0,0,Dimethylammonium,2.6849,2.3436,5.0285,1.6386,-4.717,-0.2159,0.3887,119.02,2.4514,4.6568,5.9342,Dimethylammonium_Ge_F,1.2774
0036,4.96976317909,5.16830052587,5.21220440311,89.0128270918,106.271024318,73.9626365202,Acetamidinium Germanium Fluoride,15,"C.C.Stoumpos et al., J. Am. Chem. Soc. 137, 6804 (2015)",122.86148649631356,Ge,F,1,3,2,2,7,0,0,Acetamidinium,2.8276,2.1256,4.9531,1.6815,-5.0401,-0.1129,0.4917,122.86,2.5504,3.9198,5.2481,Acetamidinium_Ge_F,1.3283
0037,4.89808672384,5.26499597885,5.20367605108,91.2454097774,106.046620304,106.107953242,Acetamidinium Germanium Fluoride,15,"C.C.Stoumpos et al., J. Am. Chem. Soc. 137, 6804 (2015)",123.1967579926131,Ge,F,1,3,2,2,7,0,0,Acetamidinium,2.8234,2.2606,5.084,1.6803,-5.0401,-0.1129,0.4917,123.2,2.5434,4.1616,5.4822,Acetamidinium_Ge_F,1.3205999999999998
0038,4.74515507446,5.5340422381,4.85314746558,79.5351960272,100.374416519,87.2488887487,Acetamidinium Germanium Fluoride,15,"C.C.Stoumpos et al., J. Am. Chem. Soc. 137, 6804 (2015)",122.84469102134764,Ge,F,1,3,2,2,7,0,0,Acetamidinium,2.8381,2.392,5.2302,1.6847,-5.0422,-0.115,0.4896,122.84,2.5508,4.488,5.8648,Acetamidinium_Ge_F,1.3767999999999994
0039,4.9517574307,3.46232726054,7.27843623805,87.3717885392,93.5738907291,99.188902323,Acetamidinium Germanium Fluoride,15,"C.C.Stoumpos et al., J. Am. Chem. Soc. 137, 6804 (2015)",122.86335090897076,Ge,F,1,3,2,2,7,0,0,Acetamidinium,2.8493,2.8448,5.6941,1.688,-5.0382,-0.111,0.4936,122.86,2.5504,3.9446,5.2585,Acetamidinium_Ge_F,1.3138999999999998
0040,4.82741614596,3.42214163395,8.07361736719,111.334049939,88.712267407,97.5995994146,Acetamidinium Germanium Fluoride,15,"C.C.Stoumpos et al., J. Am. Chem. Soc. 137, 6804 (2015)",123.0986130199872,Ge,F,1,3,2,2,7,0,0,Acetamidinium,2.8573,2.992,5.8493,1.6904,-5.0389,-0.1117,0.4929,123.1,2.5455,3.8297,5.1558,Acetamidinium_Ge_F,1.3261000000000003
0041,7.4607190223,3.52482647364,4.7362405652,89.4077940499,90.0492553538,86.8221719349,Acetamidinium Germanium Fluoride,15,"C.C.Stoumpos et al., J. Am. Chem. Soc. 137, 6804 (2015)",124.35412638571212,Ge,F,1,3,2,2,7,0,0,Acetamidinium,2.7911,2.5442,5.3353,1.6707,-5.031,-0.1038,0.5008,124.35,2.5199,3.8145,5.1528,Acetamidinium_Ge_F,1.3383000000000003
0042,4.5518058432,4.46865179965,4.83245527841,88.7656297897,103.783683641,90.903866924,Methylammonium Germanium Fluoride,12,"T.D.Huan et al., Phys. Rev. B 93,094105(2016)",95.43569720259435,Ge,F,1,3,1,1,6,0,0,Methylammonium,2.9119,4.1736,7.0856,1.7064,-4.6718,-0.2127,0.543,95.44,2.8129,3.7372,4.9297,Methylammonium_Ge_F,1.1925000000000003
0043,4.6412432626,4.44100020036,4.78398239176,93.4471355464,76.2843638442,93.3768727319,Methylammonium Germanium Fluoride,12,"T.D.Huan et al., Phys. Rev. B 93,094105(2016)",95.51977322492728,Ge,F,1,3,1,1,6,0,0,Methylammonium,2.8931,5.4315,8.3245,1.7009,-4.6716,-0.2125,0.5432,95.52,2.8106,3.5371,4.7182,Methylammonium_Ge_F,1.1811000000000003
0044,4.46373087577,3.79510253404,5.72933316883,82.4826958679,88.2977679615,87.4047045517,Methylammonium Germanium Fluoride,12,"T.D.Huan et al., Phys. Rev. B 93,094105(2016)",96.09614047080996,Ge,F,1,3,1,1,6,0,0,Methylammonium,2.7603,3.8036,6.5639,1.6614,-4.6569,-0.1978,0.5579,96.1,2.7936,4.488,5.7456,Methylammonium_Ge_F,1.2575999999999992
0045,4.65227202179,3.57530083584,6.47623452672,107.625055541,84.2729689676,75.4908549429,Methylammonium Germanium Fluoride,12,"T.D.Huan et al., Phys. Rev. B 93,094105(2016)",97.57255085228536,Ge,F,1,3,1,1,6,0,0,Methylammonium,2.7677,3.6143,6.382,1.6636,-4.6422,-0.1831,0.5726,97.57,2.7515,3.9936,5.2403,Methylammonium_Ge_F,1.2467000000000006
0046,5.97109360525,3.54415890618,4.61040886095,79.3107773307,94.590466041,88.380770642,Methylammonium Germanium Fluoride,12,"T.D.Huan et al., Phys. Rev. B 93,094105(2016)",95.47465600685804,Ge,F,1,3,1,1,6,0,0,Methylammonium,2.8189,3.8785,6.6975,1.679,-4.6495,-0.1904,0.5653,95.47,2.8121,4.264,5.4255,Methylammonium_Ge_F,1.1615000000000002
0047,7.00066474403,4.16807348149,6.22744153193,43.866911048,115.622212256,126.844029799,Methylammonium Germanium Fluoride,12,"T.D.Huan et al., Phys. Rev. B 93,094105(2016)",100.77329763540612,Ge,F,1,3,1,1,6,0,0,Methylammonium,2.6808,4.722,7.4027,1.6373,-4.6586,-0.1995,0.5562,100.77,2.6642,3.7173,4.9235,Methylammonium_Ge_F,1.2062
0048,4.67499015941,5.04501339356,5.07229887879,100.879250546,96.4495677164,95.9999870108,Guanidinium Germanium Fluoride,14,"B.Saparov et al., Chem. Rev. 116, 4558 (2016)",115.765418946155,Ge,F,1,3,1,3,6,0,0,Guanidinium,2.8878,3.9751,6.8629,1.6994,-5.1152,0.0529,0.7007,115.77,2.7208,4.4213,5.8538,Guanidinium_Ge_F,1.4325
0049,5.26846923108,4.61977830679,4.88118589355,85.2799198201,100.234023252,82.5037904224,Guanidinium Germanium Fluoride,14,"B.Saparov et al., Chem. Rev. 116, 4558 (2016)",115.23542077739332,Ge,F,1,3,1,3,6,0,0,Guanidinium,2.9083,4.3361,7.2444,1.7054,-5.1135,0.0545,0.7023,115.24,2.7333,4.3791,5.8294,Guanidinium_Ge_F,1.4502999999999995
0050,8.08314598549,3.33110898724,4.71254879173,80.7765829831,93.8619337874,114.334473772,Guanidinium Germanium Fluoride,14,"B.Saparov et al., Chem. Rev. 116, 4558 (2016)",114.12098069228448,Ge,F,1,3,1,3,6,0,0,Guanidinium,2.9682,5.1498,8.118,1.7229,-5.113,0.0551,0.7028,114.12,2.7601,4.2847,5.5038,Guanidinium_Ge_F,1.2191
0051,4.36059074548,4.42575905727,4.41944917531,105.447697896,92.9232435552,87.2542376688,Hydroxylammonium Germanium Fluoride,10,"G.Kieslich et al., Chem. Sci. 6, 3430 (2015)",82.0502310730821,Ge,F,1,3,0,1,4,0,1,Hydroxylammonium,3.0613,8.2555,11.3169,1.7497,-4.5032,-0.0897,0.8171,82.05,3.3119,4.1513,5.4104,Hydroxylammonium_Ge_F,1.2591
0052,4.61317206146,3.88058056421,5.3763607679,111.130826921,92.4751924916,72.0809680748,Hydroxylammonium Germanium Fluoride,10,"G.Kieslich et al., Chem. Sci. 6, 3430 (2015)",85.17095326877985,Ge,F,1,3,0,1,4,0,1,Hydroxylammonium,2.8387,4.8362,7.6748,1.6848,-4.4922,-0.0787,0.8281,85.17,3.1906,4.195,5.4461,Hydroxylammonium_Ge_F,1.2511
0053,4.76765451927,3.67432172975,5.29523801906,76.352717774,84.3414982248,66.4856936935,Hydroxylammonium Germanium Fluoride,10,"G.Kieslich et al., Chem. Sci. 6, 3430 (2015)",82.65604029537629,Ge,F,1,3,0,1,4,0,1,Hydroxylammonium,2.9354,5.2214,8.1568,1.7133,-4.5028,-0.0893,0.8175,82.66,3.2875,4.3412,5.6235,Hydroxylammonium_Ge_F,1.2823000000000002
0054,4.67203153635,3.37102397967,5.67291654772,97.2131553934,77.2299174154,109.247085394,Hydroxylammonium Germanium Fluoride,10,"G.Kieslich et al., Chem. Sci. 6, 3430 (2015)",82.13056537283944,Ge,F,1,3,0,1,4,0,1,Hydroxylammonium,2.9199,5.2385,8.1584,1.7088,-4.4976,-0.0841,0.8228,82.13,3.3087,4.6729,6.0598,Hydroxylammonium_Ge_F,1.3868999999999998
0055,5.66460790941,3.49297420398,4.72297261192,73.3689403889,79.6598032685,69.5283019285,Hydroxylammonium Germanium Fluoride,10,"G.Kieslich et al., Chem. Sci. 6, 3430 (2015)",83.55733755442989,Ge,F,1,3,0,1,4,0,1,Hydroxylammonium,2.9298,6.7666,9.6964,1.7117,-4.5,-0.0865,0.8203,83.56,3.2521,4.3187,5.5998,Hydroxylammonium_Ge_F,1.2811000000000003
0056,5.15926860609,3.69667118202,4.78425893875,112.248458063,93.2383324581,76.8011883964,Hydroxylammonium Germanium Fluoride,10,"G.Kieslich et al., Chem. Sci. 6, 3430 (2015)",82.17636142419111,Ge,F,1,3,0,1,4,0,1,Hydroxylammonium,2.9416,4.6583,7.5999,1.7151,-4.5039,-0.0904,0.8165,82.18,3.3067,4.6053,5.9243,Hydroxylammonium_Ge_F,1.319
0057,5.90807247936,3.45422190082,4.7177273921,72.3984774401,90.8074537786,66.8664014436,Hydroxylammonium Germanium Fluoride,10,"G.Kieslich et al., Chem. Sci. 6, 3430 (2015)",83.41612471060456,Ge,F,1,3,0,1,4,0,1,Hydroxylammonium,2.8888,6.8413,9.7301,1.6996,-4.499,-0.0855,0.8214,83.42,3.2575,4.4257,5.7729,Hydroxylammonium_Ge_F,1.3472
0058,4.98934232891,4.46658247871,4.78655352951,71.3281758062,83.5250004781,87.3760097498,Formamidinium Germanium Fluoride,12,"T.D.Huan et al., Phys. Rev. B 93,094105(2016)",100.40563491978466,Ge,F,1,3,1,2,5,0,0,Formamidinium,2.94,3.596,6.536,1.7146,-5.014,-0.4624,0.2934,100.41,2.8887,3.988,5.2863,Formamidinium_Ge_F,1.2982999999999998
0059,4.56922541586,4.84417696575,5.22308061937,102.319582872,101.536912794,71.3883897611,Formamidinium Germanium Fluoride,12,"T.D.Huan et al., Phys. Rev. B 93,094105(2016)",105.9477787266404,Ge,F,1,3,1,2,5,0,0,Formamidinium,2.9175,2.7917,5.7092,1.7081,-4.8614,-0.3098,0.4459,105.95,2.7376,3.2258,4.5314,Formamidinium_Ge_F,1.3055999999999996
0060,5.4729951532,5.42753598502,5.48063109371,91.7728291107,88.7412235074,88.3213120928,Tetramethylammonium Germanium Fluoride,21,"B.Saparov et al., Chem. Rev. 116, 4558 (2016)",162.61108016403657,Ge,F,1,3,4,1,12,0,0,Tetramethylammonium,2.5832,1.2289,3.8121,1.6072,-4.8137,-0.2326,0.1611,162.61,2.0807,5.0916,6.3718,Tetramethylammonium_Ge_F,1.2802000000000007
0061,5.68208390395,4.98003345886,5.80665682277,87.0154486927,87.7163263203,87.4007158257,Tetramethylammonium Germanium Fluoride,21,"B.Saparov et al., Chem. Rev. 116, 4558 (2016)",163.80332804797428,Ge,F,1,3,4,1,12,0,0,Tetramethylammonium,2.5853,1.757,4.3423,1.6079,-4.8051,-0.224,0.1698,163.8,2.0656,4.7441,6.0254,Tetramethylammonium_Ge_F,1.2812999999999999
0062,4.74006152805,4.35343983909,4.4060543076,87.8771327321,73.5754277189,89.1115868149,Hydrazinium Germanium Fluoride,11,"B.Saparov et al., Chem. Rev. 116, 4558 (2016)",87.15014942307565,Ge,F,1,3,0,2,5,0,0,Hydrazinium,3.0349,6.8484,9.8833,1.7421,-4.6134,0.0053,0.8298,87.15,3.0993,4.3416,5.5517,Hydrazinium_Ge_F,1.2101000000000006
0063,3.46942578258,4.81938397316,6.20674358465,88.4334305971,114.218539055,109.704736011,Hydrazinium Germanium Fluoride,11,"B.Saparov et al., Chem. Rev. 116, 4558 (2016)",88.35623140804564,Ge,F,1,3,0,2,5,0,0,Hydrazinium,2.8755,4.4742,7.3497,1.6957,-4.6165,0.0023,0.8267,88.36,3.0569,4.426,5.8014,Hydrazinium_Ge_F,1.3754
0064,6.28550876792,4.61960722955,4.41806705018,91.6482471848,45.1505351677,101.957011665,Hydrazinium Germanium Fluoride,11,"B.Saparov et al., Chem. Rev. 116, 4558 (2016)",87.6935470249616,Ge,F,1,3,0,2,5,0,0,Hydrazinium,3.0212,9.572,12.5932,1.7382,-4.6148,0.0039,0.8284,87.69,3.0803,4.2622,5.4042,Hydrazinium_Ge_F,1.1420000000000003
0065,3.43369057755,4.86544640737,6.22913839809,74.7098800334,113.595220513,111.076730294,Hydrazinium Germanium Fluoride,11,"B.Saparov et al., Chem. Rev. 116, 4558 (2016)",88.10918746532607,Ge,F,1,3,0,2,5,0,0,Hydrazinium,2.8958,5.2368,8.1327,1.7017,-4.6111,0.0077,0.8321,88.11,3.0656,4.3593,5.7238,Hydrazinium_Ge_F,1.3644999999999996
0066,4.80744423158,5.2437135686,3.86597028614,75.8202861173,67.4122681929,85.7914575142,Hydrazinium Germanium Fluoride,11,"B.Saparov et al., Chem. Rev. 116, 4558 (2016)",87.21617872355536,Ge,F,1,3,0,2,5,0,0,Hydrazinium,2.963,4.5347,7.4977,1.7213,-4.6104,0.0084,0.8328,87.22,3.0969,4.0646,5.3582,Hydrazinium_Ge_F,1.2935999999999996
0067,6.33976675233,3.50840466518,4.73711442931,110.292684136,104.7760614,63.4796667702,Hydrazinium Germanium Fluoride,11,"B.Saparov et al., Chem. Rev. 116, 4558 (2016)",87.79432415982508,Ge,F,1,3,0,2,5,0,0,Hydrazinium,2.8891,4.12,7.0091,1.6997,-4.6135,0.0052,0.8297,87.79,3.0767,4.5123,5.8647,Hydrazinium_Ge_F,1.3524000000000003
0068,6.02344572625,3.30781997514,4.54100677009,80.5695407672,101.992245639,88.5834724704,Hydrazinium Germanium Fluoride,11,"B.Saparov et al., Chem. Rev. 116, 4558 (2016)",87.14442960011226,Ge,F,1,3,0,2,5,0,0,Hydrazinium,2.9719,5.0257,7.9976,1.7239,-4.5958,0.023,0.8474,87.14,3.0997,4.1245,5.3003,Hydrazinium_Ge_F,1.1757999999999997
0069,5.22066806296,3.4834389383,5.20021074826,82.2084396093,91.0029096394,72.2297491792,Hydrazinium Germanium Fluoride,11,"B.Saparov et al., Chem. Rev. 116, 4558 (2016)",89.05290948213081,Ge,F,1,3,0,2,5,0,0,Hydrazinium,2.8654,4.2592,7.1246,1.6927,-4.6175,0.0012,0.8257,89.05,3.0332,4.2772,5.5813,Hydrazinium_Ge_F,1.3041
0070,5.13157173042,4.74932341534,3.49726940018,69.0234743467,110.696756749,96.7668425915,Ammonium Germanium Fluoride,9,"T.D.Huan et al., Phys. Rev. B 93,094105(2016)",74.44522280137555,Ge,F,1,3,0,1,4,0,0,Ammonium,2.8712,4.9625,7.8338,1.6945,-4.5398,-0.1338,0.8738,74.45,3.2931,4.5921,5.8678,Ammonium_Ge_F,1.2756999999999996
0071,4.22373837671,4.35602996198,4.41327359265,80.3541960457,82.9717450279,81.9256827881,Ammonium Germanium Fluoride,9,"T.D.Huan et al., Phys. Rev. B 93,094105(2016)",78.84985362737224,Ge,F,1,3,0,1,4,0,0,Ammonium,2.9742,26.5739,29.5481,1.7246,-4.5557,-0.1497,0.8579,78.85,3.1094,3.7949,4.9157,Ammonium_Ge_F,1.1208
0072,4.57565279471,5.87885635576,5.31133842515,85.651369303,89.0304480478,100.228805147,Trimethylammonium Germanium Fluoride,18,"A. Mancini et al., J. Solid State Chem. 240, 55 (2016)",140.13014380663515,Ge,F,1,3,3,1,10,0,0,Trimethylammonium,2.654,1.722,4.3759,1.6291,-4.7782,-0.2446,0.2593,140.13,2.2483,4.7814,6.0165,Trimethylammonium_Ge_F,1.2351
0073,4.89181595353,5.05130503946,5.83526248959,89.2967595394,93.0594424194,105.128924462,Trimethylammonium Germanium Fluoride,18,"A. Mancini et al., J. Solid State Chem. 240, 55 (2016)",138.99358942030062,Ge,F,1,3,3,1,10,0,0,Trimethylammonium,2.6666,1.4957,4.1623,1.633,-4.7721,-0.2385,0.2653,138.99,2.2667,4.0662,5.2932,Trimethylammonium_Ge_F,1.2269999999999994
0074,5.32256648003,5.35462909361,5.0861205345,94.8206650399,95.129630196,103.190567487,Trimethylammonium Germanium Fluoride,18,"A. Mancini et al., J. Solid State Chem. 240, 55 (2016)",139.7489861912219,Ge,F,1,3,3,1,10,0,0,Trimethylammonium,2.6237,1.3031,3.9268,1.6198,-4.7846,-0.251,0.2528,139.75,2.2544,5.1115,6.3816,Trimethylammonium_Ge_F,1.2700999999999993
0075,5.27594013269,5.37325402576,5.29036474112,96.9632606314,99.39816621,96.5146004006,Trimethylammonium Germanium Fluoride,18,"A. Mancini et al., J. Solid State Chem. 240, 55 (2016)",145.5059198911371,Ge,F,1,3,3,1,10,0,0,Trimethylammonium,2.5787,1.5597,4.1385,1.6058,-4.7781,-0.2445,0.2594,145.51,2.1652,4.8979,6.1596,Trimethylammonium_Ge_F,1.2617000000000003
0076,4.72949200811,5.75042951212,5.23866169073,92.0186372337,78.8955258643,90.0400062526,Trimethylammonium Germanium Fluoride,18,"A. Mancini et al., J. Solid State Chem. 240, 55 (2016)",139.71694142080094,Ge,F,1,3,3,1,10,0,0,Trimethylammonium,2.6263,1.6373,4.2635,1.6206,-4.7689,-0.2352,0.2686,139.72,2.2549,5.3434,6.6329,Trimethylammonium_Ge_F,1.2895000000000003
0077,5.49835500918,4.71896710408,5.80908313773,102.383977439,85.7274015442,78.5772455156,Trimethylammonium Germanium Fluoride,18,"A. Mancini et al., J. Solid State Chem. 240, 55 (2016)",143.22148504424666,Ge,F,1,3,3,1,10,0,0,Trimethylammonium,2.5856,1.6626,4.2482,1.608,-4.7674,-0.2338,0.27,143.22,2.1998,5.0015,6.3081,Trimethylammonium_Ge_F,1.3065999999999995
0078,5.4961135337,4.1200311708,6.40999687539,92.809355005,82.1818071952,82.145282313,Trimethylammonium Germanium Fluoride,18,"A. Mancini et al., J. Solid State Chem. 240, 55 (2016)",142.11226224002593,Ge,F,1,3,3,1,10,0,0,Trimethylammonium,2.5907,1.6826,4.2733,1.6096,-4.7645,-0.2309,0.2729,142.11,2.217,4.7389,6.0386,Trimethylammonium_Ge_F,1.2996999999999996
0079,4.48804828758,5.39109769914,5.41329302273,90.6178042723,90.6388181987,89.1459353042,Azetidinium Germanium Fluoride,16,"B. Zhou et al., Angew. Chem. Int. Ed. 50, 11441 (2011)",130.94729462445446,Ge,F,1,3,3,1,8,0,0,Azetidinium,2.7402,2.0689,4.8091,1.6554,-4.8888,-0.2422,0.3246,130.95,2.3803,4.2387,5.4627,Azetidinium_Ge_F,1.2240000000000002
0080,5.61445078849,4.84346867307,4.65868181419,89.2319993488,83.8825735212,96.8858436295,Azetidinium Germanium Fluoride,16,"B. Zhou et al., Angew. Chem. Int. Ed. 50, 11441 (2011)",125.01150606445984,Ge,F,1,3,3,1,8,0,0,Azetidinium,2.816,2.005,4.821,1.6781,-4.8828,-0.2363,0.3305,125.01,2.4934,4.6297,5.8716,Azetidinium_Ge_F,1.2419000000000002
0081,4.72260016439,4.74996260814,5.82238221177,90.0652694036,89.1248297525,99.2535529962,Azetidinium Germanium Fluoride,16,"B. Zhou et al., Angew. Chem. Int. Ed. 50, 11441 (2011)",128.8938497240611,Ge,F,1,3,3,1,8,0,0,Azetidinium,2.7631,2.288,5.0511,1.6623,-4.8848,-0.2383,0.3285,128.89,2.4184,4.3571,5.5683,Azetidinium_Ge_F,1.2111999999999998
0082,4.80443362021,5.51501318357,4.7975878376,82.854544149,87.0556593209,98.0880056457,Azetidinium Germanium Fluoride,16,"B. Zhou et al., Angew. Chem. Int. Ed. 50, 11441 (2011)",124.57024565409525,Ge,F,1,3,3,1,8,0,0,Azetidinium,2.8441,1.8657,4.7099,1.6865,-4.8835,-0.237,0.3298,124.57,2.5023,4.2989,5.4939,Azetidinium_Ge_F,1.1950000000000003
0083,6.92408151366,4.5656276023,4.41354291117,105.794712886,78.615619602,87.6655974265,Azetidinium Germanium Fluoride,16,"B. Zhou et al., Angew. Chem. Int. Ed. 50, 11441 (2011)",130.95332388728568,Ge,F,1,3,3,1,8,0,0,Azetidinium,2.7136,3.2964,6.01,1.6473,-4.8662,-0.2197,0.3471,130.95,2.3803,4.0504,5.2447,Azetidinium_Ge_F,1.1943000000000001
0084,6.92701125009,4.42960628174,4.42837619193,102.72830045,81.9481111966,87.4519689059,Azetidinium Germanium Fluoride,16,"B. Zhou et al., Angew. Chem. Int. Ed. 50, 11441 (2011)",130.83455673194095,Ge,F,1,3,3,1,8,0,0,Azetidinium,2.7358,3.8329,6.5687,1.654,-4.8613,-0.2148,0.352,130.83,2.3825,3.925,5.1762,Azetidinium_Ge_F,1.2511999999999999
0085,6.31819994548,4.85053235611,4.45124624983,87.2370996939,96.8941576923,80.3779358661,Azetidinium Germanium Fluoride,16,"B. Zhou et al., Angew. Chem. Int. Ed. 50, 11441 (2011)",133.19896173335772,Ge,F,1,3,3,1,8,0,0,Azetidinium,2.6251,2.6198,5.245,1.6202,-4.8756,-0.2291,0.3377,133.2,2.3401,4.3197,5.5509,Azetidinium_Ge_F,1.2312000000000003
0086,6.72603192466,3.72912596131,5.47233122857,70.3149735806,96.1914689214,103.019224964,Azetidinium Germanium Fluoride,16,"B. Zhou et al., Angew. Chem. Int. Ed. 50, 11441 (2011)",125.83809618998828,Ge,F,1,3,3,1,8,0,0,Azetidinium,2.7751,2.1649,4.94,1.6659,-4.8796,-0.2331,0.3337,125.84,2.477,4.2628,5.5193,Azetidinium_Ge_F,1.2565
0087,5.02999486446,3.80439882934,7.11714258252,105.772160859,87.3673361118,106.133730492,Azetidinium Germanium Fluoride,16,"B. Zhou et al., Angew. Chem. Int. Ed. 50, 11441 (2011)",125.84018567838504,Ge,F,1,3,3,1,8,0,0,Azetidinium,2.7821,2.295,5.0772,1.668,-4.8769,-0.2304,0.3364,125.84,2.477,4.3679,5.6525,Azetidinium_Ge_F,1.2846000000000002
0088,5.0776058583,3.78071928208,7.07438509916,74.9037846999,95.5598855233,106.285813066,Azetidinium Germanium Fluoride,16,"B. Zhou et al., Angew. Chem. Int. Ed. 50, 11441 (2011)",125.81734563652152,Ge,F,1,3,3,1,8,0,0,Azetidinium,2.7835,2.4491,5.2326,1.6684,-4.8767,-0.2302,0.3366,125.82,2.4774,4.3494,5.632,Azetidinium_Ge_F,1.2825999999999995
0089,3.63950631662,4.89008549111,7.2693625175,86.8127864236,92.7883013597,97.0521976369,Azetidinium Germanium Fluoride,16,"B. Zhou et al., Angew. Chem. Int. Ed. 50, 11441 (2011)",128.08485922869735,Ge,F,1,3,3,1,8,0,0,Azetidinium,2.7574,2.915,5.6725,1.6606,-4.8568,-0.2102,0.3566,128.08,2.4337,4.2206,5.4908,Azetidinium_Ge_F,1.2702
0090,6.42436272487,5.18347095224,4.56750032714,60.2208614171,85.1404228968,82.233176167,Azetidinium Germanium Fluoride,16,"B. Zhou et al., Angew. Chem. Int. Ed. 50, 11441 (2011)",130.776220639974,Ge,F,1,3,3,1,8,0,0,Azetidinium,2.7114,2.0469,4.7583,1.6466,-4.8652,-0.2187,0.3481,130.78,2.3834,4.4508,5.6887,Azetidinium_Ge_F,1.2378999999999998
0091,6.36918224253,4.62116850022,4.58167939884,98.7104849239,86.4232527496,86.0702979768,Azetidinium Germanium Fluoride,16,"B. Zhou et al., Angew. Chem. Int. Ed. 50, 11441 (2011)",132.62159134211493,Ge,F,1,3,3,1,8,0,0,Azetidinium,2.6569,2.8608,5.5178,1.63,-4.8742,-0.2277,0.3391,132.62,2.3504,4.8179,6.1035,Azetidinium_Ge_F,1.2856000000000005
0092,4.53791848304,6.33845745557,4.54741963778,91.0284270781,74.2158815335,92.0853586602,Imidazolium Germanium Fluoride,14,"B.Saparov et al., Chem. Rev. 116, 4558 (2016)",125.77950668439829,Ge,F,1,3,3,2,5,0,0,Imidazolium,2.986,2.1818,5.1678,1.728,-5.4112,-0.0824,0.5653,125.78,2.6232,3.8566,5.039,Imidazolium_Ge_F,1.1824
0093,4.65914891281,6.15963122266,4.51474352443,94.052619845,75.9247414191,83.9361262647,Imidazolium Germanium Fluoride,14,"B.Saparov et al., Chem. Rev. 116, 4558 (2016)",124.34858285108209,Ge,F,1,3,3,2,5,0,0,Imidazolium,2.994,2.3614,5.3554,1.7303,-5.4095,-0.0808,0.567,124.35,2.6533,3.9539,5.2294,Imidazolium_Ge_F,1.2755
0094,5.59829816822,5.14279440547,4.68999635472,76.6417314848,82.6353979055,97.6912535424,Imidazolium Germanium Fluoride,14,"B.Saparov et al., Chem. Rev. 116, 4558 (2016)",128.40922436895806,Ge,F,1,3,3,2,5,0,0,Imidazolium,2.8618,1.9069,4.7687,1.6917,-5.4156,-0.0869,0.5609,128.41,2.5694,3.9834,5.136,Imidazolium_Ge_F,1.1526
0095,4.76695201977,5.69262898844,4.77816888699,98.2512332792,102.255472924,96.384932966,Imidazolium Germanium Fluoride,14,"B.Saparov et al., Chem. Rev. 116, 4558 (2016)",124.04339411147144,Ge,F,1,3,3,2,5,0,0,Imidazolium,2.9519,1.9409,4.8928,1.7181,-5.408,-0.0792,0.5686,124.04,2.66,3.8969,5.1263,Imidazolium_Ge_F,1.2293999999999996
0096,4.66893042419,3.41550358858,7.90987366684,94.2727276558,86.4182187811,91.7475518817,Imidazolium Germanium Fluoride,14,"B.Saparov et al., Chem. Rev. 116, 4558 (2016)",125.49816854994756,Ge,F,1,3,3,2,5,0,0,Imidazolium,2.9355,3.3169,6.2524,1.7133,-5.3954,-0.0666,0.5811,125.5,2.629,3.389,4.8319,Imidazolium_Ge_F,1.4429000000000003
0097,4.68505747088,3.53171230536,8.20954214828,112.594924061,93.7043997995,84.6921431227,Imidazolium Germanium Fluoride,14,"B.Saparov et al., Chem. Rev. 116, 4558 (2016)",124.8108518269752,Ge,F,1,3,3,2,5,0,0,Imidazolium,2.9764,2.8216,5.798,1.7252,-5.3929,-0.0641,0.5837,124.81,2.6436,3.1585,4.5246,Imidazolium_Ge_F,1.3661000000000003
0098,5.70777866916,5.6924646398,6.05549611143,79.1353782185,89.518398641,97.6754983243,Ethylammonium Germanium Chloride,15,"B.Saparov et al., Chem. Rev. 116, 4558 (2016)",191.37917922870292,Ge,Cl,1,3,2,1,8,0,0,Ethylammonium,3.2264,3.4337,6.6601,1.7962,-4.395,0.0882,0.281,191.38,1.9528,2.8063,3.6864,Ethylammonium_Ge_Cl,0.8801000000000001
0099,5.96203381467,5.55465600494,5.94121535738,83.5391876052,74.6838088243,83.148912473,Ethylammonium Germanium Chloride,15,"B.Saparov et al., Chem. Rev. 116, 4558 (2016)",187.736799082057,Ge,Cl,1,3,2,1,8,0,0,Ethylammonium,3.3143,4.1448,7.4591,1.8205,-4.3973,0.0858,0.2787,187.74,1.9907,2.6788,3.5553,Ethylammonium_Ge_Cl,0.8765000000000001
0100,5.78095485697,4.17288276922,8.33203203435,95.1833466229,93.3072042491,100.414796608,Ethylammonium Germanium Chloride,15,"B.Saparov et al., Chem. Rev. 116, 4558 (2016)",196.31286724199308,Ge,Cl,1,3,2,1,8,0,0,Ethylammonium,3.0561,2.869,5.9251,1.7482,-4.3829,0.1003,0.2931,196.31,1.9038,3.6961,4.7232,Ethylammonium_Ge_Cl,1.0271000000000003
0101,8.15123113077,4.18977875641,5.77201698277,79.746712992,93.9827042427,87.8363708184,Ethylammonium Germanium Chloride,15,"B.Saparov et al., Chem. Rev. 116, 4558 (2016)",193.25630575677545,Ge,Cl,1,3,2,1,8,0,0,Ethylammonium,3.1228,3.0731,6.1959,1.7671,-4.3863,0.0969,0.2897,193.26,1.9338,3.6695,4.6706,Ethylammonium_Ge_Cl,1.0011
0102,5.9192245361,4.24518999937,7.89133911747,95.6358394969,99.1239540083,94.7212432777,Ethylammonium Germanium Chloride,15,"B.Saparov et al., Chem. Rev. 116, 4558 (2016)",193.87094353446068,Ge,Cl,1,3,2,1,8,0,0,Ethylammonium,3.1383,3.7289,6.8672,1.7715,-4.3852,0.098,0.2909,193.87,1.9277,3.5185,4.5001,Ethylammonium_Ge_Cl,0.9815999999999998
0103,6.51570353418,4.43645085424,7.0877203961,101.247334179,90.029019004,87.1155733752,Ethylammonium Germanium Chloride,15,"B.Saparov et al., Chem. Rev. 116, 4558 (2016)",200.6833521563412,Ge,Cl,1,3,2,1,8,0,0,Ethylammonium,2.9271,2.5391,5.4662,1.7109,-4.3843,0.0988,0.2917,200.68,1.8623,3.6555,4.6735,Ethylammonium_Ge_Cl,1.0179999999999998
0104,5.31141729482,3.92535966579,9.14127671415,91.149718387,83.255245743,90.2557871604,Ethylammonium Germanium Chloride,15,"B.Saparov et al., Chem. Rev. 116, 4558 (2016)",189.2309656799773,Ge,Cl,1,3,2,1,8,0,0,Ethylammonium,3.4348,17.1303,20.5651,1.8533,-4.3755,0.1077,0.3005,189.23,1.975,2.8302,3.6886,Ethylammonium_Ge_Cl,0.8584
0105,5.56035017258,4.67371943396,7.61004729476,85.6700295084,84.9577314463,74.7033201837,Ethylammonium Germanium Chloride,15,"B.Saparov et al., Chem. Rev. 116, 4558 (2016)",189.7398434202672,Ge,Cl,1,3,2,1,8,0,0,Ethylammonium,3.0918,4.5519,7.6437,1.7583,-4.3788,0.1044,0.2973,189.74,1.9697,3.3471,4.3239,Ethylammonium_Ge_Cl,0.9767999999999999
0106,10.3653653703,4.59342506542,4.09810501424,90.2807986442,89.6636233719,83.6945461122,Ethylammonium Germanium Chloride,15,"B.Saparov et al., Chem. Rev. 116, 4558 (2016)",193.9343989728521,Ge,Cl,1,3,2,1,8,0,0,Ethylammonium,3.2568,9.626,12.8829,1.8047,-4.3669,0.1163,0.3091,193.93,1.9271,2.2048,3.1393,Ethylammonium_Ge_Cl,0.9344999999999999
0107,7.94658897516,4.54412177041,5.79730323128,96.1342061001,102.420215526,96.9477504158,Ethylammonium Germanium Chloride,15,"B.Saparov et al., Chem. Rev. 116, 4558 (2016)",201.02621220594577,Ge,Cl,1,3,2,1,8,0,0,Ethylammonium,2.9243,2.7048,5.6292,1.7101,-4.3681,0.1151,0.3079,201.03,1.8591,3.5372,4.5442,Ethylammonium_Ge_Cl,1.0070000000000001
0108,6.02743302786,5.63051827118,6.87435962199,72.3698659676,88.0661145506,84.1911386583,Propylammonium Germanium Chloride,18,"S.Kataoka et al., J. Am. Chem. Soc. 137, 4158 (2015)",221.19848297916775,Ge,Cl,1,3,3,1,10,0,0,Propylammonium,2.9131,1.8945,4.8076,1.7068,-4.5018,0.026,0.1867,221.2,1.7949,3.3946,4.3862,Propylammonium_Ge_Cl,0.9915999999999996
0109,5.8727060794,5.66404669951,7.05883201554,107.465114743,85.4782015237,85.8852530531,Propylammonium Germanium Chloride,18,"S.Kataoka et al., J. Am. Chem. Soc. 137, 4158 (2015)",222.1516440446075,Ge,Cl,1,3,3,1,10,0,0,Propylammonium,2.9177,2.2809,5.1987,1.7081,-4.5022,0.0256,0.1863,222.15,1.7872,3.2668,4.2402,Propylammonium_Ge_Cl,0.9733999999999998
0110,5.80778739577,5.73448089062,7.16022965932,106.928157658,78.4349982033,94.6110585944,Propylammonium Germanium Chloride,18,"S.Kataoka et al., J. Am. Chem. Soc. 137, 4158 (2015)",223.442875193674,Ge,Cl,1,3,3,1,10,0,0,Propylammonium,2.9711,2.4028,5.3739,1.7237,-4.504,0.0238,0.1845,223.44,1.7769,2.922,3.8649,Propylammonium_Ge_Cl,0.9428999999999998
0111,6.21422124981,5.94467483675,5.96843554703,76.8285456235,88.8913787173,82.2560941346,Propylammonium Germanium Chloride,18,"S.Kataoka et al., J. Am. Chem. Soc. 137, 4158 (2015)",212.7101687525697,Ge,Cl,1,3,3,1,10,0,0,Propylammonium,3.0489,2.0821,5.131,1.7461,-4.5065,0.0212,0.1819,212.71,1.8665,3.0375,3.9837,Propylammonium_Ge_Cl,0.9461999999999997
0112,6.07324464504,5.82215047479,6.13153852516,81.6347110541,80.0875698,82.2835306459,Propylammonium Germanium Chloride,18,"S.Kataoka et al., J. Am. Chem. Soc. 137, 4158 (2015)",209.96720534978527,Ge,Cl,1,3,3,1,10,0,0,Propylammonium,3.1057,2.4838,5.5895,1.7623,-4.5056,0.0222,0.1829,209.97,1.8909,3.2108,4.1859,Propylammonium_Ge_Cl,0.9751000000000003
0113,5.78805597195,5.88693252858,6.48219534292,80.8481993576,77.2060836614,82.0473513239,Propylammonium Germanium Chloride,18,"S.Kataoka et al., J. Am. Chem. Soc. 137, 4158 (2015)",211.42453442273103,Ge,Cl,1,3,3,1,10,0,0,Propylammonium,3.1727,4.6243,7.797,1.7812,-4.5009,0.0269,0.1876,211.42,1.8779,2.7957,3.6967,Propylammonium_Ge_Cl,0.9009999999999998
0114,7.75747457276,4.38315876734,6.82428654865,80.1525291864,83.9931847947,78.3311695539,Propylammonium Germanium Chloride,18,"S.Kataoka et al., J. Am. Chem. Soc. 137, 4158 (2015)",223.306438083472,Ge,Cl,1,3,3,1,10,0,0,Propylammonium,2.8653,2.1929,5.0582,1.6927,-4.4965,0.0312,0.1919,223.31,1.7779,3.7078,4.7243,Propylammonium_Ge_Cl,1.0165000000000002
0115,6.60720421032,5.5301272245,7.18982125873,90.4688221843,115.330613165,110.075154257,Propylammonium Germanium Chloride,18,"S.Kataoka et al., J. Am. Chem. Soc. 137, 4158 (2015)",219.27105132591905,Ge,Cl,1,3,3,1,10,0,0,Propylammonium,2.952,2.3568,5.3088,1.7182,-4.496,0.0318,0.1925,219.27,1.8107,3.3771,4.3782,Propylammonium_Ge_Cl,1.0010999999999997
0116,6.19444397829,5.58511849819,7.24244982065,89.278591329,115.734917855,75.4461346996,Propylammonium Germanium Chloride,18,"S.Kataoka et al., J. Am. Chem. Soc. 137, 4158 (2015)",216.3306038661906,Ge,Cl,1,3,3,1,10,0,0,Propylammonium,3.0296,3.3386,6.3682,1.7406,-4.4948,0.0329,0.1936,216.33,1.8353,3.2338,4.2372,Propylammonium_Ge_Cl,1.0033999999999996
0117,7.88267873648,5.1467181951,6.99751970215,73.3197743856,57.4906816575,93.4061445686,Propylammonium Germanium Chloride,18,"S.Kataoka et al., J. Am. Chem. Soc. 137, 4158 (2015)",221.16295809546745,Ge,Cl,1,3,3,1,10,0,0,Propylammonium,2.8363,2.1089,4.9452,1.6841,-4.4904,0.0374,0.1981,221.16,1.7952,3.8109,4.8305,Propylammonium_Ge_Cl,1.0195999999999996
0118,5.80052315859,5.79556929068,9.05202975337,58.5806774637,122.916837999,102.135893128,Propylammonium Germanium Chloride,18,"S.Kataoka et al., J. Am. Chem. Soc. 137, 4158 (2015)",216.85993693853857,Ge,Cl,1,3,3,1,10,0,0,Propylammonium,3.0353,2.9669,6.0022,1.7422,-4.4952,0.0325,0.1932,216.86,1.8308,3.0704,3.9911,Propylammonium_Ge_Cl,0.9207000000000001
0119,7.55438764289,5.94047011713,6.08029011674,76.2261677798,109.222063714,107.924057458,Butylammonium Germanium Chloride,21,"H. Hu et al., Sci. Rep. 6, 33546 (2016)",242.2884548290507,Ge,Cl,1,3,4,1,12,0,0,Butylammonium,2.8725,1.9464,4.8189,1.6949,-4.5823,-0.0228,0.115,242.29,1.7348,3.3353,4.2964,Butylammonium_Ge_Cl,0.9611000000000001
0120,6.27614960026,7.12799654291,6.0448181048,76.6895488111,98.5542474467,112.624891289,Butylammonium Germanium Chloride,21,"H. Hu et al., Sci. Rep. 6, 33546 (2016)",242.36122271048183,Ge,Cl,1,3,4,1,12,0,0,Butylammonium,2.8571,1.7619,4.619,1.6903,-4.5824,-0.0228,0.1149,242.36,1.7343,3.4573,4.4237,Butylammonium_Ge_Cl,0.9664000000000001
0121,6.27939747228,5.7882537949,7.51601653141,70.0591173134,86.1923491028,90.5415765532,Butylammonium Germanium Chloride,21,"H. Hu et al., Sci. Rep. 6, 33546 (2016)",256.0871111578492,Ge,Cl,1,3,4,1,12,0,0,Butylammonium,2.7055,1.4715,4.1769,1.6448,-4.5835,-0.0239,0.1138,256.09,1.6413,3.5945,4.6071,Butylammonium_Ge_Cl,1.0126
0122,6.43720689757,5.79579263469,5.85401872227,81.5419013625,83.4058948331,88.1739050756,Isopropylammonium Germanium Chloride,18,"C.C.Stoumpos et al., J. Am. Chem. Soc. 137, 6804 (2015)",214.5764175747581,Ge,Cl,1,3,3,1,10,0,0,Isopropylammonium,3.0198,2.1838,5.2036,1.7378,-4.5129,0.0208,0.1815,214.58,1.8502,3.502,4.4728,Isopropylammonium_Ge_Cl,0.9708000000000006
0123,6.1988655267,6.12435665314,5.85350111751,76.8190318424,82.5655963546,90.3920616491,Isopropylammonium Germanium Chloride,18,"C.C.Stoumpos et al., J. Am. Chem. Soc. 137, 6804 (2015)",214.3971996330701,Ge,Cl,1,3,3,1,10,0,0,Isopropylammonium,3.015,2.1683,5.1832,1.7364,-4.5114,0.0223,0.183,214.4,1.8518,3.2473,4.18,Isopropylammonium_Ge_Cl,0.9326999999999996
0124,5.87857350547,5.50927946079,6.80071592964,95.7323562197,93.9293929558,83.5914337417,Isopropylammonium Germanium Chloride,18,"C.C.Stoumpos et al., J. Am. Chem. Soc. 137, 6804 (2015)",217.4149472861345,Ge,Cl,1,3,3,1,10,0,0,Isopropylammonium,3.0783,3.3571,6.4355,1.7545,-4.51,0.0237,0.1844,217.41,1.8262,3.0774,4.0419,Isopropylammonium_Ge_Cl,0.9645000000000001
0125,8.03359141819,4.74896311167,6.61970540625,114.986115645,79.7781721609,103.740366342,Propylammonium Germanium Chloride,18,"S.Kataoka et al., J. Am. Chem. Soc. 137, 4158 (2015)",221.507897021444,Ge,Cl,1,3,3,1,10,0,0,Propylammonium,2.8678,1.9615,4.8293,1.6935,-4.5037,0.024,0.1847,221.51,1.7924,3.718,4.7432,Propylammonium_Ge_Cl,1.0252
0126,7.4044896084,4.81882113067,7.14561664919,80.4228799623,77.071499067,70.4166223988,Isopropylammonium Germanium Chloride,18,"C.C.Stoumpos et al., J. Am. Chem. Soc. 137, 6804 (2015)",232.9621129080587,Ge,Cl,1,3,3,1,10,0,0,Isopropylammonium,2.7385,1.4359,4.1745,1.6549,-4.5001,0.0337,0.1943,232.96,1.7043,3.7724,4.777,Isopropylammonium_Ge_Cl,1.0046
0127,8.06526336551,5.04662629788,6.12190556201,115.809841891,74.9276259842,106.070137278,Isopropylammonium Germanium Chloride,18,"C.C.Stoumpos et al., J. Am. Chem. Soc. 137, 6804 (2015)",212.7317654933961,Ge,Cl,1,3,3,1,10,0,0,Isopropylammonium,2.9339,1.8622,4.7961,1.7129,-4.5046,0.0291,0.1898,212.73,1.8663,3.9177,5.0263,Isopropylammonium_Ge_Cl,1.1086
0128,7.7476373048,4.31484457702,6.73934314901,78.1851331776,81.4346560063,95.7993301595,Isopropylammonium Germanium Chloride,18,"C.C.Stoumpos et al., J. Am. Chem. Soc. 137, 6804 (2015)",216.03950036527868,Ge,Cl,1,3,3,1,10,0,0,Isopropylammonium,2.969,2.6687,5.6378,1.7231,-4.501,0.0327,0.1934,216.04,1.8377,3.6317,4.6456,Isopropylammonium_Ge_Cl,1.0139
0129,6.61160770506,4.38041749482,7.5544599748,90.558770391,83.3053023559,99.6927388988,Isopropylammonium Germanium Chloride,18,"C.C.Stoumpos et al., J. Am. Chem. Soc. 137, 6804 (2015)",214.18457716384805,Ge,Cl,1,3,3,1,10,0,0,Isopropylammonium,2.9835,2.8736,5.8571,1.7273,-4.4972,0.0365,0.1972,214.18,1.8537,3.801,4.8314,Isopropylammonium_Ge_Cl,1.0304000000000002
0130,5.99539254692,5.83065448105,5.80347252908,78.954994854,102.938703385,99.2318289209,Dimethylammonium Germanium Chloride,15,"B.Saparov et al., Chem. Rev. 116, 4558 (2016)",192.588609460357,Ge,Cl,1,3,2,1,8,0,0,Dimethylammonium,3.1443,2.7808,5.9252,1.7732,-4.3768,0.0842,0.277,192.59,1.9406,2.891,3.7716,Dimethylammonium_Ge_Cl,0.8805999999999998
0131,5.90955459005,5.85927212692,5.84606345128,80.9756451842,103.490414992,100.224416203,Dimethylammonium Germanium Chloride,15,"B.Saparov et al., Chem. Rev. 116, 4558 (2016)",192.29834623589915,Ge,Cl,1,3,2,1,8,0,0,Dimethylammonium,3.1576,3.1141,6.2717,1.777,-4.3762,0.0848,0.2776,192.3,1.9435,2.9207,3.7991,Dimethylammonium_Ge_Cl,0.8784000000000001
0132,6.01012291825,5.85067494592,5.79278518274,78.2782879994,102.69270889,99.4258333666,Dimethylammonium Germanium Chloride,15,"B.Saparov et al., Chem. Rev. 116, 4558 (2016)",193.05235698595865,Ge,Cl,1,3,2,1,8,0,0,Dimethylammonium,3.1337,2.5731,5.7068,1.7702,-4.3771,0.0839,0.2767,193.05,1.9359,2.9188,3.7984,Dimethylammonium_Ge_Cl,0.8795999999999999
0133,5.72364520138,4.11605849086,8.38793680677,88.6812021956,79.878431419,85.7410071372,Dimethylammonium Germanium Chloride,15,"B.Saparov et al., Chem. Rev. 116, 4558 (2016)",193.98763392391143,Ge,Cl,1,3,2,1,8,0,0,Dimethylammonium,3.1627,5.1766,8.3393,1.7784,-4.3606,0.1004,0.2932,193.99,1.9265,3.2947,4.2508,Dimethylammonium_Ge_Cl,0.9560999999999997
0134,5.81406831055,4.06190242164,8.24202587109,91.3595388655,80.887178975,97.382681476,Dimethylammonium Germanium Chloride,15,"B.Saparov et al., Chem. Rev. 116, 4558 (2016)",190.5940512550784,Ge,Cl,1,3,2,1,8,0,0,Dimethylammonium,3.2382,14.1437,17.3818,1.7995,-4.36,0.101,0.2938,190.59,1.9609,3.2551,4.2119,Dimethylammonium_Ge_Cl,0.9567999999999999
0135,7.82880104652,4.2514519049,6.84868635878,121.002646738,94.2343147992,93.438499993,Dimethylammonium Germanium Chloride,15,"B.Saparov et al., Chem. Rev. 116, 4558 (2016)",193.56764111892687,Ge,Cl,1,3,2,1,8,0,0,Dimethylammonium,3.069,2.6079,5.6769,1.7518,-4.365,0.096,0.2888,193.57,1.9307,3.6897,4.6939,Dimethylammonium_Ge_Cl,1.0042
0136,5.92473145733,4.40318705905,7.53282501427,80.2271165564,85.0213404945,82.7806276799,Dimethylammonium Germanium Chloride,15,"B.Saparov et al., Chem. Rev. 116, 4558 (2016)",191.69599592225825,Ge,Cl,1,3,2,1,8,0,0,Dimethylammonium,3.0684,3.1043,6.1727,1.7517,-4.3655,0.0955,0.2883,191.7,1.9496,3.7128,4.7175,Dimethylammonium_Ge_Cl,1.0047000000000001
0137,5.78818994138,6.05419942677,6.03839151437,91.1287999868,103.655176543,103.956239204,Acetamidinium Germanium Chloride,15,"C.C.Stoumpos et al., J. Am. Chem. Soc. 137, 6804 (2015)",198.89143307797823,Ge,Cl,1,3,2,2,7,0,0,Acetamidinium,3.1753,2.7986,5.9739,1.7819,-4.6823,0.2048,0.3977,198.89,1.9876,3.0402,3.9438,Acetamidinium_Ge_Cl,0.9036
0138,5.87743406146,6.06931354273,5.72373883668,83.2114694624,102.656240069,91.1698860682,Acetamidinium Germanium Chloride,15,"C.C.Stoumpos et al., J. Am. Chem. Soc. 137, 6804 (2015)",197.8162604874,Ge,Cl,1,3,2,2,7,0,0,Acetamidinium,3.2355,3.2535,6.489,1.7988,-4.6814,0.2057,0.3985,197.82,1.9984,2.8878,3.7624,Acetamidinium_Ge_Cl,0.8746
0139,6.03529718515,4.12385931167,7.93694630075,89.7142200095,96.9862699349,102.065142436,Acetamidinium Germanium Chloride,15,"C.C.Stoumpos et al., J. Am. Chem. Soc. 137, 6804 (2015)",191.7000773423414,Ge,Cl,1,3,2,2,7,0,0,Acetamidinium,3.2279,2.9128,6.1407,1.7966,-4.6814,0.2057,0.3985,191.7,2.0622,3.6065,4.654,Acetamidinium_Ge_Cl,1.0474999999999999
0140,6.22627003382,3.87199090756,8.80869492829,110.520906874,79.1113944524,92.8438719725,Acetamidinium Germanium Chloride,15,"C.C.Stoumpos et al., J. Am. Chem. Soc. 137, 6804 (2015)",195.2725742768853,Ge,Cl,1,3,2,2,7,0,0,Acetamidinium,3.2252,5.6656,8.8908,1.7959,-4.671,0.2161,0.409,195.27,2.0245,3.524,4.5673,Acetamidinium_Ge_Cl,1.0433000000000003
0141,8.25524964974,3.85898032946,6.24863512393,88.3944885072,87.5800696024,88.5896380389,Acetamidinium Germanium Chloride,15,"C.C.Stoumpos et al., J. Am. Chem. Soc. 137, 6804 (2015)",198.7514905287632,Ge,Cl,1,3,2,2,7,0,0,Acetamidinium,3.0865,3.2053,6.2917,1.7568,-4.6666,0.2205,0.4133,198.75,1.989,3.7574,4.8574,Acetamidinium_Ge_Cl,1.1
0142,5.55303082822,5.47088945794,5.58001617216,90.3824515494,98.0934365717,89.6328006121,Methylammonium Germanium Chloride,12,"T.D.Huan et al., Phys. Rev. B 93,094105(2016)",167.8262266245991,Ge,Cl,1,3,1,1,6,0,0,Methylammonium,3.7631,8.0435,11.8066,1.9399,-4.2183,0.1907,0.4317,167.83,2.0881,2.0343,2.8141,Methylammonium_Ge_Cl,0.7797999999999998
0143,5.73847562232,4.14970827944,7.37555141888,96.6932083647,78.8382465236,92.9789016151,Methylammonium Germanium Chloride,12,"T.D.Huan et al., Phys. Rev. B 93,094105(2016)",171.05947076835238,Ge,Cl,1,3,1,1,6,0,0,Methylammonium,3.2487,5.1551,8.4038,1.8024,-4.2021,0.2068,0.4479,171.06,2.0486,3.4379,4.4064,Methylammonium_Ge_Cl,0.9684999999999997
0144,5.90163571679,4.16411492863,7.67035880519,109.022448855,84.1150636651,79.4961329153,Methylammonium Germanium Chloride,12,"T.D.Huan et al., Phys. Rev. B 93,094105(2016)",172.53987183581913,Ge,Cl,1,3,1,1,6,0,0,Methylammonium,3.2015,4.2591,7.4606,1.7893,-4.1979,0.2111,0.4521,172.54,2.0311,3.4541,4.4568,Methylammonium_Ge_Cl,1.0027000000000004
0145,7.4452711017,4.02644865724,5.5694594736,84.6504829567,92.8070541995,88.9798323424,Methylammonium Germanium Chloride,12,"T.D.Huan et al., Phys. Rev. B 93,094105(2016)",165.99259014633125,Ge,Cl,1,3,1,1,6,0,0,Methylammonium,3.4605,7.4871,10.9476,1.8602,-4.201,0.208,0.449,165.99,2.1112,3.1975,4.13,Methylammonium_Ge_Cl,0.9325000000000001
0146,8.17614800883,4.50667505259,7.08801019411,50.1406335013,109.737552325,120.071801068,Methylammonium Germanium Chloride,12,"T.D.Huan et al., Phys. Rev. B 93,094105(2016)",173.44286306050236,Ge,Cl,1,3,1,1,6,0,0,Methylammonium,3.312,4.4666,7.7786,1.8199,-4.2004,0.2086,0.4497,173.44,2.0205,2.9874,3.8642,Methylammonium_Ge_Cl,0.8767999999999998
0147,5.74930850049,5.81846853844,5.79850573045,102.821626768,93.9483038845,93.2935737464,Guanidinium Germanium Chloride,14,"B.Saparov et al., Chem. Rev. 116, 4558 (2016)",188.15895654353295,Ge,Cl,1,3,1,3,6,0,0,Guanidinium,3.3168,3.6418,6.9586,1.8212,-4.7238,0.4013,0.6079,188.16,2.1097,3.1356,4.0352,Guanidinium_Ge_Cl,0.8995999999999995
0148,5.65809962348,5.64465189496,5.99080028928,88.953373807,94.9792133919,79.6632773832,Guanidinium Germanium Chloride,14,"B.Saparov et al., Chem. Rev. 116, 4558 (2016)",187.40674500725007,Ge,Cl,1,3,1,3,6,0,0,Guanidinium,3.385,5.3498,8.7347,1.8398,-4.7207,0.4044,0.611,187.41,2.1181,2.7209,3.6438,Guanidinium_Ge_Cl,0.9229000000000003
0149,8.90750410516,4.00305648104,5.90714083834,77.462106736,96.4636189848,116.711294807,Guanidinium Germanium Chloride,14,"B.Saparov et al., Chem. Rev. 116, 4558 (2016)",183.64012075014617,Ge,Cl,1,3,1,3,6,0,0,Guanidinium,3.3518,4.9802,8.3319,1.8308,-4.7236,0.4014,0.6081,183.64,2.1616,3.5145,4.5213,Guanidinium_Ge_Cl,1.0068000000000001
0150,5.36458244364,5.4456479861,5.36126893303,98.37489825,88.4406351011,92.1695826897,Hydroxylammonium Germanium Chloride,10,"G.Kieslich et al., Chem. Sci. 6, 3430 (2015)",154.80355609574818,Ge,Cl,1,3,0,1,4,0,1,Hydroxylammonium,4.1438,10.7367,14.8806,2.0356,-3.942,0.4114,0.7006,154.8,2.285,1.9337,2.5629,Hydroxylammonium_Ge_Cl,0.6292
0151,5.6190701175,4.11477511844,6.88359294081,107.475163722,84.7274976314,92.8485020877,Hydroxylammonium Germanium Chloride,10,"G.Kieslich et al., Chem. Sci. 6, 3430 (2015)",151.1282020897961,Ge,Cl,1,3,0,1,4,0,1,Hydroxylammonium,3.656,8.8913,12.5473,1.9121,-3.9515,0.4019,0.6911,151.13,2.3405,2.9046,3.8053,Hydroxylammonium_Ge_Cl,0.9007000000000001
0152,6.87050138551,4.16685032016,5.58942126933,94.2926191638,96.3046412418,71.4746330609,Hydroxylammonium Germanium Chloride,10,"G.Kieslich et al., Chem. Sci. 6, 3430 (2015)",150.67114674204345,Ge,Cl,1,3,0,1,4,0,1,Hydroxylammonium,3.6322,7.5328,11.165,1.9058,-3.9488,0.4046,0.6938,150.67,2.3476,2.988,3.8968,Hydroxylammonium_Ge_Cl,0.9087999999999998
0153,5.60182327548,3.95404803017,6.91456835893,105.020135145,83.4975631758,93.5380048965,Hydroxylammonium Germanium Chloride,10,"G.Kieslich et al., Chem. Sci. 6, 3430 (2015)",146.88902512615263,Ge,Cl,1,3,0,1,4,0,1,Hydroxylammonium,3.7099,10.0885,13.7984,1.9261,-3.9473,0.406,0.6953,146.89,2.408,3.2257,4.2431,Hydroxylammonium_Ge_Cl,1.0174000000000003
0154,7.04768485378,3.96109000496,5.63744664716,82.4551181051,79.4690895667,73.8634380381,Hydroxylammonium Germanium Chloride,10,"G.Kieslich et al., Chem. Sci. 6, 3430 (2015)",148.09010788799512,Ge,Cl,1,3,0,1,4,0,1,Hydroxylammonium,3.6353,11.7495,15.3848,1.9066,-3.9481,0.4052,0.6945,148.09,2.3885,3.4106,4.4061,Hydroxylammonium_Ge_Cl,0.9955000000000003
0155,5.58657043583,4.02326107996,6.8606311931,105.343785753,80.8909008989,94.6398516801,Hydroxylammonium Germanium Chloride,10,"G.Kieslich et al., Chem. Sci. 6, 3430 (2015)",146.706133851858,Ge,Cl,1,3,0,1,4,0,1,Hydroxylammonium,3.6949,18.7855,22.4804,1.9222,-3.9406,0.4127,0.702,146.71,2.411,3.2485,4.2385,Hydroxylammonium_Ge_Cl,0.9900000000000002
0156,7.08499263706,3.94552263932,5.63315269573,82.2347380675,95.9903851706,73.7601554201,Hydroxylammonium Germanium Chloride,10,"G.Kieslich et al., Chem. Sci. 6, 3430 (2015)",148.11785240619736,Ge,Cl,1,3,0,1,4,0,1,Hydroxylammonium,3.6414,12.1418,15.7832,1.9082,-3.9482,0.4051,0.6944,148.12,2.388,3.407,4.4007,Hydroxylammonium_Ge_Cl,0.9936999999999996
0157,5.67627709642,5.68738521074,5.55868356699,79.123876299,81.4083042785,84.1796567202,Formamidinium Germanium Chloride,12,"T.D.Huan et al., Phys. Rev. B 93,094105(2016)",173.75478545218274,Ge,Cl,1,3,1,2,5,0,0,Formamidinium,3.5143,4.3725,7.8867,1.8746,-4.5608,-0.0593,0.1818,173.75,2.1411,2.5914,3.4479,Formamidinium_Ge_Cl,0.8565
0158,5.6661091315,5.58822222607,5.65283908789,89.1954791022,104.179434206,90.7837641377,Formamidinium Germanium Chloride,12,"T.D.Huan et al., Phys. Rev. B 93,094105(2016)",173.50857076364082,Ge,Cl,1,3,1,2,5,0,0,Formamidinium,3.5295,4.7224,8.2519,1.8787,-4.5589,-0.0574,0.1836,173.51,2.1441,2.8095,3.6815,Formamidinium_Ge_Cl,0.8720000000000003
0159,5.58506168194,5.6175063319,6.19353996002,101.894426752,99.4180143181,71.0527746048,Formamidinium Germanium Chloride,12,"T.D.Huan et al., Phys. Rev. B 93,094105(2016)",178.85768044432626,Ge,Cl,1,3,1,2,5,0,0,Formamidinium,3.1771,2.4565,5.6335,1.7824,-4.4262,0.0753,0.3164,178.86,2.08,3.3483,4.4106,Formamidinium_Ge_Cl,1.0622999999999996
0160,6.21728289474,6.16677903974,6.24109707392,92.3015155689,90.2743495773,88.8973623369,Tetramethylammonium Germanium Chloride,21,"B.Saparov et al., Chem. Rev. 116, 4558 (2016)",239.04823777356188,Ge,Cl,1,3,4,1,12,0,0,Tetramethylammonium,2.8776,1.3896,4.2672,1.6963,-4.5592,-0.0068,0.1048,239.05,1.7583,3.5083,4.4938,Tetramethylammonium_Ge_Cl,0.9855
0161,6.20552024458,6.30882522027,6.12531387278,91.7936804591,85.8844403019,88.8375766944,Tetramethylammonium Germanium Chloride,21,"B.Saparov et al., Chem. Rev. 116, 4558 (2016)",239.00659290869035,Ge,Cl,1,3,4,1,12,0,0,Tetramethylammonium,2.8696,1.3559,4.2255,1.694,-4.5598,-0.0074,0.1042,239.01,1.7586,3.5907,4.6071,Tetramethylammonium_Ge_Cl,1.0164
0162,6.50896993028,5.34238786975,7.0698331062,87.6662134983,89.7571664778,85.9043282316,Tetramethylammonium Germanium Chloride,21,"B.Saparov et al., Chem. Rev. 116, 4558 (2016)",245.0109845917301,Ge,Cl,1,3,4,1,12,0,0,Tetramethylammonium,2.7923,1.6142,4.4065,1.671,-4.554,-0.0015,0.11,245.01,1.7155,3.5046,4.5402,Tetramethylammonium_Ge_Cl,1.0355999999999996
0163,5.55473694901,5.38371536065,5.42808957761,89.5147651154,81.7099801613,88.8515254163,Hydrazinium Germanium Chloride,11,"B.Saparov et al., Chem. Rev. 116, 4558 (2016)",160.596687126387,Ge,Cl,1,3,0,2,5,0,0,Hydrazinium,4.0415,12.9178,16.9594,2.0103,-4.1074,0.4567,0.7197,160.6,2.1923,1.7931,2.4942,Hydrazinium_Ge_Cl,0.7011000000000003
0164,3.82818922616,5.92148714504,7.54205328823,98.6226428463,108.705001119,70.3542340623,Hydrazinium Germanium Chloride,11,"B.Saparov et al., Chem. Rev. 116, 4558 (2016)",152.3409633755195,Ge,Cl,1,3,0,2,5,0,0,Hydrazinium,3.6431,38.22,41.863,1.9087,-4.1211,0.443,0.706,152.34,2.3111,3.4206,4.3585,Hydrazinium_Ge_Cl,0.9379000000000004
0165,7.63856553522,5.41490953447,5.40445101544,89.7634862781,46.1612817688,95.6320635699,Hydrazinium Germanium Chloride,11,"B.Saparov et al., Chem. Rev. 116, 4558 (2016)",159.64754553089955,Ge,Cl,1,3,0,2,5,0,0,Hydrazinium,4.0445,10.4148,14.4593,2.0111,-4.1068,0.4573,0.7202,159.65,2.2053,2.0749,2.6829,Hydrazinium_Ge_Cl,0.6080000000000001
0166,3.82423032293,5.96041335097,7.4859051445,81.4530363894,107.62490105,110.190438757,Hydrazinium Germanium Chloride,11,"B.Saparov et al., Chem. Rev. 116, 4558 (2016)",152.44509594062512,Ge,Cl,1,3,0,2,5,0,0,Hydrazinium,3.6395,55.141,58.7804,1.9077,-4.1213,0.4428,0.7058,152.45,2.3095,3.4253,4.3624,Hydrazinium_Ge_Cl,0.9371
0167,7.10512656637,5.79997885191,4.00425149626,99.0504172516,77.7229200784,95.9283846729,Hydrazinium Germanium Chloride,11,"B.Saparov et al., Chem. Rev. 116, 4558 (2016)",158.81485753667909,Ge,Cl,1,3,0,2,5,0,0,Hydrazinium,3.4585,9.7519,13.2104,1.8597,-4.0989,0.4652,0.7282,158.81,2.217,3.4723,4.5743,Hydrazinium_Ge_Cl,1.1019999999999999
0168,6.88830413732,5.73918557485,4.23059882406,89.5381854049,71.5401066208,93.3533388494,Hydrazinium Germanium Chloride,11,"B.Saparov et al., Chem. Rev. 116, 4558 (2016)",158.30957760908314,Ge,Cl,1,3,0,2,5,0,0,Hydrazinium,3.4331,5.201,8.6341,1.8529,-4.1048,0.4593,0.7223,158.31,2.224,3.5152,4.552,Hydrazinium_Ge_Cl,1.0367999999999995
0169,7.35532571388,3.8326041562,5.73591645933,103.842465194,95.2877071166,77.2379152569,Hydrazinium Germanium Chloride,11,"B.Saparov et al., Chem. Rev. 116, 4558 (2016)",152.98917552711472,Ge,Cl,1,3,0,2,5,0,0,Hydrazinium,3.6296,25.0035,28.6331,1.9051,-4.1216,0.4425,0.7054,152.99,2.3013,3.4436,4.3923,Hydrazinium_Ge_Cl,0.9486999999999997
0170,7.15675371619,5.60996238663,4.24179818904,90.8479137978,104.261678409,73.511601162,Hydrazinium Germanium Chloride,11,"B.Saparov et al., Chem. Rev. 116, 4558 (2016)",157.98960318646428,Ge,Cl,1,3,0,2,5,0,0,Hydrazinium,3.4786,7.6579,11.1365,1.8651,-4.0997,0.4644,0.7274,157.99,2.2285,3.3691,4.4126,Hydrazinium_Ge_Cl,1.0435000000000003
0171,7.59539067855,3.8038679336,5.51212798024,90.8765079315,90.8614305309,77.8144589104,Hydrazinium Germanium Chloride,11,"B.Saparov et al., Chem. Rev. 116, 4558 (2016)",155.63791858702672,Ge,Cl,1,3,0,2,5,0,0,Hydrazinium,3.7013,49.0412,52.7425,1.9239,-4.12,0.4441,0.7071,155.64,2.2621,3.1068,3.9469,Hydrazinium_Ge_Cl,0.8401000000000001
0172,5.82895235144,3.8690384127,7.23307262455,99.7460227486,91.4033262052,71.917711256,Hydrazinium Germanium Chloride,11,"B.Saparov et al., Chem. Rev. 116, 4558 (2016)",152.7605786166696,Ge,Cl,1,3,0,2,5,0,0,Hydrazinium,3.6173,11.9628,15.5801,1.9019,-4.121,0.4431,0.706,152.76,2.3048,3.4064,4.3627,Hydrazinium_Ge_Cl,0.9563000000000001
0173,6.84639958349,5.74342916094,4.28873679698,66.9155375305,108.85437894,102.91371848,Ammonium Germanium Chloride,9,"T.D.Huan et al., Phys. Rev. B 93,094105(2016)",145.90332400950882,Ge,Cl,1,3,0,1,4,0,0,Ammonium,3.414,4.7896,8.2036,1.8477,-3.9284,0.4108,0.7322,145.9,2.2423,3.5271,4.5454,Ammonium_Ge_Cl,1.0183
0174,5.43189076678,5.43067189119,5.43286239623,83.9376546289,83.9934804574,84.0685039763,Ammonium Germanium Chloride,9,"T.D.Huan et al., Phys. Rev. B 93,094105(2016)",157.80020343107708,Ge,Cl,1,3,0,1,4,0,0,Ammonium,3.7507,7.8365,11.5873,1.9367,-3.9273,0.4119,0.7333,157.8,2.0732,2.1817,2.8957,Ammonium_Ge_Cl,0.714
0175,5.77346791148,6.0956328335,6.30568317817,87.307996124,88.468755382,101.966324237,Trimethylammonium Germanium Chloride,18,"A. Mancini et al., J. Solid State Chem. 240, 55 (2016)",216.70265582932032,Ge,Cl,1,3,3,1,10,0,0,Trimethylammonium,2.9832,1.7479,4.7311,1.7272,-4.4846,0.0156,0.1763,216.7,1.8321,2.97,3.9032,Trimethylammonium_Ge_Cl,0.9331999999999998
0176,5.7713005182,6.00444345684,6.38328024231,89.1811275004,90.654882665,102.88242908,Trimethylammonium Germanium Chloride,18,"A. Mancini et al., J. Solid State Chem. 240, 55 (2016)",215.60517758983727,Ge,Cl,1,3,3,1,10,0,0,Trimethylammonium,3.0002,1.8937,4.8938,1.7321,-4.4844,0.0158,0.1765,215.61,1.8414,2.88,3.8061,Trimethylammonium_Ge_Cl,0.9260999999999999
0177,5.94673953003,5.99584186908,6.23482476881,100.871199475,87.7610749058,84.2013058174,Trimethylammonium Germanium Chloride,18,"A. Mancini et al., J. Solid State Chem. 240, 55 (2016)",216.8157099465284,Ge,Cl,1,3,3,1,10,0,0,Trimethylammonium,2.9557,1.8361,4.7918,1.7192,-4.4839,0.0163,0.177,216.82,1.8311,3.4408,4.4265,Trimethylammonium_Ge_Cl,0.9857
0178,6.19339445457,6.16669556513,5.90741531953,93.3695117689,92.975498202,104.85318576,Trimethylammonium Germanium Chloride,18,"A. Mancini et al., J. Solid State Chem. 240, 55 (2016)",217.1796036548421,Ge,Cl,1,3,3,1,10,0,0,Trimethylammonium,2.9201,1.8221,4.7422,1.7088,-4.4856,0.0146,0.1753,217.18,1.8281,3.7121,4.6977,Trimethylammonium_Ge_Cl,0.9856000000000003
0179,6.10964759293,6.14546485217,6.11909674229,97.2762039768,99.4006833804,97.0791483167,Trimethylammonium Germanium Chloride,18,"A. Mancini et al., J. Solid State Chem. 240, 55 (2016)",222.39567144322768,Ge,Cl,1,3,3,1,10,0,0,Trimethylammonium,2.9287,1.654,4.5827,1.7113,-4.4775,0.0227,0.1834,222.4,1.7852,3.3227,4.3379,Trimethylammonium_Ge_Cl,1.0152
0180,4.67649449627,7.30282038887,6.8280926977,102.573760002,78.7282961068,87.599681621,Trimethylammonium Germanium Chloride,18,"A. Mancini et al., J. Solid State Chem. 240, 55 (2016)",222.33746307457187,Ge,Cl,1,3,3,1,10,0,0,Trimethylammonium,2.8262,1.8019,4.6281,1.6811,-4.4699,0.0303,0.191,222.34,1.7857,3.6907,4.7034,Trimethylammonium_Ge_Cl,1.0127000000000002
0181,6.12580224933,5.06290329027,7.39006154739,91.4035711114,82.7586827606,78.9743938146,Trimethylammonium Germanium Chloride,18,"A. Mancini et al., J. Solid State Chem. 240, 55 (2016)",222.89483956699505,Ge,Cl,1,3,3,1,10,0,0,Trimethylammonium,2.8286,1.5472,4.3758,1.6819,-4.4767,0.0235,0.1842,222.89,1.7813,3.8589,4.8959,Trimethylammonium_Ge_Cl,1.037
0182,6.17477031142,4.9296272525,7.38381962671,90.7425798439,93.825803268,75.2180838151,Trimethylammonium Germanium Chloride,18,"A. Mancini et al., J. Solid State Chem. 240, 55 (2016)",216.83359004534407,Ge,Cl,1,3,3,1,10,0,0,Trimethylammonium,2.9017,2.1592,5.0609,1.7035,-4.4745,0.0258,0.1865,216.83,1.831,3.8502,4.8705,Trimethylammonium_Ge_Cl,1.0202999999999998
0183,5.99420420052,5.82680683829,5.79958404001,90.5213216031,90.0046610758,84.3831181725,Azetidinium Germanium Chloride,16,"B. Zhou et al., Angew. Chem. Int. Ed. 50, 11441 (2011)",201.58148416758888,Ge,Cl,1,3,3,1,8,0,0,Azetidinium,3.233,2.954,6.187,1.7981,-4.5527,0.0562,0.237,201.58,1.953,2.7352,3.6243,Azetidinium_Ge_Cl,0.8891
0184,5.86712079157,5.88981886102,5.90403594223,92.6473381128,83.9269009249,91.291812964,Azetidinium Germanium Chloride,16,"B. Zhou et al., Angew. Chem. Int. Ed. 50, 11441 (2011)",202.6279436921353,Ge,Cl,1,3,3,1,8,0,0,Azetidinium,3.2,2.8412,6.0412,1.7889,-4.5503,0.0586,0.2394,202.63,1.9428,2.6892,3.5629,Azetidinium_Ge_Cl,0.8736999999999999
0185,5.6888504876,5.84742907458,6.12645752625,94.6223346701,90.3294321984,96.9866518295,Azetidinium Germanium Chloride,16,"B. Zhou et al., Angew. Chem. Int. Ed. 50, 11441 (2011)",201.6013973416321,Ge,Cl,1,3,3,1,8,0,0,Azetidinium,3.1994,3.1597,6.3591,1.7887,-4.5505,0.0585,0.2393,201.6,1.9528,2.8624,3.7714,Azetidinium_Ge_Cl,0.9089999999999998
0186,5.82963725834,5.86709576491,5.83726345718,85.8260952634,81.5833034834,94.2304806344,Azetidinium Germanium Chloride,16,"B. Zhou et al., Angew. Chem. Int. Ed. 50, 11441 (2011)",196.2555628773616,Ge,Cl,1,3,3,1,8,0,0,Azetidinium,3.2821,2.951,6.2331,1.8117,-4.5499,0.0591,0.2399,196.26,2.0059,2.7416,3.6555,Azetidinium_Ge_Cl,0.9138999999999999
0187,7.85840264146,5.82264715259,4.71247763657,99.570118604,79.80904924,88.7151698806,Azetidinium Germanium Chloride,16,"B. Zhou et al., Angew. Chem. Int. Ed. 50, 11441 (2011)",208.97332462762876,Ge,Cl,1,3,3,1,8,0,0,Azetidinium,2.9987,2.2118,5.2105,1.7317,-4.5387,0.0703,0.251,208.97,1.8839,3.2771,4.3151,Azetidinium_Ge_Cl,1.0380000000000003
0188,7.92438296461,5.65018724613,4.68809976845,94.4909622379,84.6814773631,86.2274754255,Azetidinium Germanium Chloride,16,"B. Zhou et al., Angew. Chem. Int. Ed. 50, 11441 (2011)",207.795713741904,Ge,Cl,1,3,3,1,8,0,0,Azetidinium,3.0565,2.388,5.4445,1.7483,-4.5387,0.0702,0.251,207.8,1.8945,2.973,4.0069,Azetidinium_Ge_Cl,1.0339
0189,7.74695771579,5.71174533144,4.70628564649,90.1006397574,94.1473604009,83.3481308858,Azetidinium Germanium Chloride,16,"B. Zhou et al., Angew. Chem. Int. Ed. 50, 11441 (2011)",206.29866743514089,Ge,Cl,1,3,3,1,8,0,0,Azetidinium,3.068,3.6613,6.7293,1.7516,-4.5396,0.0693,0.2501,206.3,1.9083,3.1393,4.1642,Azetidinium_Ge_Cl,1.0249000000000001
0190,8.18925947616,4.21819909977,6.34755866115,67.1179090398,92.6969154716,98.4679957141,Azetidinium Germanium Chloride,16,"B. Zhou et al., Angew. Chem. Int. Ed. 50, 11441 (2011)",199.79977671488484,Ge,Cl,1,3,3,1,8,0,0,Azetidinium,3.1248,3.2688,6.3935,1.7677,-4.5378,0.0712,0.2519,199.8,1.9704,3.7701,4.8077,Azetidinium_Ge_Cl,1.0375999999999999
0191,5.91548394027,4.30132129478,8.45195529377,106.090386317,86.9108034639,102.729705725,Azetidinium Germanium Chloride,16,"B. Zhou et al., Angew. Chem. Int. Ed. 50, 11441 (2011)",201.54547551586413,Ge,Cl,1,3,3,1,8,0,0,Azetidinium,3.1128,2.7202,5.8331,1.7643,-4.5376,0.0713,0.2521,201.55,1.9532,3.6912,4.7227,Azetidinium_Ge_Cl,1.0314999999999999
0192,8.19521694365,4.24663452226,6.28527379395,68.154665354,92.8296842805,99.2788027789,Azetidinium Germanium Chloride,16,"B. Zhou et al., Angew. Chem. Int. Ed. 50, 11441 (2011)",200.3631813443657,Ge,Cl,1,3,3,1,8,0,0,Azetidinium,3.1114,3.0037,6.1151,1.7639,-4.5378,0.0711,0.2519,200.36,1.9648,3.7713,4.8013,Azetidinium_Ge_Cl,1.0300000000000002
0193,5.88718467369,4.16041268706,8.35691344202,81.236427099,90.4917708615,99.0664271149,Azetidinium Germanium Chloride,16,"B. Zhou et al., Angew. Chem. Int. Ed. 50, 11441 (2011)",199.7448456515693,Ge,Cl,1,3,3,1,8,0,0,Azetidinium,3.174,3.3206,6.4946,1.7816,-4.5367,0.0722,0.253,199.74,1.9709,3.6586,4.6681,Azetidinium_Ge_Cl,1.0095
0194,4.11801086328,5.66944251593,8.53700685296,91.9158785788,90.2135632161,94.7597145314,Azetidinium Germanium Chloride,16,"B. Zhou et al., Angew. Chem. Int. Ed. 50, 11441 (2011)",198.50941188523163,Ge,Cl,1,3,3,1,8,0,0,Azetidinium,3.2781,7.4221,10.7002,1.8106,-4.529,0.08,0.2608,198.51,1.9832,3.1592,4.1524,Azetidinium_Ge_Cl,0.9932000000000003
0195,7.50289468292,6.10636215721,4.69981680474,83.1524707208,84.4554459411,83.1815178625,Azetidinium Germanium Chloride,16,"B. Zhou et al., Angew. Chem. Int. Ed. 50, 11441 (2011)",211.5320049717444,Ge,Cl,1,3,3,1,8,0,0,Azetidinium,2.9117,2.2302,5.1419,1.7064,-4.531,0.0779,0.2587,211.53,1.8611,3.4139,4.4185,Azetidinium_Ge_Cl,1.0046
0196,7.66732903135,5.88166750841,4.8213352156,85.8961096683,87.8553436585,77.9238211637,Azetidinium Germanium Chloride,16,"B. Zhou et al., Angew. Chem. Int. Ed. 50, 11441 (2011)",212.01329117663423,Ge,Cl,1,3,3,1,8,0,0,Azetidinium,2.894,1.97,4.864,1.7012,-4.5247,0.0842,0.265,212.01,1.8569,3.441,4.4824,Azetidinium_Ge_Cl,1.0414000000000003
0197,5.5797822803,6.78487510895,5.59273842353,90.1676004261,78.2386227014,90.40036451,Imidazolium Germanium Chloride,14,"B.Saparov et al., Chem. Rev. 116, 4558 (2016)",207.28001069860463,Ge,Cl,1,3,3,2,5,0,0,Imidazolium,3.2147,3.0786,6.2933,1.793,-5.0197,0.2661,0.4727,207.28,1.9872,2.7072,3.5838,Imidazolium_Ge_Cl,0.8766000000000003
0198,5.69972093728,6.47960311843,5.60355075194,96.2057422303,79.9113169623,84.1364647784,Imidazolium Germanium Chloride,14,"B.Saparov et al., Chem. Rev. 116, 4558 (2016)",200.99983220930145,Ge,Cl,1,3,3,2,5,0,0,Imidazolium,3.2771,3.0601,6.3372,1.8103,-5.0192,0.2666,0.4732,201.0,2.0493,3.0363,3.9021,Imidazolium_Ge_Cl,0.8657999999999997
0199,5.96441757904,5.7402703648,6.12331395006,96.667871026,94.9871271216,101.211363832,Imidazolium Germanium Chloride,14,"B.Saparov et al., Chem. Rev. 116, 4558 (2016)",202.96008341316036,Ge,Cl,1,3,3,2,5,0,0,Imidazolium,3.1808,2.3119,5.4926,1.7835,-5.0204,0.2654,0.472,202.96,2.0295,3.2592,4.1774,Imidazolium_Ge_Cl,0.9181999999999997
0200,9.05051444899,3.93545248422,5.60463549537,98.007850402,94.2988589867,89.7809814057,Imidazolium Germanium Chloride,14,"B.Saparov et al., Chem. Rev. 116, 4558 (2016)",197.11805568107889,Ge,Cl,1,3,3,2,5,0,0,Imidazolium,3.3841,5.0268,8.4109,1.8396,-5.0158,0.27,0.4766,197.12,2.0897,3.2967,4.4371,Imidazolium_Ge_Cl,1.1404
0201,5.58553329158,3.94517234073,9.05474588493,91.999716391,87.8883821218,97.0562347076,Imidazolium Germanium Chloride,14,"B.Saparov et al., Chem. Rev. 116, 4558 (2016)",197.79091556553385,Ge,Cl,1,3,3,2,5,0,0,Imidazolium,3.3865,4.1407,7.5272,1.8403,-5.0169,0.2689,0.4755,197.79,2.0826,3.3055,4.4171,Imidazolium_Ge_Cl,1.1115999999999997
0202,5.76365563835,3.93423443159,9.41984746983,112.398719719,94.8892546195,81.8436949937,Imidazolium Germanium Chloride,14,"B.Saparov et al., Chem. Rev. 116, 4558 (2016)",195.37422959352944,Ge,Cl,1,3,3,2,5,0,0,Imidazolium,3.3895,6.09,9.4795,1.8411,-5.0158,0.27,0.4766,195.37,2.1084,3.5009,4.5559,Imidazolium_Ge_Cl,1.0550000000000002
0203,5.96716203183,5.91187306763,6.30671022703,80.8103262339,87.552550774,94.6823558856,Ethylammonium Germanium Bromide,15,"B.Saparov et al., Chem. Rev. 116, 4558 (2016)",218.5423706924778,Ge,Br,1,3,2,1,8,0,0,Ethylammonium,3.8232,4.6642,8.4874,1.9553,-4.2749,0.1666,0.3339,218.54,2.7143,2.0754,2.839,Ethylammonium_Ge_Br,0.7635999999999998
0204,6.21437969891,5.82235795188,6.18019469975,84.2113254768,76.2518973671,83.9302047216,Ethylammonium Germanium Bromide,15,"B.Saparov et al., Chem. Rev. 116, 4558 (2016)",215.32479275885703,Ge,Br,1,3,2,1,8,0,0,Ethylammonium,3.8349,5.0412,8.8761,1.9583,-4.2779,0.1635,0.3309,215.32,2.7549,2.1127,2.8997,Ethylammonium_Ge_Br,0.7870000000000004
0205,6.23615871248,4.23082196922,8.52575341013,93.627616997,92.9865680761,102.315043478,Ethylammonium Germanium Bromide,15,"B.Saparov et al., Chem. Rev. 116, 4558 (2016)",218.83082804071947,Ge,Br,1,3,2,1,8,0,0,Ethylammonium,3.545,4.2848,7.8298,1.8828,-4.2641,0.1774,0.3447,218.83,2.7107,2.99,3.9521,Ethylammonium_Ge_Br,0.9621
0206,8.4447364623,4.26770360438,6.13908160359,80.547921495,93.0702238016,87.6326281542,Ethylammonium Germanium Bromide,15,"B.Saparov et al., Chem. Rev. 116, 4558 (2016)",217.65102664672187,Ge,Br,1,3,2,1,8,0,0,Ethylammonium,3.6057,4.771,8.3767,1.8989,-4.2665,0.1749,0.3423,217.65,2.7254,3.0076,3.9704,Ethylammonium_Ge_Br,0.9628000000000001
0207,6.20699232939,4.29349767201,8.27876403442,95.1184677891,97.6805973834,94.2855257548,Ethylammonium Germanium Bromide,15,"B.Saparov et al., Chem. Rev. 116, 4558 (2016)",216.93466859953955,Ge,Br,1,3,2,1,8,0,0,Ethylammonium,3.7203,17.743,21.4633,1.9288,-4.2652,0.1762,0.3436,216.93,2.7344,2.7888,3.6942,Ethylammonium_Ge_Br,0.9053999999999998
0208,6.76368142366,4.59454273072,7.42740102923,103.590556792,92.3872336767,84.0588434338,Ethylammonium Germanium Bromide,15,"B.Saparov et al., Chem. Rev. 116, 4558 (2016)",223.11032389971808,Ge,Br,1,3,2,1,8,0,0,Ethylammonium,3.3836,2.5894,5.9731,1.8395,-4.2674,0.1741,0.3414,223.11,2.6587,3.007,3.9381,Ethylammonium_Ge_Br,0.9310999999999998
0209,5.65143549733,4.06909407704,9.44640291413,90.4231790069,83.7060102816,90.2800698031,Ethylammonium Germanium Bromide,15,"B.Saparov et al., Chem. Rev. 116, 4558 (2016)",215.91450633267428,Ge,Br,1,3,2,1,8,0,0,Ethylammonium,3.8912,11.7627,15.6539,1.9726,-4.2579,0.1835,0.3509,215.91,2.7474,2.5043,3.3028,Ethylammonium_Ge_Br,0.7984999999999998
0210,5.89035764092,4.69454356988,8.01488458003,86.1122410222,85.6476778458,76.8466912108,Ethylammonium Germanium Bromide,15,"B.Saparov et al., Chem. Rev. 116, 4558 (2016)",214.90333044892327,Ge,Br,1,3,2,1,8,0,0,Ethylammonium,3.5742,5.6465,9.2207,1.8905,-4.2616,0.1798,0.3472,214.9,2.7603,2.779,3.672,Ethylammonium_Ge_Br,0.8930000000000002
0211,8.15559183553,4.30439860215,6.40554399954,74.4641913346,90.5564811298,91.3300121536,Ethylammonium Germanium Bromide,15,"B.Saparov et al., Chem. Rev. 116, 4558 (2016)",216.5904260259145,Ge,Br,1,3,2,1,8,0,0,Ethylammonium,3.5623,4.0099,7.5722,1.8874,-4.2636,0.1778,0.3452,216.59,2.7387,2.9402,3.8927,Ethylammonium_Ge_Br,0.9525000000000001
0212,10.7950525524,4.74540263072,4.32157385219,90.1168131996,89.8988217501,83.5988197693,Ethylammonium Germanium Bromide,15,"B.Saparov et al., Chem. Rev. 116, 4558 (2016)",219.99963473646315,Ge,Br,1,3,2,1,8,0,0,Ethylammonium,3.7188,6.3483,10.0671,1.9284,-4.2518,0.1896,0.357,220.0,2.6963,1.8833,2.7138,Ethylammonium_Ge_Br,0.8305
0213,8.19251969379,4.54621298053,6.23448825368,95.0973503055,101.080009569,97.1429120926,Ethylammonium Germanium Bromide,15,"B.Saparov et al., Chem. Rev. 116, 4558 (2016)",224.5855826819433,Ge,Br,1,3,2,1,8,0,0,Ethylammonium,3.3676,3.0116,6.3792,1.8351,-4.2511,0.1903,0.3577,224.59,2.6412,3.0571,3.9944,Ethylammonium_Ge_Br,0.9373
0214,6.19499225332,5.94408933866,7.05022455763,73.2060995953,88.1303838537,83.377373962,Propylammonium Germanium Bromide,18,"S.Kataoka et al., J. Am. Chem. Soc. 137, 4158 (2015)",246.8835541629031,Ge,Br,1,3,3,1,10,0,0,Propylammonium,3.295,2.0945,5.3895,1.8152,-4.4015,0.0914,0.2309,246.88,2.4971,2.6795,3.5853,Propylammonium_Ge_Br,0.9058000000000002
0215,6.08664315274,6.07871217344,7.12760947591,107.609874615,83.1267444483,91.1618506279,Propylammonium Germanium Bromide,18,"S.Kataoka et al., J. Am. Chem. Soc. 137, 4158 (2015)",249.5142794960585,Ge,Br,1,3,3,1,10,0,0,Propylammonium,3.3463,2.5656,5.9119,1.8293,-4.404,0.089,0.2284,249.51,2.4707,2.4381,3.3202,Propylammonium_Ge_Br,0.8820999999999999
0216,5.97264150145,6.01559721685,7.38190921735,104.627827177,79.0855466419,92.9036546828,Propylammonium Germanium Bromide,18,"S.Kataoka et al., J. Am. Chem. Soc. 137, 4158 (2015)",251.9845615025133,Ge,Br,1,3,3,1,10,0,0,Propylammonium,3.3738,2.6344,6.0082,1.8368,-4.4044,0.0886,0.2281,251.98,2.4465,2.3272,3.1891,Propylammonium_Ge_Br,0.8618999999999999
0217,6.29775342885,6.01449333267,6.43371331358,97.6659275588,80.7228872687,97.3093874491,Propylammonium Germanium Bromide,18,"S.Kataoka et al., J. Am. Chem. Soc. 137, 4158 (2015)",236.96141417420617,Ge,Br,1,3,3,1,10,0,0,Propylammonium,3.5506,2.8785,6.4291,1.8843,-4.4058,0.0871,0.2266,236.96,2.6016,2.4324,3.3391,Propylammonium_Ge_Br,0.9067000000000003
0218,6.45885970683,6.22170932564,6.18435474263,77.6266951864,89.2664656517,82.3360482255,Propylammonium Germanium Bromide,18,"S.Kataoka et al., J. Am. Chem. Soc. 137, 4158 (2015)",240.54633311135356,Ge,Br,1,3,3,1,10,0,0,Propylammonium,3.4523,2.2522,5.7045,1.858,-4.406,0.087,0.2264,240.55,2.5628,2.3827,3.2226,Propylammonium_Ge_Br,0.8399000000000001
0219,6.17719408429,6.03715657241,6.60663523247,81.655105366,76.9090572032,80.0904996738,Propylammonium Germanium Bromide,18,"S.Kataoka et al., J. Am. Chem. Soc. 137, 4158 (2015)",234.94474241095836,Ge,Br,1,3,3,1,10,0,0,Propylammonium,3.6328,3.7459,7.3787,1.906,-4.4026,0.0903,0.2298,234.94,2.624,2.3461,3.196,Propylammonium_Ge_Br,0.8499000000000003
0220,7.91050248118,4.46361324608,7.27317277955,78.9347381254,85.9432942089,77.9128677379,Propylammonium Germanium Bromide,18,"S.Kataoka et al., J. Am. Chem. Soc. 137, 4158 (2015)",246.3246692737241,Ge,Br,1,3,3,1,10,0,0,Propylammonium,3.271,2.4895,5.7604,1.8086,-4.3984,0.0945,0.234,246.32,2.5027,3.0984,4.0485,Propylammonium_Ge_Br,0.9501
0221,7.41143816607,5.27754146906,7.76980548271,88.498090915,116.811745937,110.398821846,Propylammonium Germanium Bromide,18,"S.Kataoka et al., J. Am. Chem. Soc. 137, 4158 (2015)",251.0906673515969,Ge,Br,1,3,3,1,10,0,0,Propylammonium,3.1804,2.3235,5.5039,1.7834,-4.3957,0.0973,0.2367,251.09,2.4552,3.0136,3.9623,Propylammonium_Ge_Br,0.9487000000000001
0222,7.67917351414,5.10807718267,8.14563567809,86.7131228466,120.318340777,112.799784875,Propylammonium Germanium Bromide,18,"S.Kataoka et al., J. Am. Chem. Soc. 137, 4158 (2015)",250.40021552600356,Ge,Br,1,3,3,1,10,0,0,Propylammonium,3.1389,3.1575,6.2965,1.7717,-4.3927,0.1002,0.2397,250.4,2.462,3.2248,4.2169,Propylammonium_Ge_Br,0.9920999999999998
0223,6.72416462201,5.71085673114,7.66264430875,88.5281827647,116.687911933,73.3789741319,Propylammonium Germanium Bromide,18,"S.Kataoka et al., J. Am. Chem. Soc. 137, 4158 (2015)",247.80139373061985,Ge,Br,1,3,3,1,10,0,0,Propylammonium,3.4494,3.7155,7.1649,1.8572,-4.3967,0.0962,0.2357,247.8,2.4878,2.4559,3.3837,Propylammonium_Ge_Br,0.9278
0224,7.95539752475,5.17305813409,7.60178082946,75.6086812499,57.6228745788,93.2728624652,Propylammonium Germanium Bromide,18,"S.Kataoka et al., J. Am. Chem. Soc. 137, 4158 (2015)",248.90500436564847,Ge,Br,1,3,3,1,10,0,0,Propylammonium,3.1432,1.8107,4.954,1.7729,-4.3932,0.0997,0.2392,248.91,2.4767,3.2487,4.2587,Propylammonium_Ge_Br,1.0100000000000002
0225,7.37816882507,5.31830771102,7.71062376674,91.0747415015,116.36829611,69.7760259936,Propylammonium Germanium Bromide,18,"S.Kataoka et al., J. Am. Chem. Soc. 137, 4158 (2015)",251.07848452299663,Ge,Br,1,3,3,1,10,0,0,Propylammonium,3.1971,2.3577,5.5548,1.788,-4.396,0.097,0.2364,251.08,2.4553,2.9514,3.8631,Propylammonium_Ge_Br,0.9117000000000002
0226,6.02491000707,6.0131716917,9.50071042784,58.9017991059,123.219542813,100.116726676,Propylammonium Germanium Bromide,18,"S.Kataoka et al., J. Am. Chem. Soc. 137, 4158 (2015)",243.78400162655447,Ge,Br,1,3,3,1,10,0,0,Propylammonium,3.4784,4.2621,7.7405,1.8651,-4.3991,0.0938,0.2333,243.78,2.5288,2.4276,3.2796,Propylammonium_Ge_Br,0.8519999999999999
0227,6.40971754774,6.06037375545,7.73606343983,72.9468588648,71.6989720267,77.250215175,Butylammonium Germanium Bromide,21,"H. Hu et al., Sci. Rep. 6, 33546 (2016)",270.0137244859826,Ge,Br,1,3,4,1,12,0,0,Butylammonium,3.2001,2.2023,5.4024,1.7889,-4.4983,0.0314,0.151,270.01,2.3694,2.6513,3.569,Butylammonium_Ge_Br,0.9177
0228,6.45183966146,7.23208325795,6.32866294129,77.8250744016,98.4852066663,111.503979337,Butylammonium Germanium Bromide,21,"H. Hu et al., Sci. Rep. 6, 33546 (2016)",267.760221429294,Ge,Br,1,3,4,1,12,0,0,Butylammonium,3.2117,1.8206,5.0322,1.7921,-4.4983,0.0314,0.151,267.76,2.3893,2.7665,3.6561,Butylammonium_Ge_Br,0.8895999999999997
0229,6.69123272382,5.9160318032,7.59409730878,70.142461642,84.556448445,90.8325742839,Butylammonium Germanium Bromide,21,"H. Hu et al., Sci. Rep. 6, 33546 (2016)",281.1155935128333,Ge,Br,1,3,4,1,12,0,0,Butylammonium,2.9843,1.5914,4.5757,1.7275,-4.4975,0.0323,0.1518,281.12,2.2758,3.0726,4.0297,Butylammonium_Ge_Br,0.9571000000000001
0230,6.50891584997,6.08579089223,6.21975735807,80.7337331783,82.1929546314,88.1381041551,Isopropylammonium Germanium Bromide,18,"C.C.Stoumpos et al., J. Am. Chem. Soc. 137, 6804 (2015)",240.8933388006186,Ge,Br,1,3,3,1,10,0,0,Isopropylammonium,3.4163,2.2667,5.683,1.8483,-4.4112,0.0877,0.2272,240.89,2.5592,2.7716,3.68,Isopropylammonium_Ge_Br,0.9084000000000003
0231,6.45374188787,6.37749095047,6.00704125482,78.4445844996,83.9334263344,90.795434001,Isopropylammonium Germanium Bromide,18,"C.C.Stoumpos et al., J. Am. Chem. Soc. 137, 6804 (2015)",240.7181449026432,Ge,Br,1,3,3,1,10,0,0,Isopropylammonium,3.441,2.4398,5.8808,1.855,-4.4125,0.0865,0.226,240.72,2.561,2.5742,3.3887,Isopropylammonium_Ge_Br,0.8145000000000002
0232,6.27673569746,5.79810577261,6.86134624399,95.6932715378,94.2822411317,83.3665377141,Isopropylammonium Germanium Bromide,18,"C.C.Stoumpos et al., J. Am. Chem. Soc. 137, 6804 (2015)",246.3058081158073,Ge,Br,1,3,3,1,10,0,0,Isopropylammonium,3.4704,3.2984,6.7687,1.8629,-4.4092,0.0898,0.2292,246.31,2.5028,2.2287,3.1326,Isopropylammonium_Ge_Br,0.9039000000000001
0233,6.79290405151,5.79529383719,6.33846944417,96.7133063634,86.219700498,96.8411855774,Isopropylammonium Germanium Bromide,18,"C.C.Stoumpos et al., J. Am. Chem. Soc. 137, 6804 (2015)",245.70802242618944,Ge,Br,1,3,3,1,10,0,0,Isopropylammonium,3.4724,3.1588,6.6312,1.8634,-4.4091,0.0898,0.2293,245.71,2.509,2.2394,3.1347,Isopropylammonium_Ge_Br,0.8953000000000002
0234,7.45104554674,4.8664326347,7.73423027623,94.1130000737,97.7302772646,114.662300586,Isopropylammonium Germanium Bromide,18,"C.C.Stoumpos et al., J. Am. Chem. Soc. 137, 6804 (2015)",249.9877667465511,Ge,Br,1,3,3,1,10,0,0,Isopropylammonium,3.1747,2.6578,5.8325,1.7818,-4.4045,0.0944,0.2339,249.99,2.466,2.9611,3.9032,Isopropylammonium_Ge_Br,0.9420999999999999
0235,8.17883526058,4.76420933968,7.14513142839,112.326903947,79.7970223536,103.46701619,Isopropylammonium Germanium Bromide,18,"C.C.Stoumpos et al., J. Am. Chem. Soc. 137, 6804 (2015)",249.24172530250203,Ge,Br,1,3,3,1,10,0,0,Isopropylammonium,3.2073,2.3105,5.5178,1.7909,-4.4035,0.0955,0.2349,249.24,2.4734,3.1186,4.0675,Isopropylammonium_Ge_Br,0.9489000000000001
0236,8.24626386293,4.8001876972,7.07495059323,110.758510133,77.7095186689,107.928635095,Isopropylammonium Germanium Bromide,18,"C.C.Stoumpos et al., J. Am. Chem. Soc. 137, 6804 (2015)",247.4551464982652,Ge,Br,1,3,3,1,10,0,0,Isopropylammonium,3.1959,1.9653,5.1612,1.7877,-4.4026,0.0963,0.2358,247.46,2.4912,3.2309,4.1997,Isopropylammonium_Ge_Br,0.9687999999999999
0237,7.75471513546,4.35984822304,7.45372957965,78.7581793508,79.4472715455,93.1129604186,Isopropylammonium Germanium Bromide,18,"C.C.Stoumpos et al., J. Am. Chem. Soc. 137, 6804 (2015)",241.929326176668,Ge,Br,1,3,3,1,10,0,0,Isopropylammonium,3.3627,3.3817,6.7444,1.8338,-4.4019,0.0971,0.2366,241.93,2.5482,3.0446,3.99,Isopropylammonium_Ge_Br,0.9454000000000002
0238,6.90326083374,4.41757613616,8.00667159958,90.0963643446,83.197741083,99.7058489108,Isopropylammonium Germanium Bromide,18,"C.C.Stoumpos et al., J. Am. Chem. Soc. 137, 6804 (2015)",238.93807150844012,Ge,Br,1,3,3,1,10,0,0,Isopropylammonium,3.3814,3.2584,6.6398,1.8389,-4.3991,0.0998,0.2393,238.94,2.58,3.1833,4.1567,Isopropylammonium_Ge_Br,0.9733999999999998
0239,6.18882632363,6.10223411833,6.06896630399,80.172872476,102.085967422,98.4554994032,Dimethylammonium Germanium Bromide,15,"B.Saparov et al., Chem. Rev. 116, 4558 (2016)",219.351321449466,Ge,Br,1,3,2,1,8,0,0,Dimethylammonium,3.6423,3.1623,6.8046,1.9085,-4.2586,0.1607,0.328,219.35,2.7043,2.352,3.143,Dimethylammonium_Ge_Br,0.7909999999999999
0240,6.13219180306,6.16242535495,6.0911690037,80.8002164403,102.291211052,99.7725282351,Dimethylammonium Germanium Bromide,15,"B.Saparov et al., Chem. Rev. 116, 4558 (2016)",219.80277625640463,Ge,Br,1,3,2,1,8,0,0,Dimethylammonium,3.6494,2.8979,6.5473,1.9104,-4.2569,0.1623,0.3297,219.8,2.6987,2.3829,3.1692,Dimethylammonium_Ge_Br,0.7863000000000002
0241,6.20887280921,6.11873741185,6.0511804617,79.1378483867,101.59227854,98.6390824546,Dimethylammonium Germanium Bromide,15,"B.Saparov et al., Chem. Rev. 116, 4558 (2016)",219.6501297627131,Ge,Br,1,3,2,1,8,0,0,Dimethylammonium,3.6301,2.7673,6.3974,1.9053,-4.259,0.1603,0.3277,219.65,2.7006,2.3786,3.1659,Dimethylammonium_Ge_Br,0.7873000000000001
0242,6.19260709241,6.03338383992,6.05813978787,87.0203045006,84.3107455631,76.5177093771,Dimethylammonium Germanium Bromide,15,"B.Saparov et al., Chem. Rev. 116, 4558 (2016)",218.9271269607014,Ge,Br,1,3,2,1,8,0,0,Dimethylammonium,3.7166,3.7061,7.4227,1.9278,-4.2552,0.1641,0.3314,218.93,2.7095,2.1972,2.9974,Dimethylammonium_Ge_Br,0.8001999999999998
0243,5.98301125542,4.23472294625,8.78741330483,89.4404598841,80.0401880553,87.7167312025,Dimethylammonium Germanium Bromide,15,"B.Saparov et al., Chem. Rev. 116, 4558 (2016)",219.1109834390108,Ge,Br,1,3,2,1,8,0,0,Dimethylammonium,3.6945,25.2662,28.9607,1.9221,-4.243,0.1763,0.3437,219.11,2.7072,2.7286,3.5938,Dimethylammonium_Ge_Br,0.8651999999999997
0244,6.10971157398,4.2394541704,8.50696800431,91.4858132145,81.8129759565,97.6519858766,Dimethylammonium Germanium Bromide,15,"B.Saparov et al., Chem. Rev. 116, 4558 (2016)",216.152878902232,Ge,Br,1,3,2,1,8,0,0,Dimethylammonium,3.6905,33.7914,37.4819,1.9211,-4.2442,0.1751,0.3425,216.15,2.7443,2.7909,3.6764,Dimethylammonium_Ge_Br,0.8855
0245,6.22569471679,4.29662301826,8.30510933417,91.2001359457,82.1669437416,97.7626881331,Dimethylammonium Germanium Bromide,15,"B.Saparov et al., Chem. Rev. 116, 4558 (2016)",218.0667724661999,Ge,Br,1,3,2,1,8,0,0,Dimethylammonium,3.5667,4.4497,8.0164,1.8886,-4.2463,0.173,0.3403,218.07,2.7201,2.9868,3.9367,Dimethylammonium_Ge_Br,0.9499
0246,8.14414002521,4.34428910015,7.17232470275,120.269008732,92.8877321761,94.3464326745,Dimethylammonium Germanium Bromide,15,"B.Saparov et al., Chem. Rev. 116, 4558 (2016)",217.37542188433255,Ge,Br,1,3,2,1,8,0,0,Dimethylammonium,3.5445,3.3441,6.8887,1.8827,-4.2469,0.1724,0.3397,217.38,2.7288,3.0292,4.0127,Dimethylammonium_Ge_Br,0.9834999999999998
0247,6.27163764453,4.46748859218,7.88850666143,80.2555674978,85.4202392897,82.7928163292,Dimethylammonium Germanium Bromide,15,"B.Saparov et al., Chem. Rev. 116, 4558 (2016)",215.72531286205205,Ge,Br,1,3,2,1,8,0,0,Dimethylammonium,3.5421,3.877,7.419,1.882,-4.2477,0.1716,0.339,215.73,2.7497,3.0853,4.0611,Dimethylammonium_Ge_Br,0.9757999999999996
0248,6.10626434348,6.21723661656,6.22070808975,90.2559236155,102.064554999,78.917811185,Acetamidinium Germanium Bromide,15,"C.C.Stoumpos et al., J. Am. Chem. Soc. 137, 6804 (2015)",226.48376380229809,Ge,Br,1,3,2,2,7,0,0,Acetamidinium,3.6302,2.7905,6.4207,1.9053,-4.5628,0.2826,0.4499,226.48,2.7144,2.3067,3.1156,Acetamidinium_Ge_Br,0.8089
0249,6.09047277273,6.25477696824,6.25012073495,90.1341030108,101.911716092,102.209369621,Acetamidinium Germanium Bromide,15,"C.C.Stoumpos et al., J. Am. Chem. Soc. 137, 6804 (2015)",227.43566382681456,Ge,Br,1,3,2,2,7,0,0,Acetamidinium,3.6113,2.7496,6.361,1.9004,-4.5631,0.2822,0.4496,227.44,2.703,2.3849,3.1911,Acetamidinium_Ge_Br,0.8062
0250,6.12735610145,6.27184799884,5.99829939444,84.3678252457,101.541657007,90.4665507191,Acetamidinium Germanium Bromide,15,"C.C.Stoumpos et al., J. Am. Chem. Soc. 137, 6804 (2015)",224.7466871245556,Ge,Br,1,3,2,2,7,0,0,Acetamidinium,3.7212,3.8556,7.5768,1.929,-4.5611,0.2843,0.4517,224.75,2.7353,2.2149,2.9861,Acetamidinium_Ge_Br,0.7711999999999999
0251,6.39485322838,4.22243854973,8.25405781999,89.8699298865,96.7641578153,102.370447978,Acetamidinium Germanium Bromide,15,"C.C.Stoumpos et al., J. Am. Chem. Soc. 137, 6804 (2015)",216.12460899123164,Ge,Br,1,3,2,2,7,0,0,Acetamidinium,3.6745,3.7209,7.3954,1.9169,-4.5624,0.283,0.4503,216.12,2.8446,2.987,3.9754,Acetamidinium_Ge_Br,0.9884
0252,6.44381022723,4.05902971427,9.04651244566,108.064973919,77.9049991051,91.5785229058,Acetamidinium Germanium Bromide,15,"C.C.Stoumpos et al., J. Am. Chem. Soc. 137, 6804 (2015)",219.7812104818345,Ge,Br,1,3,2,2,7,0,0,Acetamidinium,3.706,10.0882,13.7942,1.9251,-4.5544,0.291,0.4584,219.78,2.7972,2.866,3.8082,Acetamidinium_Ge_Br,0.9421999999999997
0253,7.50866324619,4.24114788464,7.25417159171,90.783786925,92.951747617,79.0922549393,Acetamidinium Germanium Bromide,15,"C.C.Stoumpos et al., J. Am. Chem. Soc. 137, 6804 (2015)",226.53520813533072,Ge,Br,1,3,2,2,7,0,0,Acetamidinium,3.3874,2.1153,5.5028,1.8405,-4.5537,0.2917,0.459,226.54,2.7137,3.2566,4.3201,Acetamidinium_Ge_Br,1.0635
0254,5.87281148594,5.76265646375,5.82537677447,90.7587322547,96.4340027683,88.4805604615,Methylammonium Germanium Bromide,12,"T.D.Huan et al., Phys. Rev. B 93,094105(2016)",195.827126139505,Ge,Br,1,3,1,1,6,0,0,Methylammonium,4.382,9.4381,13.8201,2.0933,-4.0654,0.2914,0.5006,195.83,2.9101,1.6035,2.2969,Methylammonium_Ge_Br,0.6934
0255,5.81609034942,5.77930646997,5.90809855088,86.1812594293,83.2065062335,89.3567442455,Methylammonium Germanium Bromide,12,"T.D.Huan et al., Phys. Rev. B 93,094105(2016)",196.75548197691225,Ge,Br,1,3,1,1,6,0,0,Methylammonium,4.334,6.8378,11.1719,2.0818,-4.0649,0.2919,0.5012,196.76,2.8964,1.7183,2.3842,Methylammonium_Ge_Br,0.6658999999999999
0256,6.10907473086,4.24268558108,7.75825229503,98.833766935,78.9422630533,93.2464804743,Methylammonium Germanium Bromide,12,"T.D.Huan et al., Phys. Rev. B 93,094105(2016)",194.93439961747012,Ge,Br,1,3,1,1,6,0,0,Methylammonium,3.8619,8.9226,12.7845,1.9652,-4.0513,0.3055,0.5147,194.93,2.9236,2.8043,3.7062,Methylammonium_Ge_Br,0.9018999999999999
0257,6.31719426636,4.27259124555,7.96622478116,107.43854329,84.3826890608,77.562965669,Methylammonium Germanium Bromide,12,"T.D.Huan et al., Phys. Rev. B 93,094105(2016)",197.25078194785496,Ge,Br,1,3,1,1,6,0,0,Methylammonium,3.7561,9.1169,12.873,1.9381,-4.0478,0.309,0.5182,197.25,2.8892,2.8048,3.7584,Methylammonium_Ge_Br,0.9535999999999998
0258,7.88226159716,4.16763755812,5.84347489537,84.9835428578,92.8828137738,89.1169620525,Methylammonium Germanium Bromide,12,"T.D.Huan et al., Phys. Rev. B 93,094105(2016)",190.9454049623953,Ge,Br,1,3,1,1,6,0,0,Methylammonium,4.0859,22.9923,27.0782,2.0214,-4.0511,0.3057,0.515,190.95,2.9845,2.5222,3.3669,Methylammonium_Ge_Br,0.8446999999999996
0259,8.35878984531,4.57369226471,7.23188450893,52.4122630429,106.834795673,115.821741917,Methylammonium Germanium Bromide,12,"T.D.Huan et al., Phys. Rev. B 93,094105(2016)",197.1013293318579,Ge,Br,1,3,1,1,6,0,0,Methylammonium,3.9683,5.6631,9.6314,1.9921,-4.0501,0.3067,0.5159,197.1,2.8914,2.5432,3.3631,Methylammonium_Ge_Br,0.8199000000000001
0260,6.03520574331,6.06945449448,6.041620353,100.846983608,94.5726140569,93.9022932308,Guanidinium Germanium Bromide,14,"B.Saparov et al., Chem. Rev. 116, 4558 (2016)",215.8800297631581,Ge,Br,1,3,1,3,6,0,0,Guanidinium,3.8322,4.1292,7.9614,1.9576,-4.5936,0.4868,0.6661,215.88,2.8553,2.2922,3.0981,Guanidinium_Ge_Br,0.8059000000000003
0261,5.88266908854,5.9331744387,6.2118265195,88.385922941,94.1271603166,81.313330905,Guanidinium Germanium Bromide,14,"B.Saparov et al., Chem. Rev. 116, 4558 (2016)",213.60034330586885,Ge,Br,1,3,1,3,6,0,0,Guanidinium,3.9515,5.4452,9.3967,1.9878,-4.5932,0.4872,0.6665,213.6,2.8858,2.091,2.876,Guanidinium_Ge_Br,0.7849999999999997
0262,9.10385860391,4.15415642811,6.31766488693,76.2449577849,97.2213509423,117.177849266,Guanidinium Germanium Bromide,14,"B.Saparov et al., Chem. Rev. 116, 4558 (2016)",206.41159501662773,Ge,Br,1,3,1,3,6,0,0,Guanidinium,3.8574,6.826,10.6834,1.964,-4.5965,0.4839,0.6632,206.41,2.9863,2.8096,3.7375,Guanidinium_Ge_Br,0.9278999999999997
0263,5.64875134448,5.79638818083,5.63228751649,97.6690232619,88.1275879996,93.1767599962,Hydroxylammonium Germanium Bromide,10,"G.Kieslich et al., Chem. Sci. 6, 3430 (2015)",182.424460586223,Ge,Br,1,3,0,1,4,0,1,Hydroxylammonium,4.7993,9.2078,14.0071,2.1907,-3.7562,0.5346,0.7856,182.42,3.142,1.6643,2.2463,Hydroxylammonium_Ge_Br,0.5820000000000003
0264,5.88594376358,4.21343443949,7.31415734367,106.334489603,85.8441145085,91.8215787144,Hydroxylammonium Germanium Bromide,10,"G.Kieslich et al., Chem. Sci. 6, 3430 (2015)",173.5996992237571,Ge,Br,1,3,0,1,4,0,1,Hydroxylammonium,4.5086,25.4957,30.0043,2.1233,-3.7678,0.5229,0.774,173.6,3.3016,2.3743,3.1612,Hydroxylammonium_Ge_Br,0.7869000000000002
0265,7.33752213636,4.22564300264,5.87921774791,91.9645742459,94.1234158979,72.5400142709,Hydroxylammonium Germanium Bromide,10,"G.Kieslich et al., Chem. Sci. 6, 3430 (2015)",173.42528469748262,Ge,Br,1,3,0,1,4,0,1,Hydroxylammonium,4.514,34.26,38.774,2.1246,-3.7663,0.5245,0.7755,173.43,3.3049,2.3568,3.1734,Hydroxylammonium_Ge_Br,0.8166000000000002
0266,5.83095242308,4.12892389013,7.40206594151,105.103025801,86.4612526875,92.8968152027,Hydroxylammonium Germanium Bromide,10,"G.Kieslich et al., Chem. Sci. 6, 3430 (2015)",171.61547228797372,Ge,Br,1,3,0,1,4,0,1,Hydroxylammonium,4.599,21.0124,25.6114,2.1445,-3.7632,0.5276,0.7786,171.62,3.3397,2.2068,3.0125,Hydroxylammonium_Ge_Br,0.8057000000000003
0267,7.49330380428,4.13744590407,5.95542014958,81.8461485015,81.607500105,73.578644389,Hydroxylammonium Germanium Bromide,10,"G.Kieslich et al., Chem. Sci. 6, 3430 (2015)",174.221825935512,Ge,Br,1,3,0,1,4,0,1,Hydroxylammonium,4.2999,14.4877,18.7875,2.0736,-3.7636,0.5271,0.7782,174.22,3.2899,2.6883,3.5621,Hydroxylammonium_Ge_Br,0.8738000000000001
0268,6.07535925143,4.12727369698,7.36985490126,103.826491469,96.3903064315,83.4997946446,Hydroxylammonium Germanium Bromide,10,"G.Kieslich et al., Chem. Sci. 6, 3430 (2015)",177.6074089932112,Ge,Br,1,3,0,1,4,0,1,Hydroxylammonium,4.208,17.0706,21.2786,2.0513,-3.7539,0.5369,0.7879,177.61,3.2271,2.7062,3.5873,Hydroxylammonium_Ge_Br,0.8811
0269,7.55130420135,4.10129867481,5.88887266639,83.8319215613,94.3094329435,74.0614008621,Hydroxylammonium Germanium Bromide,10,"G.Kieslich et al., Chem. Sci. 6, 3430 (2015)",173.30502965892194,Ge,Br,1,3,0,1,4,0,1,Hydroxylammonium,4.3486,13.2536,17.6022,2.0853,-3.7628,0.528,0.779,173.31,3.3072,2.6843,3.5474,Hydroxylammonium_Ge_Br,0.8631000000000002
0270,5.92532067917,5.96276919689,5.82874074651,80.5194146654,83.3796551414,85.4057591119,Formamidinium Germanium Bromide,12,"T.D.Huan et al., Phys. Rev. B 93,094105(2016)",201.37700960162036,Ge,Br,1,3,1,2,5,0,0,Formamidinium,4.1733,5.4093,9.5826,2.0429,-4.4087,0.0406,0.2499,201.38,2.9371,1.8606,2.584,Formamidinium_Ge_Br,0.7234
0271,6.56407804564,5.65288849241,5.65407138803,94.9652667832,90.0236974462,90.1237309847,Formamidinium Germanium Bromide,12,"T.D.Huan et al., Phys. Rev. B 93,094105(2016)",209.01214867145447,Ge,Br,1,3,1,2,5,0,0,Formamidinium,4.1452,8.2156,12.3608,2.036,-4.3969,0.0524,0.2616,209.01,2.8299,1.9287,2.6354,Formamidinium_Ge_Br,0.7067000000000001
0272,5.85285090413,6.1035753517,6.04736119014,99.3414295164,98.1134964566,77.6473403212,Formamidinium Germanium Bromide,12,"T.D.Huan et al., Phys. Rev. B 93,094105(2016)",206.95918599151216,Ge,Br,1,3,1,2,5,0,0,Formamidinium,3.5783,2.2525,5.8309,1.8916,-4.271,0.1783,0.3875,206.96,2.8579,3.0108,3.9902,Formamidinium_Ge_Br,0.9794
0273,6.40820833866,6.4450542467,6.40643849701,89.7567159473,91.7510703597,89.2823547956,Tetramethylammonium Germanium Bromide,21,"B.Saparov et al., Chem. Rev. 116, 4558 (2016)",264.4467790378525,Ge,Br,1,3,4,1,12,0,0,Tetramethylammonium,3.2629,1.5646,4.8275,1.8064,-4.475,0.0477,0.1458,264.45,2.4192,2.6041,3.4691,Tetramethylammonium_Ge_Br,0.8650000000000002
0274,6.39644448213,6.55841928177,6.36529028621,91.2607072319,86.4546947943,89.6524576132,Tetramethylammonium Germanium Bromide,21,"B.Saparov et al., Chem. Rev. 116, 4558 (2016)",266.4445951321813,Ge,Br,1,3,4,1,12,0,0,Tetramethylammonium,3.2066,1.4338,4.6404,1.7907,-4.4753,0.0474,0.1455,266.44,2.4012,2.7818,3.6877,Tetramethylammonium_Ge_Br,0.9058999999999999
0275,6.89904639653,5.23984701648,7.62191217608,89.1563164243,90.6919365064,85.7767439211,Tetramethylammonium Germanium Bromide,21,"B.Saparov et al., Chem. Rev. 116, 4558 (2016)",274.72984654696563,Ge,Br,1,3,4,1,12,0,0,Tetramethylammonium,3.0587,1.6517,4.7105,1.7489,-4.4691,0.0535,0.1516,274.73,2.3287,3.0436,4.0197,Tetramethylammonium_Ge_Br,0.9761000000000002
0276,5.82882754031,5.67830648184,5.74259758742,89.3251848763,82.9295037744,88.5454958015,Hydrazinium Germanium Bromide,11,"B.Saparov et al., Chem. Rev. 116, 4558 (2016)",188.55441722474328,Ge,Br,1,3,0,2,5,0,0,Hydrazinium,4.6552,11.349,16.0042,2.1576,-3.939,0.5682,0.7964,188.55,3.0312,1.5009,2.1431,Hydrazinium_Ge_Br,0.6422000000000001
0277,7.85970160767,5.68826396768,5.69182261625,89.0345470022,47.7486052103,94.0431422638,Hydrazinium Germanium Bromide,11,"B.Saparov et al., Chem. Rev. 116, 4558 (2016)",187.17772897491176,Ge,Br,1,3,0,2,5,0,0,Hydrazinium,4.772,10.1162,14.8882,2.1845,-3.9377,0.5694,0.7977,187.18,3.0534,1.7989,2.3636,Hydrazinium_Ge_Br,0.5647
0278,3.97435130233,6.26899843166,7.78498838983,82.7435841976,106.297096446,107.506343642,Hydrazinium Germanium Bromide,11,"B.Saparov et al., Chem. Rev. 116, 4558 (2016)",177.36213308125892,Ge,Br,1,3,0,2,5,0,0,Hydrazinium,4.2537,17.8661,22.1198,2.0624,-3.9543,0.5529,0.7811,177.36,3.2224,2.6675,3.557,Hydrazinium_Ge_Br,0.8895
0279,7.61070582939,6.11710378539,4.11448321018,99.938243182,77.7181490783,98.4023630144,Hydrazinium Germanium Bromide,11,"B.Saparov et al., Chem. Rev. 116, 4558 (2016)",183.16399826029505,Ge,Br,1,3,0,2,5,0,0,Hydrazinium,4.1295,59.9536,64.0831,2.0321,-3.9315,0.5756,0.8039,183.16,3.1204,2.7535,3.7476,Hydrazinium_Ge_Br,0.9941
0280,7.27230426244,6.0714031392,4.36102606735,89.2856326689,72.4519206257,93.3679283754,Hydrazinium Germanium Bromide,11,"B.Saparov et al., Chem. Rev. 116, 4558 (2016)",183.18295339697545,Ge,Br,1,3,0,2,5,0,0,Hydrazinium,3.9983,6.6029,10.6013,1.9996,-3.936,0.5712,0.7994,183.18,3.12,2.9277,3.8742,Hydrazinium_Ge_Br,0.9464999999999999
0281,7.6762345433,3.99881508028,6.09299380363,93.9909321647,91.7332601954,73.1988368756,Hydrazinium Germanium Bromide,11,"B.Saparov et al., Chem. Rev. 116, 4558 (2016)",178.60174491238828,Ge,Br,1,3,0,2,5,0,0,Hydrazinium,4.3198,38.3237,42.6436,2.0784,-3.9531,0.5541,0.7824,178.6,3.2001,2.5268,3.3637,Hydrazinium_Ge_Br,0.8369
0282,7.8524767385,3.97064907394,5.8899832212,96.4852438878,93.1963110903,76.4613252082,Hydrazinium Germanium Bromide,11,"B.Saparov et al., Chem. Rev. 116, 4558 (2016)",177.31896052288417,Ge,Br,1,3,0,2,5,0,0,Hydrazinium,4.3534,18.3645,22.7179,2.0865,-3.9556,0.5516,0.7798,177.32,3.2232,2.584,3.3706,Hydrazinium_Ge_Br,0.7866
0283,7.5454950105,5.98627864178,4.39923064736,91.0928692477,105.187532918,72.6115199022,Hydrazinium Germanium Bromide,11,"B.Saparov et al., Chem. Rev. 116, 4558 (2016)",182.62794793741895,Ge,Br,1,3,0,2,5,0,0,Hydrazinium,4.0551,7.9144,11.9695,2.0137,-3.9336,0.5736,0.8018,182.63,3.1294,2.84,3.814,Hydrazinium_Ge_Br,0.9740000000000002
0284,7.92964941228,3.95271481904,5.81676617831,90.647808141,90.8102737815,77.1432963798,Hydrazinium Germanium Bromide,11,"B.Saparov et al., Chem. Rev. 116, 4558 (2016)",177.72384310703626,Ge,Br,1,3,0,2,5,0,0,Hydrazinium,4.412,20.2968,24.7089,2.1005,-3.9558,0.5514,0.7796,177.72,3.2159,2.41,3.1659,Hydrazinium_Ge_Br,0.7559
0285,6.05960181616,4.00740613423,7.59803785113,100.287599578,87.6215515234,80.6518275747,Hydrazinium Germanium Bromide,11,"B.Saparov et al., Chem. Rev. 116, 4558 (2016)",178.65520628674153,Ge,Br,1,3,0,2,5,0,0,Hydrazinium,4.2954,13.7776,18.073,2.0725,-3.9549,0.5523,0.7805,178.66,3.199,2.5642,3.3948,Hydrazinium_Ge_Br,0.8306
0286,9.72755092,3.97027779454,5.84691013063,82.8072895201,85.3106621193,52.1264778245,Hydrazinium Germanium Bromide,11,"B.Saparov et al., Chem. Rev. 116, 4558 (2016)",176.8441447942592,Ge,Br,1,3,0,2,5,0,0,Hydrazinium,4.4165,24.3209,28.7374,2.1015,-3.9538,0.5533,0.7816,176.84,3.2319,2.5524,3.3311,Hydrazinium_Ge_Br,0.7787000000000002
0287,7.18251090915,6.33034259123,4.3165588567,72.3948879299,106.788064708,107.19877863,Ammonium Germanium Bromide,9,"T.D.Huan et al., Phys. Rev. B 93,094105(2016)",174.36920630673217,Ge,Br,1,3,0,1,4,0,0,Ammonium,4.0025,9.5188,13.5213,2.0006,-3.7177,0.5519,0.8309,174.37,3.1347,2.794,3.737,Ammonium_Ge_Br,0.9430000000000001
0288,5.77075081823,5.76708546907,5.77898437262,83.2697172842,83.3107100563,83.419415102,Ammonium Germanium Bromide,9,"T.D.Huan et al., Phys. Rev. B 93,094105(2016)",188.70522586951952,Ge,Br,1,3,0,1,4,0,0,Ammonium,4.1567,6.377,10.5337,2.0388,-3.7211,0.5485,0.8274,188.71,2.8965,2.0807,2.7559,Ammonium_Ge_Br,0.6751999999999998
0289,7.15668131266,6.31653848761,4.31574480529,107.737616099,106.863156646,73.483889634,Ammonium Germanium Bromide,9,"T.D.Huan et al., Phys. Rev. B 93,094105(2016)",173.674580331668,Ge,Br,1,3,0,1,4,0,0,Ammonium,4.0355,10.1411,14.1766,2.0089,-3.7175,0.5521,0.831,173.67,3.1473,2.7747,3.7148,Ammonium_Ge_Br,0.9400999999999997
0290,4.30551959621,6.319566035,7.18249162747,73.2500055643,73.2386325107,72.2965656827,Ammonium Germanium Bromide,9,"T.D.Huan et al., Phys. Rev. B 93,094105(2016)",173.9042099348318,Ge,Br,1,3,0,1,4,0,0,Ammonium,4.0339,11.0858,15.1197,2.0085,-3.7175,0.5521,0.8311,173.9,3.1432,2.7815,3.7096,Ammonium_Ge_Br,0.9281000000000001
0291,6.03292982799,6.27254584785,6.54020595361,87.6709611821,88.3806737169,100.831390485,Trimethylammonium Germanium Bromide,18,"A. Mancini et al., J. Solid State Chem. 240, 55 (2016)",242.72079090961907,Ge,Br,1,3,3,1,10,0,0,Trimethylammonium,3.4135,1.959,5.3725,1.8476,-4.3868,0.0787,0.2182,242.72,2.5399,2.3621,3.2061,Trimethylammonium_Ge_Br,0.8440000000000003
0292,6.16400000076,6.20031759065,6.4813966781,96.7024306147,87.625485296,82.6616859139,Trimethylammonium Germanium Bromide,18,"A. Mancini et al., J. Solid State Chem. 240, 55 (2016)",243.6035016097759,Ge,Br,1,3,3,1,10,0,0,Trimethylammonium,3.3895,1.9429,5.3324,1.8411,-4.3854,0.08,0.2195,243.6,2.5307,2.5035,3.3833,Trimethylammonium_Ge_Br,0.8798000000000004
0293,6.4940572483,6.33475094673,6.19024207053,92.9253686433,91.92226897,104.518719701,Trimethylammonium Germanium Bromide,18,"A. Mancini et al., J. Solid State Chem. 240, 55 (2016)",245.91920316045645,Ge,Br,1,3,3,1,10,0,0,Trimethylammonium,3.2756,2.4949,5.7705,1.8099,-4.3848,0.0807,0.2201,245.92,2.5068,2.9536,3.8719,Trimethylammonium_Ge_Br,0.9183000000000003
0294,6.19238911917,6.37752097569,6.44754790653,75.3111350188,87.1117767277,91.8503311415,Trimethylammonium Germanium Bromide,18,"A. Mancini et al., J. Solid State Chem. 240, 55 (2016)",245.72452920857407,Ge,Br,1,3,3,1,10,0,0,Trimethylammonium,3.2725,2.9974,6.27,1.809,-4.3845,0.0809,0.2204,245.72,2.5089,2.9518,3.8937,Trimethylammonium_Ge_Br,0.9419
0295,6.34841007863,6.38689272142,6.35137629683,97.0079764573,99.0731576964,96.822705912,Trimethylammonium Germanium Bromide,18,"A. Mancini et al., J. Solid State Chem. 240, 55 (2016)",249.88887998005117,Ge,Br,1,3,3,1,10,0,0,Trimethylammonium,3.3188,2.1921,5.5109,1.8217,-4.3773,0.0881,0.2276,249.89,2.467,2.5763,3.4825,Trimethylammonium_Ge_Br,0.9062000000000001
0296,4.74307901128,7.71890303264,7.18982204606,103.351260955,76.9115199906,88.2180693543,Trimethylammonium Germanium Bromide,18,"A. Mancini et al., J. Solid State Chem. 240, 55 (2016)",248.4937620647671,Ge,Br,1,3,3,1,10,0,0,Trimethylammonium,3.1909,1.726,4.9169,1.7863,-4.3723,0.0932,0.2326,248.49,2.4809,3.0972,4.0596,Trimethylammonium_Ge_Br,0.9623999999999997
0297,6.48677672646,5.04121266331,7.84536846134,90.5910292626,82.9746176211,78.7659197112,Trimethylammonium Germanium Bromide,18,"A. Mancini et al., J. Solid State Chem. 240, 55 (2016)",249.5944896909362,Ge,Br,1,3,3,1,10,0,0,Trimethylammonium,3.1662,1.5791,4.7453,1.7794,-4.3783,0.0872,0.2267,249.59,2.47,3.2416,4.2042,Trimethylammonium_Ge_Br,0.9626000000000001
0298,5.95781344825,4.68710984206,8.89601361583,92.934959692,82.7389898747,84.9019868935,Trimethylammonium Germanium Bromide,18,"A. Mancini et al., J. Solid State Chem. 240, 55 (2016)",244.96302140657903,Ge,Br,1,3,3,1,10,0,0,Trimethylammonium,3.4025,2.5447,5.9471,1.8446,-4.3721,0.0934,0.2329,244.96,2.5166,2.9322,3.8435,Trimethylammonium_Ge_Br,0.9113000000000002
0299,6.56148497118,4.88420230932,7.83046186267,90.0881340586,95.2590347509,75.4713698707,Trimethylammonium Germanium Bromide,18,"A. Mancini et al., J. Solid State Chem. 240, 55 (2016)",241.8404480915048,Ge,Br,1,3,3,1,10,0,0,Trimethylammonium,3.2715,2.0893,5.3608,1.8087,-4.3764,0.0891,0.2286,241.84,2.5491,3.2185,4.1936,Trimethylammonium_Ge_Br,0.9750999999999999
0300,6.31014519564,6.01580808733,6.00175445188,90.6604514688,88.8133635577,86.9376720508,Azetidinium Germanium Bromide,16,"B. Zhou et al., Angew. Chem. Int. Ed. 50, 11441 (2011)",227.4379943928882,Ge,Br,1,3,3,1,8,0,0,Azetidinium,3.7899,3.8747,7.6646,1.9468,-4.4418,0.128,0.2849,227.44,2.6958,2.0482,2.8197,Azetidinium_Ge_Br,0.7715000000000001
0301,6.06211270109,6.04285642522,6.17975097917,94.5905056131,82.7981959368,91.5131836167,Azetidinium Germanium Bromide,16,"B. Zhou et al., Angew. Chem. Int. Ed. 50, 11441 (2011)",223.8424705462192,Ge,Br,1,3,3,1,8,0,0,Azetidinium,3.8118,3.2783,7.09,1.9524,-4.4407,0.1291,0.286,223.84,2.7391,2.0604,2.8287,Azetidinium_Ge_Br,0.7683
0302,5.98086963487,6.24461721952,6.14051699728,93.2915102698,91.0540747585,99.9925256386,Azetidinium Germanium Bromide,16,"B. Zhou et al., Angew. Chem. Int. Ed. 50, 11441 (2011)",225.39214776594167,Ge,Br,1,3,3,1,8,0,0,Azetidinium,3.75,4.4692,8.2192,1.9365,-4.4381,0.1317,0.2886,225.39,2.7203,2.1701,2.9622,Azetidinium_Ge_Br,0.7921
0303,6.08705591846,6.05812716272,6.10469575334,86.1115584671,82.0916857368,93.8105916711,Azetidinium Germanium Bromide,16,"B. Zhou et al., Angew. Chem. Int. Ed. 50, 11441 (2011)",221.8082427344992,Ge,Br,1,3,3,1,8,0,0,Azetidinium,3.8424,3.6339,7.4763,1.9602,-4.439,0.1308,0.2877,221.81,2.7642,1.9935,2.8045,Azetidinium_Ge_Br,0.8109999999999999
0304,8.33130855605,6.09558892688,4.71060216457,89.5216978502,84.3131930866,89.4720865176,Azetidinium Germanium Bromide,16,"B. Zhou et al., Angew. Chem. Int. Ed. 50, 11441 (2011)",238.0302015397749,Ge,Br,1,3,3,1,8,0,0,Azetidinium,3.4258,2.7479,6.1737,1.8509,-4.4282,0.1416,0.2985,238.03,2.5758,2.5857,3.5762,Azetidinium_Ge_Br,0.9904999999999999
0305,8.31071566627,5.93583169559,4.71831643196,94.6591090924,85.3157002297,86.0309122901,Azetidinium Germanium Bromide,16,"B. Zhou et al., Angew. Chem. Int. Ed. 50, 11441 (2011)",230.54024708510843,Ge,Br,1,3,3,1,8,0,0,Azetidinium,3.551,2.7839,6.3349,1.8844,-4.4297,0.1401,0.297,230.54,2.6595,2.5097,3.5129,Azetidinium_Ge_Br,1.0032
0306,8.1718011905,5.97828301957,4.7270642221,91.3861888114,95.0757614264,84.1982080193,Azetidinium Germanium Bromide,16,"B. Zhou et al., Angew. Chem. Int. Ed. 50, 11441 (2011)",228.8218978426991,Ge,Br,1,3,3,1,8,0,0,Azetidinium,3.589,4.0119,7.6009,1.8945,-4.4295,0.1403,0.2972,228.82,2.6795,2.6105,3.6031,Azetidinium_Ge_Br,0.9925999999999999
0307,6.05286990695,4.24558391787,8.65441732368,86.4536883937,90.8803078317,96.5416382847,Azetidinium Germanium Bromide,16,"B. Zhou et al., Angew. Chem. Int. Ed. 50, 11441 (2011)",220.5220981578108,Ge,Br,1,3,3,1,8,0,0,Azetidinium,3.7494,5.306,9.0554,1.9363,-4.4254,0.1444,0.3013,220.52,2.7804,3.0625,4.0286,Azetidinium_Ge_Br,0.9661
0308,8.48983533702,4.27754854809,6.93769599818,62.0953577674,91.1753529441,93.7960698182,Azetidinium Germanium Bromide,16,"B. Zhou et al., Angew. Chem. Int. Ed. 50, 11441 (2011)",222.14853018462432,Ge,Br,1,3,3,1,8,0,0,Azetidinium,3.6332,5.3191,8.9523,1.9061,-4.4261,0.1437,0.3006,222.15,2.76,3.1203,4.0976,Azetidinium_Ge_Br,0.9773000000000001
0309,6.92666411774,4.27693731861,9.25074609137,113.573429701,101.337978878,62.162479979,Azetidinium Germanium Bromide,16,"B. Zhou et al., Angew. Chem. Int. Ed. 50, 11441 (2011)",222.09798144545496,Ge,Br,1,3,3,1,8,0,0,Azetidinium,3.636,5.5654,9.2014,1.9068,-4.426,0.1438,0.3007,222.1,2.7606,3.1261,4.1031,Azetidinium_Ge_Br,0.9770000000000003
0310,6.2278823436,4.30278684763,8.95364744483,106.484608653,87.6138700738,100.108130569,Azetidinium Germanium Bromide,16,"B. Zhou et al., Angew. Chem. Int. Ed. 50, 11441 (2011)",226.4913456476768,Ge,Br,1,3,3,1,8,0,0,Azetidinium,3.6102,5.3276,8.9377,1.9,-4.4249,0.1449,0.3018,226.49,2.7071,3.0032,3.9696,Azetidinium_Ge_Br,0.9663999999999997
0311,8.3370726721,4.73137375875,6.27377201134,73.1379929653,90.1409944747,99.8489323502,Azetidinium Germanium Bromide,16,"B. Zhou et al., Angew. Chem. Int. Ed. 50, 11441 (2011)",233.0517246155563,Ge,Br,1,3,3,1,8,0,0,Azetidinium,3.3643,2.34,5.7042,1.8342,-4.4255,0.1443,0.3012,233.05,2.6309,3.103,4.0797,Azetidinium_Ge_Br,0.9766999999999997
0312,5.96127249884,4.17839640205,8.89358042649,87.1694437728,89.2121464957,90.5999381231,Azetidinium Germanium Bromide,16,"B. Zhou et al., Angew. Chem. Int. Ed. 50, 11441 (2011)",221.2212977267765,Ge,Br,1,3,3,1,8,0,0,Azetidinium,3.8119,5.7774,9.5892,1.9524,-4.4228,0.147,0.3039,221.22,2.7716,2.8952,3.76,Azetidinium_Ge_Br,0.8647999999999998
0313,4.32251439049,5.92171755772,8.76477234333,93.0197661232,90.4535984852,95.5712975156,Azetidinium Germanium Bromide,16,"B. Zhou et al., Angew. Chem. Int. Ed. 50, 11441 (2011)",222.96031817297956,Ge,Br,1,3,3,1,8,0,0,Azetidinium,3.7653,6.9429,10.7082,1.9405,-4.4215,0.1483,0.3052,222.96,2.7499,2.7048,3.6186,Azetidinium_Ge_Br,0.9137999999999997
0314,7.8353102849,6.40227074606,4.70652758094,85.7359873538,86.1166653696,84.0456138824,Azetidinium Germanium Bromide,16,"B. Zhou et al., Angew. Chem. Int. Ed. 50, 11441 (2011)",233.74439647252015,Ge,Br,1,3,3,1,8,0,0,Azetidinium,3.3616,2.2949,5.6565,1.8335,-4.422,0.1478,0.3047,233.74,2.6231,2.8716,3.8001,Azetidinium_Ge_Br,0.9285000000000001
0315,8.03722132918,6.23270796051,4.76997198382,85.8431924563,88.9439962917,79.6114054595,Azetidinium Germanium Bromide,16,"B. Zhou et al., Angew. Chem. Int. Ed. 50, 11441 (2011)",234.40662286140108,Ge,Br,1,3,3,1,8,0,0,Azetidinium,3.3401,2.3326,5.6727,1.8276,-4.4164,0.1534,0.3103,234.41,2.6156,2.9176,3.893,Azetidinium_Ge_Br,0.9753999999999996
0316,5.87817204652,6.89738135867,5.88574603977,89.1968687715,79.2967098816,89.906943502,Imidazolium Germanium Bromide,14,"B.Saparov et al., Chem. Rev. 116, 4558 (2016)",234.4568203145599,Ge,Br,1,3,3,2,5,0,0,Imidazolium,3.6656,3.9946,7.6603,1.9146,-4.8906,0.3505,0.5299,234.46,2.6929,2.1267,2.8815,Imidazolium_Ge_Br,0.7547999999999999
0317,5.95630653116,6.632160385,5.95521849127,95.8109486124,80.1326202991,85.417994773,Imidazolium Germanium Bromide,14,"B.Saparov et al., Chem. Rev. 116, 4558 (2016)",229.4415817235821,Ge,Br,1,3,3,2,5,0,0,Imidazolium,3.7107,3.1089,6.8196,1.9263,-4.8911,0.35,0.5293,229.44,2.7518,2.3699,3.1349,Imidazolium_Ge_Br,0.7650000000000001
0318,6.41153770254,5.99925054516,6.17096583565,79.3260679363,85.4184579109,96.474045009,Imidazolium Germanium Bromide,14,"B.Saparov et al., Chem. Rev. 116, 4558 (2016)",230.5307645022257,Ge,Br,1,3,3,2,5,0,0,Imidazolium,3.614,2.495,6.1091,1.9011,-4.8913,0.3498,0.5291,230.53,2.7388,2.5419,3.4004,Imidazolium_Ge_Br,0.8584999999999998
0319,6.26908792814,6.06341152191,6.1273757492,98.2927443411,97.3351468328,94.4044988052,Imidazolium Germanium Bromide,14,"B.Saparov et al., Chem. Rev. 116, 4558 (2016)",227.51445520822807,Ge,Br,1,3,3,2,5,0,0,Imidazolium,3.6928,2.5739,6.2667,1.9217,-4.8938,0.3473,0.5267,227.51,2.7751,2.3783,3.1627,Imidazolium_Ge_Br,0.7844000000000002
0320,5.92558788724,4.09733359913,9.33478269796,88.389437535,88.3227650004,81.482996087,Imidazolium Germanium Bromide,14,"B.Saparov et al., Chem. Rev. 116, 4558 (2016)",223.98000704854903,Ge,Br,1,3,3,2,5,0,0,Imidazolium,3.8204,5.0976,8.918,1.9546,-4.8895,0.3516,0.5309,223.98,2.8188,3.0315,3.8711,Imidazolium_Ge_Br,0.8396000000000003
0321,9.93211379352,4.12586807288,5.92044817519,82.5391001559,87.3850409706,68.7367733898,Imidazolium Germanium Bromide,14,"B.Saparov et al., Chem. Rev. 116, 4558 (2016)",224.1811645264142,Ge,Br,1,3,3,2,5,0,0,Imidazolium,3.816,4.3495,8.1655,1.9535,-4.8899,0.3512,0.5305,224.18,2.8163,2.9667,3.8201,Imidazolium_Ge_Br,0.8534000000000002
0322,8.99685051836,4.0873498931,6.10577434263,99.5856085096,93.7076891047,89.6901869484,Imidazolium Germanium Bromide,14,"B.Saparov et al., Chem. Rev. 116, 4558 (2016)",220.9277540756436,Ge,Br,1,3,3,2,5,0,0,Imidazolium,3.8462,34.6217,38.468,1.9612,-4.8873,0.3538,0.5331,220.93,2.8578,3.0144,3.9222,Imidazolium_Ge_Br,0.9077999999999999
0323,6.1323599348,4.08340979605,9.66858996384,112.397474359,95.5481722954,80.7584187047,Imidazolium Germanium Bromide,14,"B.Saparov et al., Chem. Rev. 116, 4558 (2016)",220.7737511254319,Ge,Br,1,3,3,2,5,0,0,Imidazolium,3.8634,69.1904,73.0538,1.9656,-4.8895,0.3515,0.5309,220.77,2.8598,2.9814,3.8661,Imidazolium_Ge_Br,0.8847
0324,6.28871532675,6.27220460613,6.69008554468,82.0375384427,87.1026670484,92.7660928195,Ethylammonium Germanium Iodide,15,"B.Saparov et al., Chem. Rev. 116, 4558 (2016)",260.5986188129756,Ge,I,1,3,2,1,8,0,0,Ethylammonium,4.8318,7.7625,12.5943,2.1981,-4.1591,0.3016,0.3996,260.6,3.1823,1.5575,2.2338,Ethylammonium_Ge_I,0.6762999999999999
0325,6.5417788957,6.17606358681,6.5831398261,85.3180905542,79.2812004671,85.7304928258,Ethylammonium Germanium Iodide,15,"B.Saparov et al., Chem. Rev. 116, 4558 (2016)",259.98468146126254,Ge,I,1,3,2,1,8,0,0,Ethylammonium,4.6993,4.7726,9.4719,2.1678,-4.1608,0.2999,0.3979,259.98,3.1899,1.6098,2.3398,Ethylammonium_Ge_I,0.73
0326,6.80147814936,4.42316617103,8.89102171959,93.9353267144,91.2682296291,103.632626837,Ethylammonium Germanium Iodide,15,"B.Saparov et al., Chem. Rev. 116, 4558 (2016)",259.1270046266644,Ge,I,1,3,2,1,8,0,0,Ethylammonium,4.2928,8.8365,13.1293,2.0719,-4.1509,0.3098,0.4078,259.13,3.2004,2.2961,3.0658,Ethylammonium_Ge_I,0.7696999999999998
0327,8.79611564229,4.48140332962,6.62992007674,81.1666921082,91.978943891,87.5139107294,Ethylammonium Germanium Iodide,15,"B.Saparov et al., Chem. Rev. 116, 4558 (2016)",257.7769310000071,Ge,I,1,3,2,1,8,0,0,Ethylammonium,4.3646,10.1581,14.5227,2.0892,-4.1519,0.3087,0.4068,257.78,3.2172,2.3172,3.0962,Ethylammonium_Ge_I,0.7789999999999999
0328,6.65036331503,4.50890691919,8.70562209346,94.5512514802,96.2947423247,94.8008643225,Ethylammonium Germanium Iodide,15,"B.Saparov et al., Chem. Rev. 116, 4558 (2016)",257.5266611353185,Ge,I,1,3,2,1,8,0,0,Ethylammonium,4.4937,43.8234,48.3171,2.1198,-4.1518,0.3089,0.4069,257.53,3.2203,2.2402,3.0953,Ethylammonium_Ge_I,0.8550999999999997
0329,6.61352652548,4.49629049193,9.74425120099,64.7459516912,95.9307715255,99.0514101527,Ethylammonium Germanium Iodide,15,"B.Saparov et al., Chem. Rev. 116, 4558 (2016)",258.5885863425503,Ge,I,1,3,2,1,8,0,0,Ethylammonium,4.3237,6.5688,10.8925,2.0793,-4.1522,0.3085,0.4065,258.59,3.2071,2.3127,3.101,Ethylammonium_Ge_I,0.7883
0330,7.25995308736,4.71114912172,7.93230157437,105.218011469,93.3170187395,84.4503366141,Ethylammonium Germanium Iodide,15,"B.Saparov et al., Chem. Rev. 116, 4558 (2016)",260.4165879535015,Ge,I,1,3,2,1,8,0,0,Ethylammonium,4.2018,4.063,8.2648,2.0498,-4.1547,0.306,0.404,260.42,3.1845,2.3649,3.1503,Ethylammonium_Ge_I,0.7854000000000001
0331,6.12514015319,4.33403043738,9.84107059048,90.3071765727,84.1289571975,90.1231465711,Ethylammonium Germanium Iodide,15,"B.Saparov et al., Chem. Rev. 116, 4558 (2016)",259.872009544388,Ge,I,1,3,2,1,8,0,0,Ethylammonium,4.564,11.4376,16.0017,2.1364,-4.1436,0.317,0.4151,259.87,3.1913,2.0583,2.8425,Ethylammonium_Ge_I,0.7841999999999998
0332,6.37561414477,4.7716908245,8.57869227653,86.2911950072,86.3643287687,78.6704487527,Ethylammonium Germanium Iodide,15,"B.Saparov et al., Chem. Rev. 116, 4558 (2016)",255.02019284039736,Ge,I,1,3,2,1,8,0,0,Ethylammonium,4.3675,8.3421,12.7096,2.0899,-4.1485,0.3122,0.4102,255.02,3.252,2.317,3.1363,Ethylammonium_Ge_I,0.8192999999999997
0333,8.64378356689,4.48538342334,6.95103667461,72.602033871,90.5750640594,93.063489505,Ethylammonium Germanium Iodide,15,"B.Saparov et al., Chem. Rev. 116, 4558 (2016)",256.79472984003195,Ge,I,1,3,2,1,8,0,0,Ethylammonium,4.3489,9.6976,14.0465,2.0854,-4.1511,0.3096,0.4076,256.79,3.2296,2.2586,3.0354,Ethylammonium_Ge_I,0.7768000000000002
0334,11.48198384,4.95923040266,4.64883513959,89.995257889,89.9335162018,83.7781774137,Ethylammonium Germanium Iodide,15,"B.Saparov et al., Chem. Rev. 116, 4558 (2016)",263.1536547890095,Ge,I,1,3,2,1,8,0,0,Ethylammonium,4.4137,5.1428,9.5565,2.1009,-4.1396,0.321,0.4191,263.15,3.1515,1.4809,2.2387,Ethylammonium_Ge_I,0.7578
0335,8.62200250699,4.62424793108,6.77432511913,93.8465620441,100.104313146,97.9078038674,Ethylammonium Germanium Iodide,15,"B.Saparov et al., Chem. Rev. 116, 4558 (2016)",262.2215114892353,Ge,I,1,3,2,1,8,0,0,Ethylammonium,4.1662,3.9196,8.0858,2.0411,-4.1395,0.3212,0.4192,262.22,3.1627,2.5147,3.3347,Ethylammonium_Ge_I,0.8200000000000003
0336,6.39804549017,6.46464654949,7.40477477569,74.7008139081,88.6658858962,85.9040897391,Propylammonium Germanium Iodide,18,"S.Kataoka et al., J. Am. Chem. Soc. 137, 4158 (2015)",294.6581523641362,Ge,I,1,3,3,1,10,0,0,Propylammonium,3.9293,2.7556,6.6849,1.9823,-4.306,0.2029,0.2846,294.66,2.8935,1.8906,2.6315,Propylammonium_Ge_I,0.7408999999999999
0337,6.28749347582,6.42401414805,7.6021714833,102.240207885,79.1568446031,91.5581103294,Propylammonium Germanium Iodide,18,"S.Kataoka et al., J. Am. Chem. Soc. 137, 4158 (2015)",294.6952194963833,Ge,I,1,3,3,1,10,0,0,Propylammonium,4.0313,2.7582,6.7895,2.0078,-4.3092,0.1998,0.2815,294.7,2.8932,1.8108,2.5214,Propylammonium_Ge_I,0.7105999999999999
0338,6.28602602072,6.42085233067,7.63632013662,103.090472955,80.0368832524,92.0559431198,Propylammonium Germanium Iodide,18,"S.Kataoka et al., J. Am. Chem. Soc. 137, 4158 (2015)",295.67601645153746,Ge,I,1,3,3,1,10,0,0,Propylammonium,4.0667,2.9977,7.0645,2.0166,-4.3094,0.1995,0.2813,295.68,2.8836,1.7705,2.4705,Propylammonium_Ge_I,0.7
0339,6.66774199716,6.29952866518,6.84829093497,96.9121512488,82.8613276125,95.7963167136,Propylammonium Germanium Iodide,18,"S.Kataoka et al., J. Am. Chem. Soc. 137, 4158 (2015)",282.265895332711,Ge,I,1,3,3,1,10,0,0,Propylammonium,4.3102,3.6328,7.9429,2.0761,-4.3095,0.1994,0.2811,282.27,3.0206,1.6555,2.4124,Propylammonium_Ge_I,0.7568999999999999
0340,6.74984937207,6.62524525012,6.55936059115,79.0529866755,89.8195778416,83.1375299004,Propylammonium Germanium Iodide,18,"S.Kataoka et al., J. Am. Chem. Soc. 137, 4158 (2015)",285.87234796198624,Ge,I,1,3,3,1,10,0,0,Propylammonium,4.1371,2.5872,6.7243,2.034,-4.3094,0.1995,0.2813,285.87,2.9825,1.7596,2.4983,Propylammonium_Ge_I,0.7386999999999999
0341,6.62945842595,6.36772291356,6.8357660637,82.7757661554,78.6018029072,80.758897481,Propylammonium Germanium Iodide,18,"S.Kataoka et al., J. Am. Chem. Soc. 137, 4158 (2015)",277.8848838449215,Ge,I,1,3,3,1,10,0,0,Propylammonium,4.3688,4.066,8.4348,2.0902,-4.3087,0.2002,0.2819,277.88,3.0683,1.8304,2.5748,Propylammonium_Ge_I,0.7444000000000002
0342,8.23462636443,4.6135725369,7.87496950037,77.3213327441,88.1694256991,77.3820952099,Propylammonium Germanium Iodide,18,"S.Kataoka et al., J. Am. Chem. Soc. 137, 4158 (2015)",284.7936240436779,Ge,I,1,3,3,1,10,0,0,Propylammonium,3.9838,3.425,7.4088,1.996,-4.3051,0.2038,0.2855,284.79,2.9938,2.507,3.3188,Propylammonium_Ge_I,0.8117999999999999
0343,8.63754932295,4.72443812174,8.30865954766,86.7697919071,115.958333351,105.901960073,Propylammonium Germanium Iodide,18,"S.Kataoka et al., J. Am. Chem. Soc. 137, 4158 (2015)",292.3899976888986,Ge,I,1,3,3,1,10,0,0,Propylammonium,3.7424,4.7807,8.5231,1.9345,-4.3014,0.2076,0.2893,292.39,2.916,2.6121,3.4475,Propylammonium_Ge_I,0.8353999999999999
0344,8.83795672913,4.72536416591,8.49015563775,101.901676941,114.562310029,70.314451408,Propylammonium Germanium Iodide,18,"S.Kataoka et al., J. Am. Chem. Soc. 137, 4158 (2015)",302.7291718517438,Ge,I,1,3,3,1,10,0,0,Propylammonium,3.6268,2.7473,6.3741,1.9044,-4.2982,0.2107,0.2925,302.73,2.8164,2.576,3.4019,Propylammonium_Ge_I,0.8258999999999999
0345,8.33976700925,5.04099427747,8.26049630934,78.3175558024,59.671498705,93.9285600428,Propylammonium Germanium Iodide,18,"S.Kataoka et al., J. Am. Chem. Soc. 137, 4158 (2015)",287.4886492009434,Ge,I,1,3,3,1,10,0,0,Propylammonium,3.799,2.0582,5.8572,1.9491,-4.3024,0.2066,0.2883,287.49,2.9657,2.525,3.4085,Propylammonium_Ge_I,0.8835000000000002
0346,8.38161058621,4.88704956812,8.39810350227,94.3294127776,115.985141252,72.1104367126,Propylammonium Germanium Iodide,18,"S.Kataoka et al., J. Am. Chem. Soc. 137, 4158 (2015)",293.5682723122964,Ge,I,1,3,3,1,10,0,0,Propylammonium,3.7124,2.8732,6.5855,1.9267,-4.3024,0.2065,0.2882,293.57,2.9043,2.6083,3.4616,Propylammonium_Ge_I,0.8533
0347,6.33211677663,6.37789069234,10.1680834803,59.1230234619,123.276937303,97.6212195611,Propylammonium Germanium Iodide,18,"S.Kataoka et al., J. Am. Chem. Soc. 137, 4158 (2015)",288.2335154359988,Ge,I,1,3,3,1,10,0,0,Propylammonium,4.1819,4.0594,8.2413,2.045,-4.3066,0.2024,0.2841,288.23,2.9581,1.849,2.5425,Propylammonium_Ge_I,0.6935
0348,8.04104558405,6.29016897828,6.75062364906,79.8378856539,105.960861385,105.623393479,Butylammonium Germanium Iodide,21,"H. Hu et al., Sci. Rep. 6, 33546 (2016)",314.2131234101198,Ge,I,1,3,4,1,12,0,0,Butylammonium,3.7934,2.7105,6.5039,1.9477,-4.4173,0.1262,0.1962,314.21,2.7876,2.0362,2.7668,Butylammonium_Ge_I,0.7305999999999999
0349,6.75127496886,6.27674024626,8.05338736909,74.4599224522,74.0133399097,79.8754322422,Butylammonium Germanium Iodide,21,"H. Hu et al., Sci. Rep. 6, 33546 (2016)",314.1560538351365,Ge,I,1,3,4,1,12,0,0,Butylammonium,3.7989,2.3385,6.1374,1.9491,-4.4174,0.1261,0.1961,314.16,2.7881,1.9921,2.76,Butylammonium_Ge_I,0.7678999999999998
0350,6.77382089278,7.44009656997,6.68034329117,79.0184776989,97.6987409875,109.895402026,Butylammonium Germanium Iodide,21,"H. Hu et al., Sci. Rep. 6, 33546 (2016)",309.91087136451887,Ge,I,1,3,4,1,12,0,0,Butylammonium,3.831,1.8745,5.7055,1.9573,-4.418,0.1254,0.1955,309.91,2.8263,2.0269,2.8819,Butylammonium_Ge_I,0.855
0351,7.2231830513,6.09151317299,7.83605168898,70.793063265,81.2831215449,90.1578533916,Butylammonium Germanium Iodide,21,"H. Hu et al., Sci. Rep. 6, 33546 (2016)",321.32262825894765,Ge,I,1,3,4,1,12,0,0,Butylammonium,3.4577,1.4154,4.8731,1.8595,-4.4146,0.1289,0.1989,321.32,2.726,2.3846,3.3232,Butylammonium_Ge_I,0.9386000000000001
0352,6.80055721845,6.51612484364,6.59024108904,81.0845592311,83.046829496,89.5775585951,Isopropylammonium Germanium Iodide,18,"C.C.Stoumpos et al., J. Am. Chem. Soc. 137, 6804 (2015)",286.36571195280504,Ge,I,1,3,3,1,10,0,0,Isopropylammonium,4.0721,2.9424,7.0145,2.0179,-4.3133,0.2016,0.2833,286.37,2.9773,1.8623,2.7174,Isopropylammonium_Ge_I,0.8551
0353,6.26106953518,6.75654910923,6.81898455207,89.0350250054,94.8261779208,80.7888265153,Isopropylammonium Germanium Iodide,18,"C.C.Stoumpos et al., J. Am. Chem. Soc. 137, 6804 (2015)",283.6009998177961,Ge,I,1,3,3,1,10,0,0,Isopropylammonium,4.1877,2.6856,6.8733,2.0464,-4.3171,0.1979,0.2796,283.6,3.0064,1.8944,2.6205,Isopropylammonium_Ge_I,0.7260999999999997
0354,6.78538685048,6.1027184345,7.04980188438,95.0802039884,93.9594645145,84.2738653304,Isopropylammonium Germanium Iodide,18,"C.C.Stoumpos et al., J. Am. Chem. Soc. 137, 6804 (2015)",288.79517835681617,Ge,I,1,3,3,1,10,0,0,Isopropylammonium,4.2256,3.9017,8.1273,2.0556,-4.3139,0.201,0.2827,288.8,2.9523,1.7006,2.452,Isopropylammonium_Ge_I,0.7514000000000001
0355,7.00865938122,6.13957987796,6.78754111838,96.0090123669,86.3324787966,95.8277149045,Isopropylammonium Germanium Iodide,18,"C.C.Stoumpos et al., J. Am. Chem. Soc. 137, 6804 (2015)",288.54319894264387,Ge,I,1,3,3,1,10,0,0,Isopropylammonium,4.2085,3.5394,7.7478,2.0515,-4.3139,0.2011,0.2828,288.54,2.9549,1.7387,2.4698,Isopropylammonium_Ge_I,0.7311000000000003
0356,8.07154892648,4.88140022781,7.9821264187,93.6281039205,99.0676042517,111.39088857,Isopropylammonium Germanium Iodide,18,"C.C.Stoumpos et al., J. Am. Chem. Soc. 137, 6804 (2015)",286.6703705804836,Ge,I,1,3,3,1,10,0,0,Isopropylammonium,3.8569,3.3171,7.174,1.9639,-4.3105,0.2045,0.2862,286.67,2.9742,2.4515,3.2689,Isopropylammonium_Ge_I,0.8174000000000001
0357,8.47673331392,4.79009051369,7.84525766774,109.212015648,79.6306935021,103.73910477,Isopropylammonium Germanium Iodide,18,"C.C.Stoumpos et al., J. Am. Chem. Soc. 137, 6804 (2015)",290.39697107854727,Ge,I,1,3,3,1,10,0,0,Isopropylammonium,3.8625,3.6947,7.5572,1.9653,-4.3075,0.2075,0.2892,290.4,2.936,2.5652,3.3882,Isopropylammonium_Ge_I,0.823
0358,9.08827598795,4.87793704967,8.07246164634,68.6362043396,70.5215845151,61.2478469306,Isopropylammonium Germanium Iodide,18,"C.C.Stoumpos et al., J. Am. Chem. Soc. 137, 6804 (2015)",286.64899880614,Ge,I,1,3,3,1,10,0,0,Isopropylammonium,3.8588,3.1511,7.0099,1.9644,-4.3105,0.2045,0.2862,286.65,2.9744,2.4439,3.2536,Isopropylammonium_Ge_I,0.8096999999999999
0359,7.96031337467,4.77295980831,8.38011368747,105.127911746,91.0440801691,108.620900182,Isopropylammonium Germanium Iodide,18,"C.C.Stoumpos et al., J. Am. Chem. Soc. 137, 6804 (2015)",289.47231866451995,Ge,I,1,3,3,1,10,0,0,Isopropylammonium,3.8864,3.8689,7.7553,1.9714,-4.307,0.208,0.2897,289.47,2.9454,2.5323,3.3473,Isopropylammonium_Ge_I,0.815
0360,8.00847027506,4.53500123154,8.21499226739,76.5784866446,77.8920404967,90.3682225942,Isopropylammonium Germanium Iodide,18,"C.C.Stoumpos et al., J. Am. Chem. Soc. 137, 6804 (2015)",283.27434564541414,Ge,I,1,3,3,1,10,0,0,Isopropylammonium,4.0375,6.1389,10.1764,2.0094,-4.3078,0.2071,0.2888,283.27,3.0099,2.4853,3.2745,Isopropylammonium_Ge_I,0.7892000000000001
0361,7.25689731083,4.5336199749,8.69997458276,88.7154433182,83.7669129892,98.4671042157,Isopropylammonium Germanium Iodide,18,"C.C.Stoumpos et al., J. Am. Chem. Soc. 137, 6804 (2015)",281.22117488349204,Ge,I,1,3,3,1,10,0,0,Isopropylammonium,4.0123,4.9499,8.9622,2.0031,-4.3042,0.2107,0.2924,281.22,3.0318,2.5242,3.3973,Isopropylammonium_Ge_I,0.8731
0362,6.56283044321,6.45221272942,6.42350701199,81.9348379284,100.410561382,97.1530059221,Dimethylammonium Germanium Iodide,15,"B.Saparov et al., Chem. Rev. 116, 4558 (2016)",263.50128337265545,Ge,I,1,3,2,1,8,0,0,Dimethylammonium,4.4347,3.4998,7.9345,2.1059,-4.1435,0.295,0.393,263.5,3.1473,1.8904,2.5481,Dimethylammonium_Ge_I,0.6576999999999997
0363,6.49205070099,6.5209834677,6.45325411032,82.1403221569,100.256437238,98.6467313515,Dimethylammonium Germanium Iodide,15,"B.Saparov et al., Chem. Rev. 116, 4558 (2016)",264.07088741379283,Ge,I,1,3,2,1,8,0,0,Dimethylammonium,4.4403,2.9797,7.42,2.1072,-4.1427,0.2958,0.3938,264.07,3.1405,1.8975,2.556,Dimethylammonium_Ge_I,0.6585000000000001
0364,6.52802452135,6.48986719712,6.43439734786,80.5785591646,99.8950301661,97.2805406667,Dimethylammonium Germanium Iodide,15,"B.Saparov et al., Chem. Rev. 116, 4558 (2016)",263.5552528335885,Ge,I,1,3,2,1,8,0,0,Dimethylammonium,4.419,2.7659,7.1849,2.1021,-4.1442,0.2943,0.3924,263.56,3.1466,1.9249,2.5746,Dimethylammonium_Ge_I,0.6497000000000002
0365,6.57161827748,6.43263553456,6.36952859853,88.2723719426,84.9347007567,79.0850677846,Dimethylammonium Germanium Iodide,15,"B.Saparov et al., Chem. Rev. 116, 4558 (2016)",263.329597268976,Ge,I,1,3,2,1,8,0,0,Dimethylammonium,4.5957,4.8727,9.4684,2.1438,-4.1391,0.2994,0.3975,263.33,3.1494,1.483,2.2182,Dimethylammonium_Ge_I,0.7351999999999999
0366,6.43209494227,4.49025576678,9.19993680056,89.6287386377,80.8420767534,88.1329807939,Dimethylammonium Germanium Iodide,15,"B.Saparov et al., Chem. Rev. 116, 4558 (2016)",262.1839042662044,Ge,I,1,3,2,1,8,0,0,Dimethylammonium,4.3583,43.8022,48.1605,2.0876,-4.1305,0.308,0.406,262.18,3.1632,2.2338,3.1367,Dimethylammonium_Ge_I,0.9028999999999998
0367,6.56592719782,4.49238352175,8.88348784914,91.5713143297,82.9855102093,97.6548610353,Dimethylammonium Germanium Iodide,15,"B.Saparov et al., Chem. Rev. 116, 4558 (2016)",257.7377922058144,Ge,I,1,3,2,1,8,0,0,Dimethylammonium,4.3842,40.8706,45.2548,2.0938,-4.1322,0.3063,0.4043,257.74,3.2177,2.3156,3.1862,Dimethylammonium_Ge_I,0.8706
0368,8.25931128394,4.602523242,7.55692191904,106.297966539,96.5746159166,100.873501778,Dimethylammonium Germanium Iodide,15,"B.Saparov et al., Chem. Rev. 116, 4558 (2016)",266.46606289698195,Ge,I,1,3,2,1,8,0,0,Dimethylammonium,4.045,4.5841,8.6291,2.0112,-4.1303,0.3082,0.4062,266.47,3.1122,2.5229,3.3362,Dimethylammonium_Ge_I,0.8132999999999999
0369,6.77716133676,4.69303890915,8.28663286657,78.1787545828,86.2155105115,82.1793620471,Dimethylammonium Germanium Iodide,15,"B.Saparov et al., Chem. Rev. 116, 4558 (2016)",255.37357606359143,Ge,I,1,3,2,1,8,0,0,Dimethylammonium,4.3295,4.8894,9.219,2.0808,-4.1353,0.3032,0.4013,255.37,3.2475,2.3946,3.2144,Dimethylammonium_Ge_I,0.8197999999999999
0370,6.49888292528,6.55084549231,6.53335421663,90.8270531113,99.8636787356,80.9164856874,Acetamidinium Germanium Iodide,15,"C.C.Stoumpos et al., J. Am. Chem. Soc. 137, 6804 (2015)",270.5748150884178,Ge,I,1,3,2,2,7,0,0,Acetamidinium,4.4093,3.0229,7.4322,2.0998,-4.4479,0.4167,0.5147,270.57,3.1449,1.7835,2.4406,Acetamidinium_Ge_I,0.6570999999999998
0371,6.51063221582,6.55059261319,6.55897955037,89.0915260146,99.7589972072,99.7091691584,Acetamidinium Germanium Iodide,15,"C.C.Stoumpos et al., J. Am. Chem. Soc. 137, 6804 (2015)",271.71069738762657,Ge,I,1,3,2,2,7,0,0,Acetamidinium,4.3774,2.8466,7.2239,2.0922,-4.4481,0.4165,0.5145,271.71,3.1317,1.8069,2.4667,Acetamidinium_Ge_I,0.6597999999999999
0372,6.49412569905,6.60178126068,6.36949626344,85.5658685047,99.3465037779,89.465812849,Acetamidinium Germanium Iodide,15,"C.C.Stoumpos et al., J. Am. Chem. Soc. 137, 6804 (2015)",268.57984530310085,Ge,I,1,3,2,2,7,0,0,Acetamidinium,4.5357,3.9949,8.5306,2.1297,-4.4455,0.4191,0.5171,268.58,3.1682,1.6986,2.3129,Acetamidinium_Ge_I,0.6142999999999998
0373,6.86516607902,4.42488684465,8.71651614621,90.0315741736,96.2272341711,102.608427492,Acetamidinium Germanium Iodide,15,"C.C.Stoumpos et al., J. Am. Chem. Soc. 137, 6804 (2015)",256.79645426134795,Ge,I,1,3,2,2,7,0,0,Acetamidinium,4.3938,5.4104,9.8042,2.0961,-4.4474,0.4172,0.5152,256.8,3.3135,2.3485,3.1363,Acetamidinium_Ge_I,0.7877999999999998
0374,6.83023326324,4.36485389722,9.4190248619,107.384790209,77.2504507014,91.4996328909,Acetamidinium Germanium Iodide,15,"C.C.Stoumpos et al., J. Am. Chem. Soc. 137, 6804 (2015)",261.13563919067354,Ge,I,1,3,2,2,7,0,0,Acetamidinium,4.4175,15.4179,19.8354,2.1018,-4.4417,0.4228,0.5209,261.14,3.2584,2.3658,3.1684,Acetamidinium_Ge_I,0.8026
0375,8.45580084348,4.43583200083,7.19921939263,90.2347037523,87.6842169591,79.9377601049,Acetamidinium Germanium Iodide,15,"C.C.Stoumpos et al., J. Am. Chem. Soc. 137, 6804 (2015)",265.6442966424623,Ge,I,1,3,2,2,7,0,0,Acetamidinium,4.1995,3.9113,8.1108,2.0493,-4.4378,0.4268,0.5249,265.64,3.2032,2.5882,3.382,Acetamidinium_Ge_I,0.7938000000000001
0376,6.33850520346,6.16034644418,6.19938360535,91.0597515122,94.8239259272,88.0846309123,Methylammonium Germanium Iodide,12,"T.D.Huan et al., Phys. Rev. B 93,094105(2016)",241.0476170796799,Ge,I,1,3,1,1,6,0,0,Methylammonium,5.3314,6.8292,12.1606,2.309,-3.9161,0.4647,0.5873,241.05,3.3438,1.4025,1.9695,Methylammonium_Ge_I,0.567
0377,6.20049051649,6.18569819007,6.34684868246,85.702742929,84.5178283023,89.4938035287,Methylammonium Germanium Iodide,12,"T.D.Huan et al., Phys. Rev. B 93,094105(2016)",241.6343240627562,Ge,I,1,3,1,1,6,0,0,Methylammonium,5.2779,6.9622,12.2401,2.2974,-3.9159,0.4649,0.5874,241.63,3.3358,1.5001,2.0292,Methylammonium_Ge_I,0.5290999999999999
0378,6.64939155295,4.47594078679,8.26105543295,102.055048914,79.105130723,93.3154990723,Methylammonium Germanium Iodide,12,"T.D.Huan et al., Phys. Rev. B 93,094105(2016)",236.06880448761544,Ge,I,1,3,1,1,6,0,0,Methylammonium,4.8418,86.4196,91.2614,2.2004,-3.9064,0.4744,0.5969,236.07,3.4144,2.1543,2.9739,Methylammonium_Ge_I,0.8195999999999999
0379,6.92577875336,4.51513903493,8.38332254606,106.176918587,84.5570713808,75.1478200589,Methylammonium Germanium Iodide,12,"T.D.Huan et al., Phys. Rev. B 93,094105(2016)",239.4270323780014,Ge,I,1,3,1,1,6,0,0,Methylammonium,4.609,53.6133,58.2223,2.1469,-3.9043,0.4765,0.5991,239.43,3.3664,2.2395,3.0054,Methylammonium_Ge_I,0.7658999999999998
0380,8.48310752633,4.42952342676,6.27596201822,86.7451864142,94.1483853225,90.3283282458,Methylammonium Germanium Iodide,12,"T.D.Huan et al., Phys. Rev. B 93,094105(2016)",234.82874476025225,Ge,I,1,3,1,1,6,0,0,Methylammonium,4.9379,16.2524,21.1903,2.2221,-3.9057,0.4751,0.5977,234.83,3.4324,2.1287,2.8031,Methylammonium_Ge_I,0.6744000000000003
0381,8.33319155876,4.64153623906,7.7536167513,55.2271053677,102.127144357,107.517774093,Methylammonium Germanium Iodide,12,"T.D.Huan et al., Phys. Rev. B 93,094105(2016)",234.6369616039017,Ge,I,1,3,1,1,6,0,0,Methylammonium,4.94,10.2076,15.1477,2.2226,-3.906,0.4748,0.5974,234.64,3.4352,2.1252,2.8859,Methylammonium_Ge_I,0.7606999999999999
0382,6.4065163412,6.44643462889,6.41628838795,96.8018940041,95.7677601924,95.3125862711,Guanidinium Germanium Iodide,14,"B.Saparov et al., Chem. Rev. 116, 4558 (2016)",260.3219125984065,Ge,I,1,3,1,3,6,0,0,Guanidinium,4.7136,4.4988,9.2124,2.1711,-4.469,0.6319,0.737,260.32,3.275,1.6035,2.2305,Guanidinium_Ge_I,0.6270000000000002
0383,6.23427004759,6.32379116981,6.56807892794,87.9738602306,93.0634816566,83.2485522845,Guanidinium Germanium Iodide,14,"B.Saparov et al., Chem. Rev. 116, 4558 (2016)",256.5518305758132,Ge,I,1,3,1,3,6,0,0,Guanidinium,4.8769,5.3151,10.192,2.2084,-4.4702,0.6308,0.7358,256.55,3.3231,1.6601,2.2749,Guanidinium_Ge_I,0.6148000000000002
0384,9.62625856783,4.35527552149,6.76654859956,75.7025737281,97.1468211077,116.914496051,Guanidinium Germanium Iodide,14,"B.Saparov et al., Chem. Rev. 116, 4558 (2016)",245.0983004265252,Ge,I,1,3,1,3,6,0,0,Guanidinium,4.7264,29.6898,34.4163,2.174,-4.4736,0.6274,0.7324,245.1,3.4784,2.1207,2.846,Guanidinium_Ge_I,0.7253000000000003
0385,6.06405608853,6.23049846001,6.10631621535,97.6208095149,87.1669147228,93.3217346918,Hydroxylammonium Germanium Iodide,10,"G.Kieslich et al., Chem. Sci. 6, 3430 (2015)",228.08423805788175,Ge,I,1,3,0,1,4,0,1,Hydroxylammonium,5.5546,7.6061,13.1607,2.3568,-3.573,0.7466,0.8937,228.08,3.5483,1.6032,2.1098,Hydroxylammonium_Ge_I,0.5065999999999999
0386,6.28171649196,4.4551843076,7.90631447564,105.716342162,88.1256835497,91.4198827817,Hydroxylammonium Germanium Iodide,10,"G.Kieslich et al., Chem. Sci. 6, 3430 (2015)",212.85243433215732,Ge,I,1,3,0,1,4,0,1,Hydroxylammonium,5.6608,26.4911,32.1519,2.3792,-3.5893,0.7303,0.8773,212.85,3.8022,1.8764,2.554,Hydroxylammonium_Ge_I,0.6775999999999998
0387,7.92521904016,4.48419276064,6.28376378528,88.5373887754,92.5914370126,73.1641600527,Hydroxylammonium Germanium Iodide,10,"G.Kieslich et al., Chem. Sci. 6, 3430 (2015)",213.34932985189693,Ge,I,1,3,0,1,4,0,1,Hydroxylammonium,5.6263,13.8687,19.495,2.372,-3.5883,0.7313,0.8784,213.35,3.7933,1.9051,2.5588,Hydroxylammonium_Ge_I,0.6537000000000002
0388,6.21461476567,4.4103505067,8.02638146664,105.327974336,87.1217339046,92.9712778361,Hydroxylammonium Germanium Iodide,10,"G.Kieslich et al., Chem. Sci. 6, 3430 (2015)",211.72912688332696,Ge,I,1,3,0,1,4,0,1,Hydroxylammonium,5.7211,27.0321,32.7532,2.3919,-3.5855,0.7341,0.8811,211.73,3.8223,1.7903,2.4747,Hydroxylammonium_Ge_I,0.6843999999999999
0389,7.98995146573,4.4115896854,6.50332995018,88.8391270417,78.401279251,75.5454267246,Hydroxylammonium Germanium Iodide,10,"G.Kieslich et al., Chem. Sci. 6, 3430 (2015)",217.33470907071413,Ge,I,1,3,0,1,4,0,1,Hydroxylammonium,5.3577,18.2597,23.6174,2.3147,-3.5779,0.7416,0.8887,217.33,3.7238,2.1746,2.9109,Hydroxylammonium_Ge_I,0.7363
0390,6.61368725222,4.44459044841,7.94255090139,104.581730344,102.106633521,80.4710480967,Hydroxylammonium Germanium Iodide,10,"G.Kieslich et al., Chem. Sci. 6, 3430 (2015)",219.35293768239288,Ge,I,1,3,0,1,4,0,1,Hydroxylammonium,5.0428,10.4561,15.499,2.2456,-3.5805,0.739,0.8861,219.35,3.6895,2.2754,3.0182,Hydroxylammonium_Ge_I,0.7428000000000003
0391,8.09034884478,4.4079949186,6.29498273453,88.834118075,92.4997258399,73.7410832988,Hydroxylammonium Germanium Iodide,10,"G.Kieslich et al., Chem. Sci. 6, 3430 (2015)",215.18555565552504,Ge,I,1,3,0,1,4,0,1,Hydroxylammonium,5.541,19.2696,24.8106,2.3539,-3.5796,0.7399,0.887,215.19,3.7609,2.0933,2.9181,Hydroxylammonium_Ge_I,0.8247999999999998
0392,6.30273828678,6.34570062288,6.24380397407,82.3369345777,85.8016424002,87.0200302285,Formamidinium Germanium Iodide,12,"T.D.Huan et al., Phys. Rev. B 93,094105(2016)",246.60311223365247,Ge,I,1,3,1,2,5,0,0,Formamidinium,5.1645,6.5949,11.7594,2.2725,-4.261,0.2123,0.3349,246.6,3.3561,1.419,1.9667,Formamidinium_Ge_I,0.5476999999999999
0393,6.8802546302,6.04120798322,6.04260166356,93.4022586406,89.5676735276,90.5434832646,Formamidinium Germanium Iodide,12,"T.D.Huan et al., Phys. Rev. B 93,094105(2016)",250.7009482351944,Ge,I,1,3,1,2,5,0,0,Formamidinium,5.1897,9.454,14.6436,2.2781,-4.2539,0.2194,0.3419,250.7,3.3012,1.4596,2.0329,Formamidinium_Ge_I,0.5733000000000001
0394,6.24784837329,6.44567283708,6.43789902934,99.6636652587,95.844460745,79.067012865,Formamidinium Germanium Iodide,12,"T.D.Huan et al., Phys. Rev. B 93,094105(2016)",250.28957568898284,Ge,I,1,3,1,2,5,0,0,Formamidinium,4.1864,2.2122,6.3986,2.0461,-4.1321,0.3412,0.4638,250.29,3.3066,2.5397,3.4302,Formamidinium_Ge_I,0.8905000000000003
0395,6.79657754049,6.74930275515,6.63215201333,89.692162316,91.521098304,89.6003696623,Tetramethylammonium Germanium Iodide,21,"B.Saparov et al., Chem. Rev. 116, 4558 (2016)",304.1118312259838,Ge,I,1,3,4,1,12,0,0,Tetramethylammonium,3.9553,1.9168,5.8721,1.9888,-4.3961,0.1403,0.1941,304.11,2.8802,1.9256,2.6172,Tetramethylammonium_Ge_I,0.6916
0396,7.36330642686,5.16401349661,8.35199925032,90.3299265671,90.6474143112,85.8988662675,Tetramethylammonium Germanium Iodide,21,"B.Saparov et al., Chem. Rev. 116, 4558 (2016)",316.7408807927559,Ge,I,1,3,4,1,12,0,0,Tetramethylammonium,3.5734,1.8382,5.4116,1.8903,-4.3882,0.1482,0.202,316.74,2.7654,2.5242,3.3798,Tetramethylammonium_Ge_I,0.8555999999999999
0397,6.23717508738,6.07474862519,6.19787309911,89.1125976692,84.2878963041,88.4710864547,Hydrazinium Germanium Iodide,11,"B.Saparov et al., Chem. Rev. 116, 4558 (2016)",233.5642191712389,Ge,I,1,3,0,2,5,0,0,Hydrazinium,5.6271,9.8766,15.5037,2.3722,-3.774,0.7594,0.8931,233.56,3.4581,1.3701,1.8829,Hydrazinium_Ge_I,0.5127999999999999
0398,4.28216974695,6.52967557064,8.29517575006,96.1571695663,107.980531938,88.0857626725,Hydrazinium Germanium Iodide,11,"B.Saparov et al., Chem. Rev. 116, 4558 (2016)",219.342496186764,Ge,I,1,3,0,2,5,0,0,Hydrazinium,5.3639,19.7291,25.0929,2.316,-3.789,0.7444,0.8781,219.34,3.6823,1.8221,2.5166,Hydrazinium_Ge_I,0.6944999999999999
0399,8.41407148941,6.0850439732,6.13637269636,89.698934748,47.9736830846,93.3767597443,Hydrazinium Germanium Iodide,11,"B.Saparov et al., Chem. Rev. 116, 4558 (2016)",232.5576965040592,Ge,I,1,3,0,2,5,0,0,Hydrazinium,5.7439,11.3028,17.0467,2.3966,-3.7734,0.76,0.8937,232.56,3.4729,1.4705,1.9235,Hydrazinium_Ge_I,0.45300000000000007
0400,4.25270846335,6.65475920178,8.30455407831,83.9300389183,105.74096209,103.951945589,Hydrazinium Germanium Iodide,11,"B.Saparov et al., Chem. Rev. 116, 4558 (2016)",219.33285110317647,Ge,I,1,3,0,2,5,0,0,Hydrazinium,5.2046,14.8907,20.0952,2.2814,-3.7877,0.7456,0.8794,219.33,3.6824,1.9893,2.732,Hydrazinium_Ge_I,0.7427000000000001
0401,8.13443326358,6.68392519905,4.42767183045,102.004876581,76.1688750033,101.618176833,Hydrazinium Germanium Iodide,11,"B.Saparov et al., Chem. Rev. 116, 4558 (2016)",225.70598850620212,Ge,I,1,3,0,2,5,0,0,Hydrazinium,4.9557,19.0582,24.0139,2.2261,-3.7731,0.7602,0.8939,225.71,3.5783,2.2479,3.1144,Hydrazinium_Ge_I,0.8664999999999998
0402,8.00286856779,6.5341665421,4.50832488906,87.9615617616,74.0873819359,88.5736139863,Hydrazinium Germanium Iodide,11,"B.Saparov et al., Chem. Rev. 116, 4558 (2016)",226.54438042807143,Ge,I,1,3,0,2,5,0,0,Hydrazinium,4.9527,11.9487,16.9014,2.2255,-3.7728,0.7605,0.8943,226.54,3.5652,2.2632,3.2116,Hydrazinium_Ge_I,0.9483999999999999
0403,8.44627475041,4.25657171824,6.29832268105,90.8490479877,89.5540958184,74.116420861,Hydrazinium Germanium Iodide,11,"B.Saparov et al., Chem. Rev. 116, 4558 (2016)",217.752517241606,Ge,I,1,3,0,2,5,0,0,Hydrazinium,5.4069,18.0409,23.4477,2.3253,-3.792,0.7413,0.875,217.75,3.7091,1.9327,2.7214,Hydrazinium_Ge_I,0.7887
0404,8.14686883531,4.28235927996,6.51347097278,89.6851982296,94.8428616594,76.373731152,Hydrazinium Germanium Iodide,11,"B.Saparov et al., Chem. Rev. 116, 4558 (2016)",219.98064277873945,Ge,I,1,3,0,2,5,0,0,Hydrazinium,5.3096,32.6614,37.971,2.3043,-3.7872,0.7461,0.8798,219.98,3.6715,1.9062,2.5878,Hydrazinium_Ge_I,0.6816000000000002
0405,8.10075985322,6.55868346406,4.64926816308,91.3592912651,105.672661702,71.4029104443,Hydrazinium Germanium Iodide,11,"B.Saparov et al., Chem. Rev. 116, 4558 (2016)",224.88652969185205,Ge,I,1,3,0,2,5,0,0,Hydrazinium,4.9204,8.4055,13.3258,2.2182,-3.7715,0.7619,0.8956,224.89,3.5914,2.3492,3.2754,Hydrazinium_Ge_I,0.9261999999999997
0406,8.41508297605,4.23999142885,6.25043958556,90.712458766,90.7421526073,76.8071828189,Hydrazinium Germanium Iodide,11,"B.Saparov et al., Chem. Rev. 116, 4558 (2016)",217.10051081806375,Ge,I,1,3,0,2,5,0,0,Hydrazinium,5.446,16.3364,21.7823,2.3337,-3.7925,0.7409,0.8746,217.1,3.7203,1.8769,2.6793,Hydrazinium_Ge_I,0.8024
0407,6.53506228387,4.30286230017,8.13945645255,103.774167118,85.7741376044,85.0297279544,Hydrazinium Germanium Iodide,11,"B.Saparov et al., Chem. Rev. 116, 4558 (2016)",220.40462150399165,Ge,I,1,3,0,2,5,0,0,Hydrazinium,5.2698,14.0269,19.2967,2.2956,-3.7903,0.743,0.8767,220.4,3.6645,1.9006,2.6347,Hydrazinium_Ge_I,0.7341
0408,7.85998395979,7.01525006397,4.53063502125,73.1895697889,106.04307412,112.924194146,Ammonium Germanium Iodide,9,"T.D.Huan et al., Phys. Rev. B 93,094105(2016)",216.4250091562585,Ge,I,1,3,0,1,4,0,0,Ammonium,4.8363,22.7313,27.5676,2.1991,-3.5252,0.7764,0.9398,216.43,3.6166,2.2958,3.067,Ammonium_Ge_I,0.7712000000000003
0409,6.24090532492,6.23888305638,6.25475483707,82.7040935116,82.7350139598,82.9223527274,Ammonium Germanium Iodide,9,"T.D.Huan et al., Phys. Rev. B 93,094105(2016)",238.2005524273775,Ge,I,1,3,0,1,4,0,0,Ammonium,4.7824,4.972,9.7544,2.1869,-3.5189,0.7827,0.9461,238.2,3.286,1.9956,2.5905,Ammonium_Ge_I,0.5949
0410,4.57314641981,7.11226624163,7.78394185547,67.2191900449,72.771089281,71.326024411,Ammonium Germanium Iodide,9,"T.D.Huan et al., Phys. Rev. B 93,094105(2016)",216.79722452358004,Ge,I,1,3,0,1,4,0,0,Ammonium,4.7926,10.6,15.3927,2.1892,-3.5262,0.7754,0.9388,216.8,3.6104,2.3264,3.087,Ammonium_Ge_I,0.7606000000000002
0411,6.38015582484,6.55293336817,6.91102357842,89.9621983421,90.0665942004,99.5861441946,Trimethylammonium Germanium Iodide,18,"A. Mancini et al., J. Solid State Chem. 240, 55 (2016)",284.9062592344916,Ge,I,1,3,3,1,10,0,0,Trimethylammonium,4.1562,2.3332,6.4895,2.0387,-4.2928,0.1887,0.2704,284.91,2.9926,1.8251,2.5376,Trimethylammonium_Ge_I,0.7124999999999999
0412,6.46766802464,6.53518466083,6.85386885466,93.0931601845,87.56768264,81.8599259435,Trimethylammonium Germanium Iodide,18,"A. Mancini et al., J. Solid State Chem. 240, 55 (2016)",285.9909911707215,Ge,I,1,3,3,1,10,0,0,Trimethylammonium,4.1305,2.1182,6.2487,2.0324,-4.2923,0.1891,0.2708,285.99,2.9813,1.8145,2.5369,Trimethylammonium_Ge_I,0.7224000000000002
0413,6.64012136598,6.68067458325,6.79764853349,78.0074591306,87.0185831654,92.6130321114,Trimethylammonium Germanium Iodide,18,"A. Mancini et al., J. Solid State Chem. 240, 55 (2016)",294.07506860686607,Ge,I,1,3,3,1,10,0,0,Trimethylammonium,3.8441,1.9089,5.753,1.9606,-4.2872,0.1943,0.276,294.08,2.8993,1.9304,2.8261,Trimethylammonium_Ge_I,0.8956999999999999
0414,6.68843313627,6.73326722292,6.69547014975,96.0062156008,97.8404708204,95.881505313,Trimethylammonium Germanium Iodide,18,"A. Mancini et al., J. Solid State Chem. 240, 55 (2016)",294.9789282215293,Ge,I,1,3,3,1,10,0,0,Trimethylammonium,3.9984,2.3578,6.3561,1.9996,-4.2814,0.2001,0.2818,294.98,2.8904,1.674,2.5572,Trimethylammonium_Ge_I,0.8832
0415,4.95348354572,8.15167015822,7.71182278272,104.290185284,75.2386613831,89.2510423144,Trimethylammonium Germanium Iodide,18,"A. Mancini et al., J. Solid State Chem. 240, 55 (2016)",290.8418916014353,Ge,I,1,3,3,1,10,0,0,Trimethylammonium,3.8191,1.9061,5.7252,1.9543,-4.2801,0.2014,0.2831,290.84,2.9316,2.3566,3.1919,Trimethylammonium_Ge_I,0.8353000000000002
0416,9.11038006124,4.99636040074,6.41445227092,95.8263701929,96.3840620114,93.0659974119,Trimethylammonium Germanium Iodide,18,"A. Mancini et al., J. Solid State Chem. 240, 55 (2016)",288.0480282379612,Ge,I,1,3,3,1,10,0,0,Trimethylammonium,3.9792,2.6787,6.6579,1.9948,-4.281,0.2004,0.2822,288.05,2.9599,2.3628,3.2782,Trimethylammonium_Ge_I,0.9154
0417,6.61013480281,5.00827176021,8.90492316375,91.9007213288,83.4601782638,82.1495322114,Trimethylammonium Germanium Iodide,18,"A. Mancini et al., J. Solid State Chem. 240, 55 (2016)",289.78162736299424,Ge,I,1,3,3,1,10,0,0,Trimethylammonium,3.862,2.1722,6.0342,1.9652,-4.282,0.1994,0.2811,289.78,2.9423,2.4564,3.358,Trimethylammonium_Ge_I,0.9016000000000002
0418,6.42578728951,4.79140325666,9.37344361443,93.5704179544,83.4079822356,85.5731700424,Trimethylammonium Germanium Iodide,18,"A. Mancini et al., J. Solid State Chem. 240, 55 (2016)",285.0931872616335,Ge,I,1,3,3,1,10,0,0,Trimethylammonium,4.1007,4.1956,8.2963,2.025,-4.2795,0.2019,0.2837,285.09,2.9907,2.2592,3.1878,Trimethylammonium_Ge_I,0.9286000000000003
0419,7.05822661273,4.89813882651,8.47735821903,89.8945375521,95.7090240102,75.7865477625,Trimethylammonium Germanium Iodide,18,"A. Mancini et al., J. Solid State Chem. 240, 55 (2016)",282.59480438201393,Ge,I,1,3,3,1,10,0,0,Trimethylammonium,3.9185,2.7527,6.6711,1.9795,-4.2826,0.1989,0.2806,282.59,3.0171,2.5428,3.3901,Trimethylammonium_Ge_I,0.8472999999999997
0420,6.68965710817,6.32993974277,6.34122293332,90.8008542267,86.5218409258,89.0424238048,Azetidinium Germanium Iodide,16,"B. Zhou et al., Angew. Chem. Int. Ed. 50, 11441 (2011)",267.95760701973006,Ge,I,1,3,3,1,8,0,0,Azetidinium,4.6998,4.3133,9.013,2.1679,-4.3352,0.2526,0.3445,267.96,3.1694,1.6271,2.2339,Azetidinium_Ge_I,0.6068000000000002
0421,6.39138849857,6.36248087659,6.55482715132,95.1856586974,83.3384655828,91.6499307212,Azetidinium Germanium Iodide,16,"B. Zhou et al., Angew. Chem. Int. Ed. 50, 11441 (2011)",263.6242702670797,Ge,I,1,3,3,1,8,0,0,Azetidinium,4.7308,3.5024,8.2332,2.175,-4.336,0.2518,0.3437,263.62,3.2215,1.6936,2.3201,Azetidinium_Ge_I,0.6265000000000001
0422,6.46503910236,6.54172879784,6.29804677897,90.6261722747,91.1289922317,100.262971417,Azetidinium Germanium Iodide,16,"B. Zhou et al., Angew. Chem. Int. Ed. 50, 11441 (2011)",262.0195796598419,Ge,I,1,3,3,1,8,0,0,Azetidinium,4.7915,4.7816,9.5731,2.1889,-4.333,0.2548,0.3468,262.02,3.2412,1.6731,2.2789,Azetidinium_Ge_I,0.6058000000000001
0423,6.4594869678,6.37390778998,6.48733537991,86.6285277206,83.4705372024,93.3021645343,Azetidinium Germanium Iodide,16,"B. Zhou et al., Angew. Chem. Int. Ed. 50, 11441 (2011)",264.34876821719075,Ge,I,1,3,3,1,8,0,0,Azetidinium,4.7611,4.9002,9.6612,2.182,-4.3326,0.2552,0.3472,264.35,3.2127,1.4519,2.0923,Azetidinium_Ge_I,0.6403999999999999
0424,8.79557136477,6.58409767277,4.73171991136,89.5397270784,84.0685307761,89.3159424136,Azetidinium Germanium Iodide,16,"B. Zhou et al., Angew. Chem. Int. Ed. 50, 11441 (2011)",272.52533365335887,Ge,I,1,3,3,1,8,0,0,Azetidinium,4.2567,5.3212,9.5778,2.0632,-4.3246,0.2632,0.3552,272.53,3.1162,2.0942,3.0503,Azetidinium_Ge_I,0.9561000000000002
0425,8.81177541904,6.42769517761,4.76801149695,94.1957501166,85.0621188222,86.1061775581,Azetidinium Germanium Iodide,16,"B. Zhou et al., Angew. Chem. Int. Ed. 50, 11441 (2011)",267.5846100013432,Ge,I,1,3,3,1,8,0,0,Azetidinium,4.3309,3.8825,8.2134,2.0811,-4.3258,0.262,0.3539,267.58,3.1739,2.1384,3.0613,Azetidinium_Ge_I,0.9229000000000003
0426,8.79351777728,6.4200207062,4.75767745587,91.1553809306,97.0390845136,84.8867552849,Azetidinium Germanium Iodide,16,"B. Zhou et al., Angew. Chem. Int. Ed. 50, 11441 (2011)",265.49576212032355,Ge,I,1,3,3,1,8,0,0,Azetidinium,4.4337,7.2585,11.6922,2.1056,-4.3248,0.263,0.3549,265.5,3.1987,2.0905,2.9814,Azetidinium_Ge_I,0.8908999999999998
0427,6.29059017104,4.48467908851,9.36280513531,88.5359277081,93.1307781675,95.3871262514,Azetidinium Germanium Iodide,16,"B. Zhou et al., Angew. Chem. Int. Ed. 50, 11441 (2011)",262.5221256628406,Ge,I,1,3,3,1,8,0,0,Azetidinium,4.5998,10.7509,15.3507,2.1447,-4.3184,0.2694,0.3613,262.52,3.235,2.2614,3.1088,Azetidinium_Ge_I,0.8473999999999999
0428,8.95275172475,4.56418758377,7.12197358374,70.5803994475,89.9267367297,98.8365062464,Azetidinium Germanium Iodide,16,"B. Zhou et al., Angew. Chem. Int. Ed. 50, 11441 (2011)",270.7760552206291,Ge,I,1,3,3,1,8,0,0,Azetidinium,4.1641,5.0654,9.2296,2.0406,-4.3204,0.2674,0.3594,270.78,3.1364,2.5236,3.3466,Azetidinium_Ge_I,0.823
0429,6.77861112523,4.54431821799,9.22975693268,104.314546055,89.3041319247,101.162271043,Azetidinium Germanium Iodide,16,"B. Zhou et al., Angew. Chem. Int. Ed. 50, 11441 (2011)",270.08553226812245,Ge,I,1,3,3,1,8,0,0,Azetidinium,4.2978,50.3634,54.6612,2.0731,-4.3187,0.2691,0.361,270.09,3.1444,2.3894,3.211,Azetidinium_Ge_I,0.8215999999999997
0430,8.8682076001,4.78391779067,6.75401667704,75.3123465856,88.7540325324,99.7291948887,Azetidinium Germanium Iodide,16,"B. Zhou et al., Angew. Chem. Int. Ed. 50, 11441 (2011)",272.560152542571,Ge,I,1,3,3,1,8,0,0,Azetidinium,4.0878,3.5184,7.6062,2.0218,-4.3203,0.2675,0.3595,272.56,3.1159,2.4647,3.3119,Azetidinium_Ge_I,0.8472
0431,6.23849039484,4.44767578506,9.44505604751,87.7722364575,88.6501984189,86.1671179046,Azetidinium Germanium Iodide,16,"B. Zhou et al., Angew. Chem. Int. Ed. 50, 11441 (2011)",261.2283738959197,Ge,I,1,3,3,1,8,0,0,Azetidinium,4.6202,10.7637,15.3839,2.1495,-4.3171,0.2707,0.3626,261.23,3.251,2.2167,2.9751,Azetidinium_Ge_I,0.7584
0432,4.66649505605,6.33224334763,9.01665474494,94.4569735561,90.4172530383,96.5256994113,Azetidinium Germanium Iodide,16,"B. Zhou et al., Angew. Chem. Int. Ed. 50, 11441 (2011)",263.87491294170275,Ge,I,1,3,3,1,8,0,0,Azetidinium,4.4179,4.9179,9.3358,2.1019,-4.3201,0.2677,0.3596,263.87,3.2185,2.267,3.0923,Azetidinium_Ge_I,0.8252999999999999
0433,8.26741458433,6.90569607746,4.75101435815,87.8699120723,87.5260873189,84.7781455904,Azetidinium Germanium Iodide,16,"B. Zhou et al., Angew. Chem. Int. Ed. 50, 11441 (2011)",269.71795932129675,Ge,I,1,3,3,1,8,0,0,Azetidinium,4.1566,3.6025,7.7591,2.0388,-4.3195,0.2683,0.3602,269.72,3.1487,2.4004,3.196,Azetidinium_Ge_I,0.7956000000000003
0434,8.47261458329,6.76870997446,4.77301332571,86.9155980738,90.1069443068,81.0171607175,Azetidinium Germanium Iodide,16,"B. Zhou et al., Angew. Chem. Int. Ed. 50, 11441 (2011)",269.9624638869206,Ge,I,1,3,3,1,8,0,0,Azetidinium,4.1375,3.8807,8.0181,2.0341,-4.3154,0.2724,0.3643,269.96,3.1459,2.3194,3.2068,Azetidinium_Ge_I,0.8874
0435,6.28354950808,7.0996186126,6.29692692135,88.5099412486,80.9351172334,89.5368150264,Imidazolium Germanium Iodide,14,"B.Saparov et al., Chem. Rev. 116, 4558 (2016)",277.30649291853285,Ge,I,1,3,3,2,5,0,0,Imidazolium,4.434,5.2067,9.6407,2.1057,-4.7674,0.4943,0.5993,277.31,3.1283,1.7434,2.327,Imidazolium_Ge_I,0.5835999999999999
0436,6.31226391318,7.0176795334,6.32576337097,92.52132876,80.1315279697,90.7187798718,Imidazolium Germanium Iodide,14,"B.Saparov et al., Chem. Rev. 116, 4558 (2016)",275.79820817278363,Ge,I,1,3,3,2,5,0,0,Imidazolium,4.4344,5.0736,9.508,2.1058,-4.7681,0.4936,0.5986,275.8,3.1454,1.8006,2.3986,Imidazolium_Ge_I,0.5980000000000001
0437,6.54988809221,6.43274575461,6.59907064117,97.6058228811,96.9145638975,94.1901469261,Imidazolium Germanium Iodide,14,"B.Saparov et al., Chem. Rev. 116, 4558 (2016)",272.47157439274207,Ge,I,1,3,3,2,5,0,0,Imidazolium,4.4349,2.8308,7.2657,2.1059,-4.7698,0.4918,0.5969,272.47,3.1838,1.8199,2.4688,Imidazolium_Ge_I,0.6488999999999998
0438,6.41751668509,4.3704981431,9.67099631588,88.1832827521,88.8782719669,81.4112242397,Imidazolium Germanium Iodide,14,"B.Saparov et al., Chem. Rev. 116, 4558 (2016)",268.0427033789073,Ge,I,1,3,3,2,5,0,0,Imidazolium,4.4217,5.4481,9.8697,2.1028,-4.7669,0.4948,0.5998,268.04,3.2365,2.3536,3.2097,Imidazolium_Ge_I,0.8561000000000001
0439,10.2085293078,4.43199499317,6.39384375997,82.7833118961,85.9528095727,68.9247951379,Imidazolium Germanium Iodide,14,"B.Saparov et al., Chem. Rev. 116, 4558 (2016)",267.6943640288545,Ge,I,1,3,3,2,5,0,0,Imidazolium,4.4234,4.4507,8.8741,2.1032,-4.7678,0.4938,0.5989,267.69,3.2407,2.272,3.0993,Imidazolium_Ge_I,0.8273000000000001
0440,9.10155481344,4.36355245317,6.65227747152,100.28448497,93.3492093932,90.7588700321,Imidazolium Germanium Iodide,14,"B.Saparov et al., Chem. Rev. 116, 4558 (2016)",259.4318353297296,Ge,I,1,3,3,2,5,0,0,Imidazolium,4.5673,35.2918,39.8591,2.1371,-4.7665,0.4952,0.6002,259.43,3.3439,2.3986,3.2228,Imidazolium_Ge_I,0.8241999999999998
0441,6.45347040583,4.49348077715,9.33704321904,96.024907393,92.5537986513,95.9297739556,Imidazolium Germanium Iodide,14,"B.Saparov et al., Chem. Rev. 116, 4558 (2016)",267.4039174296256,Ge,I,1,3,3,2,5,0,0,Imidazolium,4.3895,3.5679,7.9574,2.0951,-4.7681,0.4936,0.5986,267.4,3.2442,2.1953,3.0035,Imidazolium_Ge_I,0.8081999999999998
0442,6.69191337477,4.37859050764,9.86451154688,112.803244971,96.9962524221,79.6019970622,Imidazolium Germanium Iodide,14,"B.Saparov et al., Chem. Rev. 116, 4558 (2016)",261.6457337622564,Ge,I,1,3,3,2,5,0,0,Imidazolium,4.5272,30.8663,35.3936,2.1277,-4.7681,0.4935,0.5986,261.65,3.3155,2.3819,3.1779,Imidazolium_Ge_I,0.7960000000000003
0443,4.92070066102,5.08503955765,5.0753201493,76.7995745055,85.3026118786,92.9811554427,Ethylammonium Tin Fluoride,15,"B.Saparov et al., Chem. Rev. 116, 4558 (2016)",122.89599251296956,Sn,F,1,3,2,1,8,0,0,Ethylammonium,2.9648,4.1576,7.1224,1.7219,-4.7395,-0.3701,0.2702,122.9,2.9968,3.9158,5.0137,Ethylammonium_Sn_F,1.0979
0444,5.29276836681,4.76818122651,5.05635413086,80.376040806,73.3198883135,85.3741063203,Ethylammonium Tin Fluoride,15,"B.Saparov et al., Chem. Rev. 116, 4558 (2016)",120.44475013229923,Sn,F,1,3,2,1,8,0,0,Ethylammonium,3.0204,3.8143,6.8347,1.7379,-4.7354,-0.3661,0.2743,120.44,3.0581,3.7489,4.8672,Ethylammonium_Sn_F,1.1183000000000005
0445,4.2023205775,3.70576479177,7.9335387821,94.5800773035,96.1546294754,93.5188493641,Ethylammonium Tin Fluoride,15,"B.Saparov et al., Chem. Rev. 116, 4558 (2016)",122.13788742217548,Sn,F,1,3,2,1,8,0,0,Ethylammonium,2.9434,4.4791,7.4225,1.7156,-4.7258,-0.3564,0.2839,122.14,3.0155,3.7775,4.8602,Ethylammonium_Sn_F,1.0827
0446,5.03200810549,3.73268572219,7.12237135792,101.930558444,101.829067679,102.563654956,Ethylammonium Tin Fluoride,15,"B.Saparov et al., Chem. Rev. 116, 4558 (2016)",123.3009332137404,Sn,F,1,3,2,1,8,0,0,Ethylammonium,2.8937,5.734,8.6277,1.7011,-4.7296,-0.3603,0.28,123.3,2.9871,3.8999,5.0376,Ethylammonium_Sn_F,1.1377000000000002
0447,4.69078511664,3.62963239243,8.19103648586,66.9192927798,105.165800347,105.251527093,Ethylammonium Tin Fluoride,15,"B.Saparov et al., Chem. Rev. 116, 4558 (2016)",121.78802698205826,Sn,F,1,3,2,1,8,0,0,Ethylammonium,2.9251,4.934,7.8591,1.7103,-4.7384,-0.3691,0.2713,121.79,3.0242,3.9809,5.1324,Ethylammonium_Sn_F,1.1514999999999995
0448,7.33395669973,3.89600328512,4.85684538978,115.096356528,76.241693265,103.506229824,Ethylammonium Tin Fluoride,15,"B.Saparov et al., Chem. Rev. 116, 4558 (2016)",120.67171563791788,Sn,F,1,3,2,1,8,0,0,Ethylammonium,2.9576,4.6641,7.6217,1.7198,-4.7293,-0.36,0.2804,120.67,3.0522,4.3258,5.4738,Ethylammonium_Sn_F,1.1479999999999997
0449,4.21771802259,3.54652825751,8.17254739174,97.7009725744,86.0048019803,86.0300385226,Ethylammonium Tin Fluoride,15,"B.Saparov et al., Chem. Rev. 116, 4558 (2016)",120.46781246587186,Sn,F,1,3,2,1,8,0,0,Ethylammonium,3.0202,5.7023,8.7226,1.7379,-4.7243,-0.355,0.2854,120.47,3.0573,3.4468,4.483,Ethylammonium_Sn_F,1.0361999999999996
0450,4.68466409586,3.6242491803,7.57642457773,92.9348149661,80.6291671843,74.2243009742,Ethylammonium Tin Fluoride,15,"B.Saparov et al., Chem. Rev. 116, 4558 (2016)",121.519330042179,Sn,F,1,3,2,1,8,0,0,Ethylammonium,2.9303,5.1715,8.1018,1.7118,-4.7376,-0.3683,0.2721,121.52,3.0309,3.9826,5.1428,Ethylammonium_Sn_F,1.1602000000000001
0451,8.15452201281,3.7714405417,3.98007332087,87.9259807336,86.0262364129,86.3623072556,Ethylammonium Tin Fluoride,15,"B.Saparov et al., Chem. Rev. 116, 4558 (2016)",121.80189245759668,Sn,F,1,3,2,1,8,0,0,Ethylammonium,2.9582,4.0959,7.0541,1.7199,-4.7274,-0.3581,0.2822,121.8,3.0239,3.2316,4.3477,Ethylammonium_Sn_F,1.1160999999999999
0452,8.71476340081,3.76874578072,3.80404488592,94.6511633155,83.8723203387,80.8747680536,Ethylammonium Tin Fluoride,15,"B.Saparov et al., Chem. Rev. 116, 4558 (2016)",122.04009476013842,Sn,F,1,3,2,1,8,0,0,Ethylammonium,3.0047,4.4327,7.4374,1.7334,-4.7235,-0.3542,0.2862,122.04,3.018,2.8524,3.9789,Ethylammonium_Sn_F,1.1265
0453,6.82701010085,4.2589215859,4.4141359338,84.9217913755,99.0097920934,88.929944544,Ethylammonium Tin Fluoride,15,"B.Saparov et al., Chem. Rev. 116, 4558 (2016)",126.1938995415554,Sn,F,1,3,2,1,8,0,0,Ethylammonium,2.8424,4.964,7.8065,1.686,-4.7312,-0.3618,0.2785,126.19,2.9187,3.7635,4.8596,Ethylammonium_Sn_F,1.0961000000000003
0454,4.65237968674,5.12175841856,6.64693551814,73.3875060042,90.5455748299,90.0747707239,Propylammonium Tin Fluoride,18,"S.Kataoka et al., J. Am. Chem. Soc. 137, 4158 (2015)",151.76758295688262,Sn,F,1,3,3,1,10,0,0,Propylammonium,2.7957,7.1245,9.9202,1.672,-4.7962,-0.3633,0.1703,151.77,2.5803,3.7966,4.8479,Propylammonium_Sn_F,1.0513
0455,6.46842098801,4.61004173803,5.15609898361,106.178825594,77.5422610275,93.6618497709,Propylammonium Tin Fluoride,18,"S.Kataoka et al., J. Am. Chem. Soc. 137, 4158 (2015)",144.18628918279842,Sn,F,1,3,3,1,10,0,0,Propylammonium,2.8922,8.5686,11.4608,1.7006,-4.8014,-0.3686,0.1651,144.19,2.7159,3.9124,5.0443,Propylammonium_Sn_F,1.1319
0456,4.91941821965,5.19457758875,6.21491454968,109.372631993,77.1129715559,94.8380340432,Propylammonium Tin Fluoride,18,"S.Kataoka et al., J. Am. Chem. Soc. 137, 4158 (2015)",146.0425996639833,Sn,F,1,3,3,1,10,0,0,Propylammonium,2.8355,2.5527,5.3881,1.6839,-4.7958,-0.3629,0.1707,146.04,2.6815,4.0266,5.1684,Propylammonium_Sn_F,1.1418
0457,5.07946789214,5.34621422286,5.48768917702,75.7201130262,90.0096533814,85.1252159353,Propylammonium Tin Fluoride,18,"S.Kataoka et al., J. Am. Chem. Soc. 137, 4158 (2015)",143.86195553478876,Sn,F,1,3,3,1,10,0,0,Propylammonium,2.8904,2.6081,5.4986,1.7001,-4.7938,-0.3609,0.1727,143.86,2.7221,4.0218,5.1384,Propylammonium_Sn_F,1.1166
0458,4.86049003853,5.57854686619,5.55093961775,78.523583393,79.2738652447,87.1577399395,Propylammonium Tin Fluoride,18,"S.Kataoka et al., J. Am. Chem. Soc. 137, 4158 (2015)",144.91211444061517,Sn,F,1,3,3,1,10,0,0,Propylammonium,2.8854,3.1142,5.9996,1.6986,-4.7837,-0.3508,0.1828,144.91,2.7024,3.9887,5.1019,Propylammonium_Sn_F,1.1131999999999995
0459,4.82772706048,5.57492813846,5.59741166112,77.8086611737,78.6341619969,85.7696923107,Propylammonium Tin Fluoride,18,"S.Kataoka et al., J. Am. Chem. Soc. 137, 4158 (2015)",144.28349334460256,Sn,F,1,3,3,1,10,0,0,Propylammonium,2.896,3.7216,6.6176,1.7018,-4.7815,-0.3487,0.1849,144.28,2.7142,3.9801,5.0837,Propylammonium_Sn_F,1.1036000000000001
0460,9.22043437916,3.74984269482,4.76665443359,66.9695809393,76.5558916467,68.2011422934,Propylammonium Tin Fluoride,18,"S.Kataoka et al., J. Am. Chem. Soc. 137, 4158 (2015)",140.09118982100364,Sn,F,1,3,3,1,10,0,0,Propylammonium,2.9633,12.1387,15.102,1.7214,-4.7818,-0.349,0.1847,140.09,2.7954,4.0821,5.2336,Propylammonium_Sn_F,1.1515000000000004
0461,4.72165520221,3.72366558788,8.70987202407,88.3332008081,110.022102563,100.242408459,Propylammonium Tin Fluoride,18,"S.Kataoka et al., J. Am. Chem. Soc. 137, 4158 (2015)",141.50378902844574,Sn,F,1,3,3,1,10,0,0,Propylammonium,2.9103,3.8557,6.7659,1.7059,-4.7944,-0.3615,0.1721,141.5,2.7675,3.9021,5.0705,Propylammonium_Sn_F,1.1684
0462,5.37731440195,4.72319194829,6.27938688278,89.69548563,111.97779472,75.5513651244,Propylammonium Tin Fluoride,18,"S.Kataoka et al., J. Am. Chem. Soc. 137, 4158 (2015)",142.34929110538204,Sn,F,1,3,3,1,10,0,0,Propylammonium,2.943,3.6447,6.5877,1.7155,-4.7694,-0.3365,0.1971,142.35,2.751,3.6043,4.8004,Propylammonium_Sn_F,1.1961
0463,5.42000811669,4.73693587968,6.32058781679,89.959165773,112.385718041,73.7841129243,Propylammonium Tin Fluoride,18,"S.Kataoka et al., J. Am. Chem. Soc. 137, 4158 (2015)",143.02642474692018,Sn,F,1,3,3,1,10,0,0,Propylammonium,2.8785,3.3842,6.2627,1.6966,-4.7685,-0.3356,0.198,143.03,2.7379,3.9246,5.0889,Propylammonium_Sn_F,1.1643
0464,6.87598424352,5.76839805059,4.58168518623,87.681218359,90.2553456339,108.109996134,Butylammonium Tin Fluoride,21,"H. Hu et al., Sci. Rep. 6, 33546 (2016)",172.57514574323116,Sn,F,1,3,4,1,12,0,0,Butylammonium,2.7379,3.5685,6.3063,1.6547,-4.8333,-0.3551,0.1023,172.58,2.4041,4.2676,5.3592,Butylammonium_Sn_F,1.0916000000000006
0465,4.66029426475,5.76889263849,6.83852216784,71.362327965,86.3154879779,85.5463458293,Butylammonium Tin Fluoride,21,"H. Hu et al., Sci. Rep. 6, 33546 (2016)",173.5328928604291,Sn,F,1,3,4,1,12,0,0,Butylammonium,2.7335,4.6625,7.3959,1.6533,-4.8344,-0.3562,0.1012,173.53,2.3909,4.214,5.3015,Butylammonium_Sn_F,1.0874999999999995
0466,5.7364360242,6.58817942721,4.61201770057,84.5357835165,92.2128059409,105.589334648,Butylammonium Tin Fluoride,21,"H. Hu et al., Sci. Rep. 6, 33546 (2016)",167.11008483583203,Sn,F,1,3,4,1,12,0,0,Butylammonium,2.8325,4.7648,7.5973,1.683,-4.8294,-0.3512,0.1062,167.11,2.4828,3.7624,4.8539,Butylammonium_Sn_F,1.0915000000000004
0467,4.54376450968,5.59382246918,7.07535859213,69.536237322,97.1336481982,90.6231903188,Butylammonium Tin Fluoride,21,"H. Hu et al., Sci. Rep. 6, 33546 (2016)",167.0790839013622,Sn,F,1,3,4,1,12,0,0,Butylammonium,2.8102,3.6632,6.4734,1.6764,-4.8325,-0.3543,0.1031,167.08,2.4832,4.4093,5.5262,Butylammonium_Sn_F,1.1169000000000002
0468,6.43227876309,5.01492333544,4.52505256206,85.0446428083,86.8826208376,91.3856514974,Isopropylammonium Tin Fluoride,18,"C.C.Stoumpos et al., J. Am. Chem. Soc. 137, 6804 (2015)",145.1443928380227,Sn,F,1,3,3,1,10,0,0,Isopropylammonium,2.8482,4.5071,7.3552,1.6877,-4.8116,-0.3727,0.1609,145.14,2.6981,4.4347,5.5418,Isopropylammonium_Sn_F,1.1071
0469,5.14171791212,5.38463438699,5.44534546214,89.5762082519,99.1624685015,74.776938662,Isopropylammonium Tin Fluoride,18,"C.C.Stoumpos et al., J. Am. Chem. Soc. 137, 6804 (2015)",143.42339225536674,Sn,F,1,3,3,1,10,0,0,Isopropylammonium,2.9204,2.4735,5.3939,1.7089,-4.7912,-0.3524,0.1813,143.42,2.7305,3.8681,4.9553,Isopropylammonium_Sn_F,1.0872000000000002
0470,5.42237113756,4.44105264467,6.11296532614,85.1823294034,93.5998238961,85.3537916817,Isopropylammonium Tin Fluoride,18,"C.C.Stoumpos et al., J. Am. Chem. Soc. 137, 6804 (2015)",145.84509283885862,Sn,F,1,3,3,1,10,0,0,Isopropylammonium,2.8289,3.7221,6.551,1.6819,-4.8085,-0.3696,0.164,145.85,2.685,4.3976,5.5981,Isopropylammonium_Sn_F,1.2005
0471,6.43278984767,4.49345491025,5.04077712519,94.2597549263,91.2811684533,93.850149642,Isopropylammonium Tin Fluoride,18,"C.C.Stoumpos et al., J. Am. Chem. Soc. 137, 6804 (2015)",144.92072759558675,Sn,F,1,3,3,1,10,0,0,Isopropylammonium,2.8529,4.066,6.9189,1.689,-4.811,-0.3722,0.1614,144.92,2.7022,4.4386,5.579,Isopropylammonium_Sn_F,1.1403999999999996
0472,4.6790930788,4.69472530046,8.08986069598,124.9548942,95.4147949191,82.0473472207,Isopropylammonium Tin Fluoride,18,"C.C.Stoumpos et al., J. Am. Chem. Soc. 137, 6804 (2015)",144.22633235183972,Sn,F,1,3,3,1,10,0,0,Isopropylammonium,2.8969,6.5148,9.4118,1.702,-4.8076,-0.3688,0.1649,144.23,2.7151,4.0626,5.1884,Isopropylammonium_Sn_F,1.1258
0473,7.71091669559,4.64819494827,4.42655471267,109.737722345,77.5733436671,103.542146588,Isopropylammonium Tin Fluoride,18,"C.C.Stoumpos et al., J. Am. Chem. Soc. 137, 6804 (2015)",143.567794732086,Sn,F,1,3,3,1,10,0,0,Isopropylammonium,2.8803,9.7381,12.6185,1.6971,-4.788,-0.3492,0.1845,143.57,2.7276,4.2605,5.4005,Isopropylammonium_Sn_F,1.1399999999999997
0474,7.5642159216,3.85287603352,5.67004526008,113.43281085,83.1913486654,107.305280867,Isopropylammonium Tin Fluoride,18,"C.C.Stoumpos et al., J. Am. Chem. Soc. 137, 6804 (2015)",144.75595675199,Sn,F,1,3,3,1,10,0,0,Isopropylammonium,2.8315,4.1218,6.9534,1.6827,-4.7862,-0.3473,0.1863,144.76,2.7052,4.0218,5.1622,Isopropylammonium_Sn_F,1.1404000000000005
0475,7.46491261546,3.73258660298,5.47624043397,69.1380744045,83.9621462771,81.7956557101,Isopropylammonium Tin Fluoride,18,"C.C.Stoumpos et al., J. Am. Chem. Soc. 137, 6804 (2015)",140.88015719799972,Sn,F,1,3,3,1,10,0,0,Isopropylammonium,2.9054,5.4426,8.348,1.7045,-4.7876,-0.3488,0.1848,140.88,2.7797,3.9686,5.1174,Isopropylammonium_Sn_F,1.1488
0476,5.54896220877,3.86486036361,7.33066030578,74.1375426604,86.4605138044,103.767370351,Isopropylammonium Tin Fluoride,18,"C.C.Stoumpos et al., J. Am. Chem. Soc. 137, 6804 (2015)",145.52307777452734,Sn,F,1,3,3,1,10,0,0,Isopropylammonium,2.8148,3.1719,5.9867,1.6777,-4.7774,-0.3386,0.195,145.52,2.6911,4.178,5.3659,Isopropylammonium_Sn_F,1.1879
0477,6.05267436158,4.59497596415,4.5606902066,84.977387511,99.3290435714,99.7842413314,Dimethylammonium Tin Fluoride,15,"B.Saparov et al., Chem. Rev. 116, 4558 (2016)",123.10821171851563,Sn,F,1,3,2,1,8,0,0,Dimethylammonium,2.9999,10.0704,13.0703,1.732,-4.72,-0.3728,0.2675,123.11,2.9917,3.7822,4.8585,Dimethylammonium_Sn_F,1.0763000000000003
0478,5.99757279866,4.61861077863,4.57297024114,84.5934113795,100.49962655,99.2091941691,Dimethylammonium Tin Fluoride,15,"B.Saparov et al., Chem. Rev. 116, 4558 (2016)",122.67042235875437,Sn,F,1,3,2,1,8,0,0,Dimethylammonium,3.0153,9.0859,12.1012,1.7365,-4.7186,-0.3715,0.2689,122.67,3.0025,3.8003,4.893,Dimethylammonium_Sn_F,1.0926999999999998
0479,5.55869544876,4.78443251793,4.81134512203,78.9611533138,103.124453362,95.6204821351,Dimethylammonium Tin Fluoride,15,"B.Saparov et al., Chem. Rev. 116, 4558 (2016)",122.11192060355532,Sn,F,1,3,2,1,8,0,0,Dimethylammonium,2.9696,5.0429,8.0124,1.7232,-4.7167,-0.3696,0.2708,122.11,3.0162,3.9964,5.0656,Dimethylammonium_Sn_F,1.0692
0480,5.46279911049,4.76456662239,4.98182589741,84.3395269165,80.0955564113,74.5902927996,Dimethylammonium Tin Fluoride,15,"B.Saparov et al., Chem. Rev. 116, 4558 (2016)",122.95039805647394,Sn,F,1,3,2,1,8,0,0,Dimethylammonium,2.9576,4.2848,7.2424,1.7198,-4.718,-0.3708,0.2695,122.95,2.9956,3.6679,4.7575,Dimethylammonium_Sn_F,1.0896000000000003
0481,4.86200456922,3.67706877701,7.14310594201,88.489498466,79.9370467643,80.3224670421,Dimethylammonium Tin Fluoride,15,"B.Saparov et al., Chem. Rev. 116, 4558 (2016)",123.94942740672052,Sn,F,1,3,2,1,8,0,0,Dimethylammonium,2.9011,5.1028,8.0039,1.7032,-4.7042,-0.3571,0.2833,123.95,2.9715,3.9143,5.0604,Dimethylammonium_Sn_F,1.1460999999999997
0482,4.92440118251,3.6786070325,7.07355917639,90.7211129573,79.7160870332,100.49104233,Dimethylammonium Tin Fluoride,15,"B.Saparov et al., Chem. Rev. 116, 4558 (2016)",123.9446921326595,Sn,F,1,3,2,1,8,0,0,Dimethylammonium,2.8902,4.8692,7.7594,1.7001,-4.704,-0.3569,0.2835,123.94,2.9717,3.961,5.1126,Dimethylammonium_Sn_F,1.1515999999999997
0483,4.91180080179,3.7124562163,7.05366086503,90.3411419494,80.0226099681,100.817141241,Dimethylammonium Tin Fluoride,15,"B.Saparov et al., Chem. Rev. 116, 4558 (2016)",124.37933336298566,Sn,F,1,3,2,1,8,0,0,Dimethylammonium,2.8799,4.4105,7.2904,1.697,-4.7054,-0.3583,0.2821,124.38,2.9612,3.9848,5.1369,Dimethylammonium_Sn_F,1.1521
0484,6.52425907741,3.5794081564,5.74251089931,98.4348010779,97.1893898056,105.922355662,Dimethylammonium Tin Fluoride,15,"B.Saparov et al., Chem. Rev. 116, 4558 (2016)",125.62188761240424,Sn,F,1,3,2,1,8,0,0,Dimethylammonium,2.8406,8.1927,11.0333,1.6854,-4.6991,-0.352,0.2884,125.62,2.932,3.9292,5.0386,Dimethylammonium_Sn_F,1.1094
0485,4.48913860437,3.75143080051,7.28570294187,81.3861708005,84.2676975691,88.899684067,Dimethylammonium Tin Fluoride,15,"B.Saparov et al., Chem. Rev. 116, 4558 (2016)",120.70454789997258,Sn,F,1,3,2,1,8,0,0,Dimethylammonium,2.9742,8.4973,11.4714,1.7246,-4.7005,-0.3534,0.287,120.7,3.0515,3.8958,5.0441,Dimethylammonium_Sn_F,1.1483000000000003
0486,5.06604502746,5.1835258895,5.21266752768,88.4222896438,104.256066302,75.9694493616,Acetamidinium Tin Fluoride,15,"C.C.Stoumpos et al., J. Am. Chem. Soc. 137, 6804 (2015)",128.1560576799882,Sn,F,1,3,2,2,7,0,0,Acetamidinium,3.0444,3.1702,6.2146,1.7448,-5.025,-0.2518,0.3886,128.16,3.0423,3.2079,4.3987,Acetamidinium_Sn_F,1.1907999999999999
0487,5.03186987517,5.27125952256,5.18767546249,91.7562847089,104.153858836,104.243224487,Acetamidinium Tin Fluoride,15,"C.C.Stoumpos et al., J. Am. Chem. Soc. 137, 6804 (2015)",128.7157532636975,Sn,F,1,3,2,2,7,0,0,Acetamidinium,3.044,3.264,6.3079,1.7447,-5.0247,-0.2515,0.3889,128.72,3.029,3.5558,4.7369,Acetamidinium_Sn_F,1.1811000000000003
0488,5.02275457391,5.41555624322,4.97782928207,81.085775869,104.699257428,87.8723284084,Acetamidinium Tin Fluoride,15,"C.C.Stoumpos et al., J. Am. Chem. Soc. 137, 6804 (2015)",128.97378936619597,Sn,F,1,3,2,2,7,0,0,Acetamidinium,3.0445,3.7808,6.8253,1.7448,-5.0257,-0.2524,0.3879,128.97,3.0232,3.5358,4.6773,Acetamidinium_Sn_F,1.1414999999999997
0489,7.73115147785,3.49098770208,4.86862692742,99.0218190118,87.8006962378,93.8264714873,Acetamidinium Tin Fluoride,15,"C.C.Stoumpos et al., J. Am. Chem. Soc. 137, 6804 (2015)",129.43424394536288,Sn,F,1,3,2,2,7,0,0,Acetamidinium,3.051,4.8518,7.9029,1.7467,-5.0259,-0.2527,0.3877,129.43,3.0124,3.329,4.4579,Acetamidinium_Sn_F,1.1289000000000002
0490,4.7769415163,3.47290032782,8.37465592266,109.773902456,87.6348980134,97.9990765067,Acetamidinium Tin Fluoride,15,"C.C.Stoumpos et al., J. Am. Chem. Soc. 137, 6804 (2015)",129.4673594769808,Sn,F,1,3,2,2,7,0,0,Acetamidinium,3.0659,5.2948,8.3607,1.751,-5.0261,-0.2529,0.3875,129.47,3.0115,3.2133,4.3173,Acetamidinium_Sn_F,1.1040000000000005
0491,8.43148701188,3.51318955582,4.33571959381,90.1297288721,89.8890878643,87.8254879575,Acetamidinium Tin Fluoride,15,"C.C.Stoumpos et al., J. Am. Chem. Soc. 137, 6804 (2015)",128.33706199075323,Sn,F,1,3,2,2,7,0,0,Acetamidinium,3.0978,8.0579,11.1557,1.76,-5.017,-0.2438,0.3966,128.34,3.038,3.368,4.5589,Acetamidinium_Sn_F,1.1909000000000005
0492,4.60847210771,4.62855595649,4.953037368,90.3854945204,106.140429644,89.5305583789,Methylammonium Tin Fluoride,12,"T.D.Huan et al., Phys. Rev. B 93,094105(2016)",101.48219434647248,Sn,F,1,3,1,1,6,0,0,Methylammonium,3.1774,13.4166,16.594,1.7825,-4.6579,-0.3913,0.4092,101.48,3.3999,3.2677,4.3195,Methylammonium_Sn_F,1.0517999999999996
0493,4.50969245177,4.47090807163,5.13864236769,90.821668599,80.4841943066,91.0297916877,Methylammonium Tin Fluoride,12,"T.D.Huan et al., Phys. Rev. B 93,094105(2016)",102.15853772013644,Sn,F,1,3,1,1,6,0,0,Methylammonium,3.0491,5.9769,9.026,1.7462,-4.6667,-0.4001,0.4003,102.16,3.3772,3.8717,4.9924,Methylammonium_Sn_F,1.1206999999999998
0494,4.35428280744,3.57995489015,6.43528475801,84.7331817078,89.3940870158,90.0156556155,Methylammonium Tin Fluoride,12,"T.D.Huan et al., Phys. Rev. B 93,094105(2016)",99.88490718266328,Sn,F,1,3,1,1,6,0,0,Methylammonium,3.0567,6.4999,9.5566,1.7483,-4.6346,-0.3679,0.4325,99.88,3.4543,3.6282,4.7053,Methylammonium_Sn_F,1.0771000000000002
0495,4.71805199638,3.67147437471,6.63373114623,105.974687484,84.6027294275,71.7530742583,Methylammonium Tin Fluoride,12,"T.D.Huan et al., Phys. Rev. B 93,094105(2016)",102.85388570577908,Sn,F,1,3,1,1,6,0,0,Methylammonium,2.9958,7.1762,10.172,1.7308,-4.629,-0.3623,0.4381,102.85,3.3546,3.4263,4.562,Methylammonium_Sn_F,1.1357000000000004
0496,6.34850046122,3.57935646572,4.57996386801,78.3482754897,94.863522106,90.3538716646,Methylammonium Tin Fluoride,12,"T.D.Huan et al., Phys. Rev. B 93,094105(2016)",101.555035803568,Sn,F,1,3,1,1,6,0,0,Methylammonium,3.0509,10.7647,13.8155,1.7467,-4.6407,-0.3741,0.4264,101.56,3.3972,3.6553,4.7106,Methylammonium_Sn_F,1.0553000000000003
0497,5.70447642042,4.25733708693,6.12855583661,46.8743005298,96.0967732386,98.896384767,Methylammonium Tin Fluoride,12,"T.D.Huan et al., Phys. Rev. B 93,094105(2016)",107.32292172933278,Sn,F,1,3,1,1,6,0,0,Methylammonium,2.8582,5.7903,8.6485,1.6906,-4.6515,-0.3848,0.4156,107.32,3.2149,3.3088,4.3958,Methylammonium_Sn_F,1.0870000000000002
0498,4.91806872407,5.02062028909,5.02646781252,97.9624806724,97.4482739294,97.3463483936,Guanidinium Tin Fluoride,14,"B.Saparov et al., Chem. Rev. 116, 4558 (2016)",120.52734230815904,Sn,F,1,3,1,3,6,0,0,Guanidinium,3.0995,4.8748,7.9743,1.7605,-5.1045,-0.1014,0.5847,120.53,3.2485,4.2025,5.3174,Guanidinium_Sn_F,1.1149000000000004
0499,8.44070378056,3.38746096584,4.65752555831,80.3080381064,96.3451802373,113.607027376,Guanidinium Tin Fluoride,14,"B.Saparov et al., Chem. Rev. 116, 4558 (2016)",120.14730879462716,Sn,F,1,3,1,3,6,0,0,Guanidinium,3.2333,7.5346,10.7679,1.7981,-5.0954,-0.0923,0.5938,120.15,3.2587,3.2593,4.1905,Guanidinium_Sn_F,0.9312
0500,4.48245526717,4.44439779068,4.63903339059,101.508187117,100.830840072,78.5532927292,Hydroxylammonium Tin Fluoride,10,"G.Kieslich et al., Chem. Sci. 6, 3430 (2015)",87.6939591087474,Sn,F,1,3,0,1,4,0,1,Hydroxylammonium,3.3072,17.5972,20.9045,1.8186,-4.4991,-0.3166,0.6439,87.69,3.9719,3.7914,4.9226,Hydroxylammonium_Sn_F,1.1312000000000002
0501,4.62290121214,3.72715124694,5.95086713837,114.623243473,79.9449271882,111.4094319,Hydroxylammonium Tin Fluoride,10,"G.Kieslich et al., Chem. Sci. 6, 3430 (2015)",86.74849503377078,Sn,F,1,3,0,1,4,0,1,Hydroxylammonium,3.262,16.0653,19.3273,1.8061,-4.5045,-0.3219,0.6386,86.75,4.0149,3.5384,4.8109,Hydroxylammonium_Sn_F,1.2725
0502,5.56702312288,3.91875956993,4.61231371393,107.068636212,99.7852251881,69.5645713676,Hydroxylammonium Tin Fluoride,10,"G.Kieslich et al., Chem. Sci. 6, 3430 (2015)",89.8798239289639,Sn,F,1,3,0,1,4,0,1,Hydroxylammonium,3.1022,8.1741,11.2763,1.7613,-4.4783,-0.2957,0.6648,89.88,3.8751,3.4683,4.5701,Hydroxylammonium_Sn_F,1.1018
0503,5.27452116644,3.89714439344,4.71304284378,114.947616068,93.373816102,78.6503709006,Hydroxylammonium Tin Fluoride,10,"G.Kieslich et al., Chem. Sci. 6, 3430 (2015)",86.0902983725445,Sn,F,1,3,0,1,4,0,1,Hydroxylammonium,3.2184,8.9544,12.1728,1.794,-4.4925,-0.3099,0.6506,86.09,4.0457,4.1602,5.3276,Hydroxylammonium_Sn_F,1.1674000000000007
0504,6.16171108993,3.48106499291,4.71658970643,73.0123915691,91.8659666414,67.8308438951,Hydroxylammonium Tin Fluoride,10,"G.Kieslich et al., Chem. Sci. 6, 3430 (2015)",88.428414334953,Sn,F,1,3,0,1,4,0,1,Hydroxylammonium,3.1791,9.9445,13.1236,1.783,-4.4863,-0.3038,0.6568,88.43,3.9387,3.8741,4.93,Hydroxylammonium_Sn_F,1.0558999999999998
0505,5.27929067097,4.57961381186,4.69578129891,70.7788388056,87.1699623952,91.7301841732,Formamidinium Tin Fluoride,12,"T.D.Huan et al., Phys. Rev. B 93,094105(2016)",106.9409873679302,Sn,F,1,3,1,2,5,0,0,Formamidinium,3.1281,7.3388,10.4668,1.7686,-5.0048,-0.6457,0.1548,106.94,3.4281,3.5213,4.6596,Formamidinium_Sn_F,1.1383
0506,4.73690280451,5.17390720953,4.98014450762,104.520766762,101.806245975,73.1167994372,Formamidinium Tin Fluoride,12,"T.D.Huan et al., Phys. Rev. B 93,094105(2016)",111.91334574289392,Sn,F,1,3,1,2,5,0,0,Formamidinium,3.1572,4.6248,7.782,1.7769,-4.8409,-0.4818,0.3187,111.91,3.2759,2.6688,3.8529,Formamidinium_Sn_F,1.1841
0507,5.51108026028,5.51098833982,5.53751724682,90.6522810787,89.4099769067,89.1817410539,Tetramethylammonium Tin Fluoride,21,"B.Saparov et al., Chem. Rev. 116, 4558 (2016)",168.14544891847189,Sn,F,1,3,4,1,12,0,0,Tetramethylammonium,2.7059,1.5316,4.2375,1.645,-4.7995,-0.3284,0.0909,168.15,2.4674,4.4999,5.6831,Tetramethylammonium_Sn_F,1.1831999999999994
0508,6.35604717185,4.88655142983,4.48536287375,90.1534392841,44.9991862936,102.687430513,Hydrazinium Tin Fluoride,11,"B.Saparov et al., Chem. Rev. 116, 4558 (2016)",93.71974164635915,Sn,F,1,3,0,2,5,0,0,Hydrazinium,3.1946,12.6178,15.8125,1.7874,-4.609,-0.2002,0.673,93.72,3.6989,4.0593,5.0784,Hydrazinium_Sn_F,1.0191
0509,3.50712744159,5.0336652279,6.33512350773,74.3239737983,113.66480012,112.464301106,Hydrazinium Tin Fluoride,11,"B.Saparov et al., Chem. Rev. 116, 4558 (2016)",93.75491474328864,Sn,F,1,3,0,2,5,0,0,Hydrazinium,3.1194,12.7707,15.8901,1.7662,-4.5996,-0.1908,0.6824,93.75,3.6977,3.8322,5.0092,Hydrazinium_Sn_F,1.177
0510,4.93539302231,5.25679500884,3.98720741071,76.1132674532,67.5493524677,86.355491523,Hydrazinium Tin Fluoride,11,"B.Saparov et al., Chem. Rev. 116, 4558 (2016)",92.7654090252061,Sn,F,1,3,0,2,5,0,0,Hydrazinium,3.1687,6.1203,9.289,1.7801,-4.6,-0.1912,0.682,92.77,3.7368,3.7824,4.9251,Hydrazinium_Sn_F,1.1426999999999996
0511,5.96958231877,3.51268952846,4.86455583216,106.225923667,102.807854192,77.0154497539,Hydrazinium Tin Fluoride,11,"B.Saparov et al., Chem. Rev. 116, 4558 (2016)",94.05230951433992,Sn,F,1,3,0,2,5,0,0,Hydrazinium,3.1681,43.0846,46.2528,1.7799,-4.5894,-0.1806,0.6926,94.05,3.6859,3.7979,4.9716,Hydrazinium_Sn_F,1.1736999999999997
0512,6.3594496977,4.08037338335,3.5734532764,87.4452256033,91.1264050802,79.4314546752,Hydrazinium Tin Fluoride,11,"B.Saparov et al., Chem. Rev. 116, 4558 (2016)",91.0270945935165,Sn,F,1,3,0,2,5,0,0,Hydrazinium,3.3136,10.4907,13.8043,1.8203,-4.5869,-0.178,0.6952,91.03,3.8082,2.8795,3.9676,Hydrazinium_Sn_F,1.0880999999999998
0513,5.39394628344,3.55959747386,5.96595905182,118.203865408,96.8095981242,68.5559424251,Hydrazinium Tin Fluoride,11,"B.Saparov et al., Chem. Rev. 116, 4558 (2016)",93.75439543768088,Sn,F,1,3,0,2,5,0,0,Hydrazinium,3.1288,12.4027,15.5315,1.7689,-4.6022,-0.1934,0.6798,93.75,3.6977,3.5983,4.7623,Hydrazinium_Sn_F,1.1639999999999997
0514,4.96931909989,3.54657257595,5.76844933229,100.050638591,87.0398335263,69.3190338851,Hydrazinium Tin Fluoride,11,"B.Saparov et al., Chem. Rev. 116, 4558 (2016)",92.94206666655036,Sn,F,1,3,0,2,5,0,0,Hydrazinium,3.1419,18.0553,21.1972,1.7725,-4.5987,-0.1899,0.6833,92.94,3.7299,3.7767,4.9338,Hydrazinium_Sn_F,1.1570999999999998
0515,5.23770108393,3.56532188467,5.32273016821,82.2205940091,91.2455687988,72.3993263038,Hydrazinium Tin Fluoride,11,"B.Saparov et al., Chem. Rev. 116, 4558 (2016)",93.66521088370044,Sn,F,1,3,0,2,5,0,0,Hydrazinium,3.131,12.7685,15.8995,1.7695,-4.6019,-0.1931,0.6801,93.67,3.7009,3.648,4.7694,Hydrazinium_Sn_F,1.1214
0516,5.13561638107,4.9171309453,3.56997147932,70.18212764,110.586112576,96.0925273139,Ammonium Tin Fluoride,9,"T.D.Huan et al., Phys. Rev. B 93,094105(2016)",79.38712169923583,Sn,F,1,3,0,1,4,0,0,Ammonium,3.1461,28.0409,31.1871,1.7737,-4.5173,-0.3679,0.6993,79.39,4.0525,3.8221,4.9542,Ammonium_Sn_F,1.1321000000000003
0517,4.43939889328,4.37196572501,4.65882808632,76.9375734321,79.508045452,76.570277134,Ammonium Tin Fluoride,9,"T.D.Huan et al., Phys. Rev. B 93,094105(2016)",84.86908466072362,Sn,F,1,3,0,1,4,0,0,Ammonium,3.0527,10.18,13.2326,1.7472,-4.5375,-0.3881,0.6791,84.87,3.7908,3.8068,4.9081,Ammonium_Sn_F,1.1013000000000002
0518,3.56866196326,4.91589653995,5.13927095264,83.9072649178,69.4156111459,70.1862967855,Ammonium Tin Fluoride,9,"T.D.Huan et al., Phys. Rev. B 93,094105(2016)",79.39756648495015,Sn,F,1,3,0,1,4,0,0,Ammonium,3.1466,27.2003,30.3468,1.7739,-4.5176,-0.3682,0.699,79.4,4.052,3.8184,4.9138,Ammonium_Sn_F,1.0954000000000002
0519,5.16916527098,5.41878451386,5.28676395973,83.6835598756,83.3080984617,98.0147412846,Trimethylammonium Tin Fluoride,18,"A. Mancini et al., J. Solid State Chem. 240, 55 (2016)",144.43459578397108,Sn,F,1,3,3,1,10,0,0,Trimethylammonium,2.795,1.7297,4.5246,1.6718,-4.7668,-0.3614,0.1722,144.43,2.7114,4.4859,5.6496,Trimethylammonium_Sn_F,1.1637000000000004
0520,4.90362445389,5.14549682884,5.94972786149,89.4493528209,92.0496434055,105.302349746,Trimethylammonium Tin Fluoride,18,"A. Mancini et al., J. Solid State Chem. 240, 55 (2016)",144.70611365445544,Sn,F,1,3,3,1,10,0,0,Trimethylammonium,2.8597,1.9817,4.8414,1.6911,-4.7562,-0.3509,0.1827,144.71,2.7061,3.3117,4.4192,Trimethylammonium_Sn_F,1.1075
0521,5.41212346063,5.50608758853,5.03140417328,95.5188627978,95.1805151943,100.575629025,Trimethylammonium Tin Fluoride,18,"A. Mancini et al., J. Solid State Chem. 240, 55 (2016)",145.808420375271,Sn,F,1,3,3,1,10,0,0,Trimethylammonium,2.7712,1.8988,4.67,1.6647,-4.7676,-0.3623,0.1714,145.81,2.6857,4.4526,5.6004,Trimethylammonium_Sn_F,1.1477999999999993
0522,4.81789328834,5.98827768106,5.22464014209,93.3498059572,103.453266477,93.1820793331,Trimethylammonium Tin Fluoride,18,"A. Mancini et al., J. Solid State Chem. 240, 55 (2016)",145.97765908745055,Sn,F,1,3,3,1,10,0,0,Trimethylammonium,2.8607,3.2393,6.0999,1.6914,-4.7525,-0.3471,0.1865,145.98,2.6826,3.5825,4.678,Trimethylammonium_Sn_F,1.0955
0523,4.87386099005,5.34005587876,5.71146963419,94.6439393912,80.6999564352,85.4696450995,Trimethylammonium Tin Fluoride,18,"A. Mancini et al., J. Solid State Chem. 240, 55 (2016)",145.57316270386167,Sn,F,1,3,3,1,10,0,0,Trimethylammonium,2.8018,2.1483,4.95,1.6738,-4.7678,-0.3625,0.1711,145.57,2.6902,4.254,5.3815,Trimethylammonium_Sn_F,1.1275000000000004
0524,5.44357171683,4.12326764891,6.73074303205,90.9379711239,83.3958650133,81.3195552806,Trimethylammonium Tin Fluoride,18,"A. Mancini et al., J. Solid State Chem. 240, 55 (2016)",148.26458957808765,Sn,F,1,3,3,1,10,0,0,Trimethylammonium,2.728,2.2621,4.9901,1.6517,-4.7464,-0.341,0.1926,148.26,2.6413,4.2383,5.4337,Trimethylammonium_Sn_F,1.1954000000000002
0525,4.84524823391,5.72397030623,5.35199612286,94.5051596011,85.7301991546,80.480646932,Trimethylammonium Tin Fluoride,18,"A. Mancini et al., J. Solid State Chem. 240, 55 (2016)",145.35797790345543,Sn,F,1,3,3,1,10,0,0,Trimethylammonium,2.8082,2.2446,5.0528,1.6758,-4.7671,-0.3618,0.1718,145.36,2.694,4.2318,5.3579,Trimethylammonium_Sn_F,1.1261
0526,4.55857488535,5.37391466773,5.60947656506,92.2171610767,89.9492337415,89.9037584765,Azetidinium Tin Fluoride,16,"B. Zhou et al., Angew. Chem. Int. Ed. 50, 11441 (2011)",137.31441851210298,Sn,F,1,3,3,1,8,0,0,Azetidinium,2.9176,6.2758,9.1934,1.7081,-4.8805,-0.3783,0.222,137.31,2.8276,3.6343,4.7119,Azetidinium_Sn_F,1.0776
0527,5.69049487382,5.27926518656,4.53370233174,89.8231296209,87.268730441,92.5828495609,Azetidinium Tin Fluoride,16,"B. Zhou et al., Angew. Chem. Int. Ed. 50, 11441 (2011)",135.90501652390822,Sn,F,1,3,3,1,8,0,0,Azetidinium,2.9428,5.3049,8.2477,1.7155,-4.8779,-0.3757,0.2246,135.91,2.8567,3.6842,4.762,Azetidinium_Sn_F,1.0777999999999994
0528,4.74410399372,4.53126684931,6.22697818082,85.6230834608,84.1309615919,97.3159759721,Azetidinium Tin Fluoride,16,"B. Zhou et al., Angew. Chem. Int. Ed. 50, 11441 (2011)",131.53186859064195,Sn,F,1,3,3,1,8,0,0,Azetidinium,3.0122,4.9073,7.9195,1.7356,-4.8778,-0.3756,0.2247,131.53,2.9519,4.0931,5.2067,Azetidinium_Sn_F,1.1136
0529,4.87860779449,5.65397964426,4.85359321776,83.1766836531,86.2203318645,99.310380911,Azetidinium Tin Fluoride,16,"B. Zhou et al., Angew. Chem. Int. Ed. 50, 11441 (2011)",130.6837465359149,Sn,F,1,3,3,1,8,0,0,Azetidinium,3.0505,3.3429,6.3934,1.7466,-4.8664,-0.3643,0.2361,130.68,2.9711,3.4994,4.5487,Azetidinium_Sn_F,1.0493000000000001
0530,7.26259659185,4.51969154206,4.42122267566,107.657912568,79.2810077737,89.150235354,Azetidinium Tin Fluoride,16,"B. Zhou et al., Angew. Chem. Int. Ed. 50, 11441 (2011)",135.4806952830636,Sn,F,1,3,3,1,8,0,0,Azetidinium,2.8996,4.6888,7.5884,1.7028,-4.8568,-0.3546,0.2457,135.48,2.8658,3.4669,4.5636,Azetidinium_Sn_F,1.0967000000000002
0531,7.21054790169,4.5389033652,4.41854768404,107.116896359,80.0337642838,88.5187268328,Azetidinium Tin Fluoride,16,"B. Zhou et al., Angew. Chem. Int. Ed. 50, 11441 (2011)",135.66560575408946,Sn,F,1,3,3,1,8,0,0,Azetidinium,2.8956,5.0891,7.9847,1.7016,-4.857,-0.3548,0.2455,135.67,2.8618,3.4328,4.5322,Azetidinium_Sn_F,1.0993999999999997
0532,6.56603879556,4.87019946227,4.43293612625,81.3368366386,94.9071039912,81.5164742206,Azetidinium Tin Fluoride,16,"B. Zhou et al., Angew. Chem. Int. Ed. 50, 11441 (2011)",137.76105804781477,Sn,F,1,3,3,1,8,0,0,Azetidinium,2.8036,4.6596,7.4633,1.6744,-4.8609,-0.3587,0.2416,137.76,2.8184,3.4281,4.5469,Azetidinium_Sn_F,1.1187999999999998
0533,5.43534268815,3.69930701645,7.04998193535,78.4083263172,93.7178117481,111.037052517,Azetidinium Tin Fluoride,16,"B. Zhou et al., Angew. Chem. Int. Ed. 50, 11441 (2011)",129.60330990722233,Sn,F,1,3,3,1,8,0,0,Azetidinium,3.0002,10.5537,13.5539,1.7321,-4.8628,-0.3606,0.2398,129.6,2.9958,3.475,4.6212,Azetidinium_Sn_F,1.1461999999999999
0534,6.998968518,3.70144894971,5.43640681739,70.8865268755,95.0186841671,101.899343231,Azetidinium Tin Fluoride,16,"B. Zhou et al., Angew. Chem. Int. Ed. 50, 11441 (2011)",130.18330583725444,Sn,F,1,3,3,1,8,0,0,Azetidinium,2.9831,9.0315,12.0146,1.7272,-4.8645,-0.3623,0.238,130.18,2.9825,3.4778,4.6113,Azetidinium_Sn_F,1.1335000000000002
0535,7.01660640333,3.70704943956,5.38996172906,108.826641141,94.5855244954,78.3760539919,Azetidinium Tin Fluoride,16,"B. Zhou et al., Angew. Chem. Int. Ed. 50, 11441 (2011)",129.95879943028308,Sn,F,1,3,3,1,8,0,0,Azetidinium,2.988,8.7255,11.7135,1.7286,-4.864,-0.3618,0.2385,129.96,2.9875,3.4761,4.6163,Azetidinium_Sn_F,1.1401999999999997
0536,7.07556902484,3.70946229327,5.31861648691,71.4516576602,93.9483738237,101.478968266,Azetidinium Tin Fluoride,16,"B. Zhou et al., Angew. Chem. Int. Ed. 50, 11441 (2011)",129.6946825173523,Sn,F,1,3,3,1,8,0,0,Azetidinium,2.9978,9.5184,12.5161,1.7314,-4.8632,-0.361,0.2393,129.69,2.9937,3.4831,4.6147,Azetidinium_Sn_F,1.1316000000000002
0537,3.67851976532,4.8128033162,7.65586032365,85.2243714852,94.5031749109,102.116559845,Azetidinium Tin Fluoride,16,"B. Zhou et al., Angew. Chem. Int. Ed. 50, 11441 (2011)",131.80036571435548,Sn,F,1,3,3,1,8,0,0,Azetidinium,3.0018,6.7904,9.7922,1.7326,-4.8451,-0.3429,0.2574,131.8,2.9458,3.2736,4.4118,Azetidinium_Sn_F,1.1382000000000003
0538,6.68325307864,4.87121099409,4.46793608901,69.7039526874,89.347626083,83.087317509,Azetidinium Tin Fluoride,16,"B. Zhou et al., Angew. Chem. Int. Ed. 50, 11441 (2011)",135.36136571856338,Sn,F,1,3,3,1,8,0,0,Azetidinium,2.859,3.3353,6.1942,1.6909,-4.8564,-0.3543,0.2461,135.36,2.8683,3.8255,4.9297,Azetidinium_Sn_F,1.1042000000000005
0539,6.88136294281,4.60515436888,4.48077588044,106.508666946,85.1757276334,87.4657474485,Azetidinium Tin Fluoride,16,"B. Zhou et al., Angew. Chem. Int. Ed. 50, 11441 (2011)",135.31361265642488,Sn,F,1,3,3,1,8,0,0,Azetidinium,2.8668,3.8145,6.6813,1.6932,-4.8637,-0.3615,0.2388,135.31,2.8694,3.8236,4.9335,Azetidinium_Sn_F,1.1099000000000006
0540,4.58009681117,6.47891265081,4.56341844442,85.3812837692,76.79112204,94.6136037905,Imidazolium Tin Fluoride,14,"B.Saparov et al., Chem. Rev. 116, 4558 (2016)",130.72101329423418,Sn,F,1,3,3,2,5,0,0,Imidazolium,3.2233,10.9603,14.1835,1.7953,-5.4013,-0.2374,0.4487,130.72,3.1097,3.5977,4.6995,Imidazolium_Sn_F,1.1017999999999994
0541,4.62389154419,6.41841891758,4.54599041588,95.6008818475,77.4714201947,84.7293156996,Imidazolium Tin Fluoride,14,"B.Saparov et al., Chem. Rev. 116, 4558 (2016)",130.18467947131143,Sn,F,1,3,3,2,5,0,0,Imidazolium,3.2221,9.6616,12.8837,1.795,-5.3993,-0.2355,0.4506,130.18,3.1226,3.6896,4.7996,Imidazolium_Sn_F,1.1099999999999999
0542,5.67190771165,5.29528443596,4.64182123254,78.2437919763,81.3958163633,98.5062344446,Imidazolium Tin Fluoride,14,"B.Saparov et al., Chem. Rev. 116, 4558 (2016)",132.6419443299564,Sn,F,1,3,3,2,5,0,0,Imidazolium,3.0996,13.4372,16.5368,1.7606,-5.3982,-0.2344,0.4517,132.64,3.0647,3.31,4.3264,Imidazolium_Sn_F,1.0163999999999995
0543,4.64147165934,5.4812761026,5.47838642703,98.4709331609,100.241878051,100.2065029,Imidazolium Tin Fluoride,14,"B.Saparov et al., Chem. Rev. 116, 4558 (2016)",132.6647159034052,Sn,F,1,3,3,2,5,0,0,Imidazolium,3.094,9.9792,13.0732,1.759,-5.3984,-0.2346,0.4515,132.66,3.0642,3.3267,4.3474,Imidazolium_Sn_F,1.0207000000000002
0544,4.74243577671,3.52410489925,7.97801165232,87.5568616724,87.0508014433,80.4482854352,Imidazolium Tin Fluoride,14,"B.Saparov et al., Chem. Rev. 116, 4558 (2016)",131.2338694793501,Sn,F,1,3,3,2,5,0,0,Imidazolium,3.1432,5.9185,9.0618,1.7729,-5.3828,-0.219,0.4671,131.23,3.0976,3.1236,4.4573,Imidazolium_Sn_F,1.3336999999999999
0545,8.58420874108,3.5241152434,4.73748785082,80.4735623836,88.8546914263,68.2375529432,Imidazolium Tin Fluoride,14,"B.Saparov et al., Chem. Rev. 116, 4558 (2016)",131.13332658326533,Sn,F,1,3,3,2,5,0,0,Imidazolium,3.1454,6.1882,9.3336,1.7735,-5.3825,-0.2186,0.4675,131.13,3.0999,3.1193,4.4508,Imidazolium_Sn_F,1.3315000000000001
0546,7.95095149984,3.55816195303,4.71629992667,99.9160121306,93.1772308404,87.9887255145,Imidazolium Tin Fluoride,14,"B.Saparov et al., Chem. Rev. 116, 4558 (2016)",131.18820040800452,Sn,F,1,3,3,2,5,0,0,Imidazolium,3.1414,5.5663,8.7076,1.7724,-5.3827,-0.2189,0.4672,131.19,3.0985,3.1435,4.4669,Imidazolium_Sn_F,1.3234
0547,4.65349984778,3.43428240963,8.32085928281,97.5629972803,86.0426720018,87.5754494699,Imidazolium Tin Fluoride,14,"B.Saparov et al., Chem. Rev. 116, 4558 (2016)",131.33047289908316,Sn,F,1,3,3,2,5,0,0,Imidazolium,3.1493,10.4641,13.6135,1.7746,-5.382,-0.2182,0.4679,131.33,3.0952,2.9884,4.1571,Imidazolium_Sn_F,1.1686999999999999
0548,4.70728697465,3.54059708226,8.55089874764,110.908582734,94.2404501268,87.0462840856,Imidazolium Tin Fluoride,14,"B.Saparov et al., Chem. Rev. 116, 4558 (2016)",132.7172381004001,Sn,F,1,3,3,2,5,0,0,Imidazolium,3.1709,5.0083,8.1793,1.7807,-5.3804,-0.2166,0.4695,132.72,3.0628,2.6833,3.985,Imidazolium_Sn_F,1.3016999999999999
0549,5.80029339743,5.80164572873,6.0812410116,79.2922470961,89.8837430048,96.9779363734,Ethylammonium Tin Chloride,15,"B.Saparov et al., Chem. Rev. 116, 4558 (2016)",199.52517359031737,Sn,Cl,1,3,2,1,8,0,0,Ethylammonium,3.5757,7.8054,11.3811,1.891,-4.3962,-0.067,0.2016,199.53,2.2567,2.2771,3.0222,Ethylammonium_Sn_Cl,0.7451000000000003
0550,6.05555371585,5.69384340537,5.95367064212,83.8614780144,76.3397465601,84.9020823276,Ethylammonium Tin Chloride,15,"B.Saparov et al., Chem. Rev. 116, 4558 (2016)",197.8981876253601,Sn,Cl,1,3,2,1,8,0,0,Ethylammonium,3.6762,36.2078,39.884,1.9173,-4.3946,-0.0654,0.2032,197.9,2.2753,2.0315,2.8315,Ethylammonium_Sn_Cl,0.8000000000000003
0551,5.7338602464,4.19551515066,8.59668729719,97.482957597,91.987888065,97.1230129925,Ethylammonium Tin Chloride,15,"B.Saparov et al., Chem. Rev. 116, 4558 (2016)",203.1906505530443,Sn,Cl,1,3,2,1,8,0,0,Ethylammonium,3.247,5.3447,8.5917,1.802,-4.3861,-0.0568,0.2117,203.19,2.2161,3.3372,4.2455,Ethylammonium_Sn_Cl,0.9082999999999997
0552,8.24817000022,4.25908062065,5.84808836194,79.4851168525,94.0511003501,87.6330492141,Ethylammonium Tin Chloride,15,"B.Saparov et al., Chem. Rev. 116, 4558 (2016)",201.17875936317708,Sn,Cl,1,3,2,1,8,0,0,Ethylammonium,3.2755,6.5252,9.8006,1.8098,-4.3893,-0.06,0.2085,201.18,2.2382,3.3111,4.2373,Ethylammonium_Sn_Cl,0.9262000000000001
0553,5.96056165445,4.28457727111,8.0900317957,95.0875219603,99.1913048063,94.9260307059,Ethylammonium Tin Chloride,15,"B.Saparov et al., Chem. Rev. 116, 4558 (2016)",202.09688098752912,Sn,Cl,1,3,2,1,8,0,0,Ethylammonium,3.3275,19.4165,22.744,1.8241,-4.3885,-0.0592,0.2093,202.1,2.228,3.0518,3.9468,Ethylammonium_Sn_Cl,0.895
0554,5.79370495033,4.24442341996,9.24080604235,64.539552068,98.8476531232,101.157175168,Ethylammonium Tin Chloride,15,"B.Saparov et al., Chem. Rev. 116, 4558 (2016)",200.65253951216624,Sn,Cl,1,3,2,1,8,0,0,Ethylammonium,3.2811,6.2851,9.5661,1.8114,-4.389,-0.0598,0.2088,200.65,2.2441,3.3439,4.2734,Ethylammonium_Sn_Cl,0.9294999999999995
0555,7.38787081582,4.45638212976,6.91310619452,108.801213541,84.3491986475,101.400064256,Ethylammonium Tin Chloride,15,"B.Saparov et al., Chem. Rev. 116, 4558 (2016)",211.0581370818299,Sn,Cl,1,3,2,1,8,0,0,Ethylammonium,3.0717,14.2313,17.303,1.7526,-4.3823,-0.0531,0.2154,211.06,2.1334,3.2044,4.1526,Ethylammonium_Sn_Cl,0.9481999999999995
0556,5.8717123736,4.14710055593,9.1345414526,102.680266182,79.880045024,109.105396329,Ethylammonium Tin Chloride,15,"B.Saparov et al., Chem. Rev. 116, 4558 (2016)",203.74765686589265,Sn,Cl,1,3,2,1,8,0,0,Ethylammonium,3.2093,7.6834,10.8927,1.7915,-4.3851,-0.0558,0.2127,203.75,2.21,3.3505,4.2709,Ethylammonium_Sn_Cl,0.9204000000000003
0557,8.52848575052,4.18993830018,5.44006826394,89.3138349561,89.9257330599,90.5120679202,Ethylammonium Tin Chloride,15,"B.Saparov et al., Chem. Rev. 116, 4558 (2016)",194.37257523198772,Sn,Cl,1,3,2,1,8,0,0,Ethylammonium,3.4077,21.5078,24.9155,1.846,-4.3774,-0.0482,0.2204,194.37,2.3166,3.1242,4.0078,Ethylammonium_Sn_Cl,0.8835999999999995
0558,10.5724252751,4.54182251175,4.25746309712,90.1787383792,89.6478490694,84.9578841756,Ethylammonium Tin Chloride,15,"B.Saparov et al., Chem. Rev. 116, 4558 (2016)",203.63888928215275,Sn,Cl,1,3,2,1,8,0,0,Ethylammonium,3.5206,27.8947,31.4153,1.8763,-4.3717,-0.0425,0.226,203.64,2.2112,1.5692,2.2931,Ethylammonium_Sn_Cl,0.7239
0559,9.86351269788,4.68345607177,5.2469108941,74.4448776847,105.480061557,120.129955507,Ethylammonium Tin Chloride,15,"B.Saparov et al., Chem. Rev. 116, 4558 (2016)",199.3940369864464,Sn,Cl,1,3,2,1,8,0,0,Ethylammonium,3.2104,4.5256,7.7361,1.7918,-4.3728,-0.0436,0.2249,199.39,2.2583,3.2317,4.1933,Ethylammonium_Sn_Cl,0.9615999999999998
0560,6.00692558158,5.84781962849,6.89495421631,72.9568272767,89.079133949,85.7772342389,Propylammonium Tin Chloride,18,"S.Kataoka et al., J. Am. Chem. Soc. 137, 4158 (2015)",230.9329503324576,Sn,Cl,1,3,3,1,10,0,0,Propylammonium,3.0607,2.9427,6.0034,1.7495,-4.5021,-0.1027,0.1211,230.93,2.0507,3.1025,3.9708,Propylammonium_Sn_Cl,0.8683000000000001
0561,5.9029663672,5.81305366433,7.0870693367,106.403507792,83.2180016336,87.8262811696,Propylammonium Tin Chloride,18,"S.Kataoka et al., J. Am. Chem. Soc. 137, 4158 (2015)",231.00716516221152,Sn,Cl,1,3,3,1,10,0,0,Propylammonium,3.0914,2.9799,6.0713,1.7582,-4.5035,-0.1041,0.1197,231.01,2.05,2.9287,3.7648,Propylammonium_Sn_Cl,0.8361000000000001
0562,5.96463329755,5.88049744837,7.01528366542,106.542911036,79.355359368,93.5294907785,Propylammonium Tin Chloride,18,"S.Kataoka et al., J. Am. Chem. Soc. 137, 4158 (2015)",231.8063646873706,Sn,Cl,1,3,3,1,10,0,0,Propylammonium,3.1999,6.5081,9.708,1.7888,-4.5046,-0.1052,0.1186,231.81,2.043,2.4002,3.2569,Propylammonium_Sn_Cl,0.8567
0563,6.1999828356,5.87538006279,6.14210204772,98.2559430354,81.0000306739,97.0194191603,Propylammonium Tin Chloride,18,"S.Kataoka et al., J. Am. Chem. Soc. 137, 4158 (2015)",217.5535481204044,Sn,Cl,1,3,3,1,10,0,0,Propylammonium,3.3692,4.2552,7.6244,1.8355,-4.5064,-0.1069,0.1169,217.55,2.1769,2.6791,3.5793,Propylammonium_Sn_Cl,0.9001999999999999
0564,6.2226184797,6.07217436935,6.04738003502,76.8245379752,89.4125723402,82.875143538,Propylammonium Tin Chloride,18,"S.Kataoka et al., J. Am. Chem. Soc. 137, 4158 (2015)",220.72794848805145,Sn,Cl,1,3,3,1,10,0,0,Propylammonium,3.2759,2.9057,6.1816,1.81,-4.5075,-0.1081,0.1157,220.73,2.1455,2.6901,3.5213,Propylammonium_Sn_Cl,0.8311999999999999
0565,6.19787745868,5.86563963446,6.1517126478,81.8387189986,80.9472350412,82.74101968,Propylammonium Tin Chloride,18,"S.Kataoka et al., J. Am. Chem. Soc. 137, 4158 (2015)",217.37886546297756,Sn,Cl,1,3,3,1,10,0,0,Propylammonium,3.3778,4.5102,7.888,1.8379,-4.5063,-0.1069,0.1169,217.38,2.1786,2.6582,3.5638,Propylammonium_Sn_Cl,0.9056000000000002
0566,8.11606605917,4.36122779003,7.11527107946,75.8844799547,81.1607357093,74.3007948765,Propylammonium Tin Chloride,18,"S.Kataoka et al., J. Am. Chem. Soc. 137, 4158 (2015)",234.09721435722616,Sn,Cl,1,3,3,1,10,0,0,Propylammonium,2.9805,4.269,7.2494,1.7264,-4.4961,-0.0967,0.1271,234.1,2.023,3.2731,4.2233,Propylammonium_Sn_Cl,0.9502000000000002
0567,5.87573164908,4.22837666555,10.0637530599,86.7765345511,115.941415004,101.899231115,Propylammonium Tin Chloride,18,"S.Kataoka et al., J. Am. Chem. Soc. 137, 4158 (2015)",219.84383079197397,Sn,Cl,1,3,3,1,10,0,0,Propylammonium,3.2255,6.7006,9.9261,1.796,-4.5014,-0.102,0.1218,219.84,2.1542,3.4419,4.3866,Propylammonium_Sn_Cl,0.9446999999999997
0568,7.10139452584,4.56685766597,8.46926373319,95.0852028948,121.027629273,74.9613203521,Propylammonium Tin Chloride,18,"S.Kataoka et al., J. Am. Chem. Soc. 137, 4158 (2015)",226.9684492635496,Sn,Cl,1,3,3,1,10,0,0,Propylammonium,2.9854,2.3868,5.3722,1.7278,-4.4929,-0.0935,0.1303,226.97,2.0865,3.4331,4.4115,Propylammonium_Sn_Cl,0.9784000000000002
0569,8.01569098108,4.38590942961,7.10360688141,103.617314792,81.2825845438,105.184893999,Propylammonium Tin Chloride,18,"S.Kataoka et al., J. Am. Chem. Soc. 137, 4158 (2015)",233.16250948835585,Sn,Cl,1,3,3,1,10,0,0,Propylammonium,2.9828,3.8054,6.7881,1.7271,-4.4956,-0.0962,0.1276,233.16,2.0311,3.2665,4.2171,Propylammonium_Sn_Cl,0.9506000000000001
0570,9.12849737162,4.54332588242,6.60674280722,77.9940312853,60.4579393742,96.1063886717,Propylammonium Tin Chloride,18,"S.Kataoka et al., J. Am. Chem. Soc. 137, 4158 (2015)",226.03177123016332,Sn,Cl,1,3,3,1,10,0,0,Propylammonium,3.0546,3.245,6.2995,1.7477,-4.4919,-0.0925,0.1313,226.03,2.0952,3.1778,4.1083,Propylammonium_Sn_Cl,0.9304999999999999
0571,6.79593149391,5.25097190204,8.09048662334,92.6211722986,120.208101266,66.7905021791,Propylammonium Tin Chloride,18,"S.Kataoka et al., J. Am. Chem. Soc. 137, 4158 (2015)",225.0431952043089,Sn,Cl,1,3,3,1,10,0,0,Propylammonium,3.0117,4.7613,7.773,1.7354,-4.4885,-0.0891,0.1347,225.04,2.1044,3.3463,4.2934,Propylammonium_Sn_Cl,0.9471000000000003
0572,5.95472969165,5.82518862819,9.56618833677,63.8083711236,128.641316777,95.7827221756,Propylammonium Tin Chloride,18,"S.Kataoka et al., J. Am. Chem. Soc. 137, 4158 (2015)",225.2138491024261,Sn,Cl,1,3,3,1,10,0,0,Propylammonium,3.1709,3.1093,6.2802,1.7807,-4.5007,-0.1012,0.1226,225.21,2.1028,2.9721,3.8671,Propylammonium_Sn_Cl,0.895
0573,7.51136865223,5.98033666772,6.14627887682,80.0320523618,106.852390387,107.651439944,Butylammonium Tin Chloride,21,"H. Hu et al., Sci. Rep. 6, 33546 (2016)",250.69556237911007,Sn,Cl,1,3,4,1,12,0,0,Butylammonium,3.0418,2.5685,5.6103,1.7441,-4.583,-0.1334,0.0584,250.7,1.9819,2.8612,3.7468,Butylammonium_Sn_Cl,0.8855999999999997
0574,6.20806715964,7.17471000927,6.07661739749,79.0084529914,96.6975293204,111.355905201,Butylammonium Tin Chloride,21,"H. Hu et al., Sci. Rep. 6, 33546 (2016)",247.12051156130516,Sn,Cl,1,3,4,1,12,0,0,Butylammonium,3.0655,2.227,5.2925,1.7509,-4.5825,-0.133,0.0589,247.12,2.0106,3.081,3.951,Butylammonium_Sn_Cl,0.8700000000000001
0575,6.29357653224,5.84263456936,7.58811245619,70.8945534025,85.1929643703,90.0057833414,Butylammonium Tin Chloride,21,"H. Hu et al., Sci. Rep. 6, 33546 (2016)",262.6141020772225,Sn,Cl,1,3,4,1,12,0,0,Butylammonium,2.8326,2.3014,5.1341,1.683,-4.5838,-0.1342,0.0576,262.61,1.892,3.2435,4.1749,Butylammonium_Sn_Cl,0.9314
0576,6.54129083703,5.90958318295,5.88414317531,82.1016002432,84.6608830073,90.0685262261,Isopropylammonium Tin Chloride,18,"C.C.Stoumpos et al., J. Am. Chem. Soc. 137, 6804 (2015)",224.3013407268152,Sn,Cl,1,3,3,1,10,0,0,Isopropylammonium,3.2241,3.8326,7.0567,1.7956,-4.5139,-0.1085,0.1153,224.3,2.1114,3.0122,3.8921,Isopropylammonium_Sn_Cl,0.8799000000000001
0577,5.80728051457,6.32823696211,6.15694312599,88.3220674648,95.9904003525,79.272883481,Isopropylammonium Tin Chloride,18,"C.C.Stoumpos et al., J. Am. Chem. Soc. 137, 6804 (2015)",220.82387390169976,Sn,Cl,1,3,3,1,10,0,0,Isopropylammonium,3.3358,4.5332,7.8689,1.8264,-4.5104,-0.105,0.1188,220.82,2.1446,2.6468,3.4425,Isopropylammonium_Sn_Cl,0.7957000000000001
0578,6.20591880976,6.1797666318,5.94878685131,77.94324739,83.1449265317,90.73378084,Isopropylammonium Tin Chloride,18,"C.C.Stoumpos et al., J. Am. Chem. Soc. 137, 6804 (2015)",221.34779706922976,Sn,Cl,1,3,3,1,10,0,0,Isopropylammonium,3.2674,3.1293,6.3967,1.8076,-4.511,-0.1056,0.1182,221.35,2.1395,2.6766,3.4856,Isopropylammonium_Sn_Cl,0.8089999999999997
0579,5.82073783858,5.76803583382,6.63065151718,94.1478888063,91.5337944027,83.1073182597,Isopropylammonium Tin Chloride,18,"C.C.Stoumpos et al., J. Am. Chem. Soc. 137, 6804 (2015)",220.39437168063105,Sn,Cl,1,3,3,1,10,0,0,Isopropylammonium,3.2999,4.8837,8.1835,1.8166,-4.5118,-0.1063,0.1174,220.39,2.1488,2.9689,3.8415,Isopropylammonium_Sn_Cl,0.8725999999999998
0580,7.17120593688,4.83742679551,7.51226129451,108.244528928,95.2511933726,100.790149933,Isopropylammonium Tin Chloride,18,"C.C.Stoumpos et al., J. Am. Chem. Soc. 137, 6804 (2015)",239.95630495049764,Sn,Cl,1,3,3,1,10,0,0,Isopropylammonium,2.8592,2.0339,4.8931,1.6909,-4.5006,-0.0951,0.1287,239.96,1.9736,3.3051,4.2577,Isopropylammonium_Sn_Cl,0.9525999999999999
0581,8.32937168631,4.78125225952,6.55692877115,113.697363191,77.3323208218,106.47823633,Propylammonium Tin Chloride,18,"S.Kataoka et al., J. Am. Chem. Soc. 137, 4158 (2015)",227.63508142380024,Sn,Cl,1,3,3,1,10,0,0,Propylammonium,3.0121,3.2396,6.2517,1.7355,-4.5019,-0.1025,0.1213,227.64,2.0804,3.2354,4.1957,Propylammonium_Sn_Cl,0.9603000000000006
0582,6.01207107468,5.02016135024,8.64247400363,108.931606993,91.218468435,115.083996235,Isopropylammonium Tin Chloride,18,"C.C.Stoumpos et al., J. Am. Chem. Soc. 137, 6804 (2015)",219.5902857902051,Sn,Cl,1,3,3,1,10,0,0,Isopropylammonium,3.0887,2.6121,5.7008,1.7575,-4.5022,-0.0968,0.127,219.59,2.1566,3.5288,4.5288,Isopropylammonium_Sn_Cl,1.0000000000000004
0583,7.75935474323,4.30565040654,7.16940668769,76.5405987972,79.1316526437,90.9139141872,Isopropylammonium Tin Chloride,18,"C.C.Stoumpos et al., J. Am. Chem. Soc. 137, 6804 (2015)",228.31698934818493,Sn,Cl,1,3,3,1,10,0,0,Isopropylammonium,3.0464,5.7058,8.7522,1.7454,-4.4993,-0.0939,0.1299,228.32,2.0742,3.2841,4.2259,Isopropylammonium_Sn_Cl,0.9418000000000002
0584,6.16753345207,4.29036197265,8.63079102718,82.6695749701,83.5456310204,96.8618654369,Isopropylammonium Tin Chloride,18,"C.C.Stoumpos et al., J. Am. Chem. Soc. 137, 6804 (2015)",222.9921543392261,Sn,Cl,1,3,3,1,10,0,0,Isopropylammonium,3.1672,10.4505,13.6177,1.7797,-4.4953,-0.0898,0.134,222.99,2.1238,3.3938,4.3481,Isopropylammonium_Sn_Cl,0.9542999999999995
0585,5.93146119679,6.04958137399,5.83799444778,85.0144181058,97.5366061297,102.526557325,Dimethylammonium Tin Chloride,15,"B.Saparov et al., Chem. Rev. 116, 4558 (2016)",202.36048545692097,Sn,Cl,1,3,2,1,8,0,0,Dimethylammonium,3.4326,5.6923,9.1249,1.8527,-4.3743,-0.0672,0.2013,202.36,2.2252,2.7024,3.4799,Dimethylammonium_Sn_Cl,0.7775000000000003
0586,5.98798558765,5.94464874914,5.87017511875,84.9510240811,103.744449005,98.2143505265,Dimethylammonium Tin Chloride,15,"B.Saparov et al., Chem. Rev. 116, 4558 (2016)",200.5737637303785,Sn,Cl,1,3,2,1,8,0,0,Dimethylammonium,3.4847,5.9232,9.4079,1.8667,-4.3765,-0.0694,0.1991,200.57,2.245,2.4751,3.275,Dimethylammonium_Sn_Cl,0.7999
0587,5.97226209462,5.94289964652,5.9154372597,79.5102348152,101.504284616,97.5849902504,Dimethylammonium Tin Chloride,15,"B.Saparov et al., Chem. Rev. 116, 4558 (2016)",201.29757791015555,Sn,Cl,1,3,2,1,8,0,0,Dimethylammonium,3.5087,5.9173,9.426,1.8732,-4.3755,-0.0684,0.2001,201.3,2.2369,2.1475,2.9218,Dimethylammonium_Sn_Cl,0.7743000000000002
0588,5.92524476052,4.25492555363,8.14373961545,88.6276523966,81.7270105252,81.0756483085,Dimethylammonium Tin Chloride,15,"B.Saparov et al., Chem. Rev. 116, 4558 (2016)",200.7191600939783,Sn,Cl,1,3,2,1,8,0,0,Dimethylammonium,3.2885,9.1563,12.4448,1.8134,-4.3668,-0.0597,0.2088,200.72,2.2433,3.1829,4.0954,Dimethylammonium_Sn_Cl,0.9124999999999996
0589,5.91999816781,4.26508495593,8.14209158437,91.1246082338,81.8320296575,99.4448298646,Dimethylammonium Tin Chloride,15,"B.Saparov et al., Chem. Rev. 116, 4558 (2016)",200.7365920839953,Sn,Cl,1,3,2,1,8,0,0,Dimethylammonium,3.2904,8.7742,12.0646,1.814,-4.3669,-0.0598,0.2087,200.74,2.2431,3.1655,4.0756,Dimethylammonium_Sn_Cl,0.9100999999999995
0590,5.93250665482,4.27253685605,8.11157439677,91.4459761054,82.1837152743,99.1061262965,Dimethylammonium Tin Chloride,15,"B.Saparov et al., Chem. Rev. 116, 4558 (2016)",201.12406840273067,Sn,Cl,1,3,2,1,8,0,0,Dimethylammonium,3.2824,8.4775,11.7599,1.8117,-4.3671,-0.0601,0.2085,201.12,2.2389,3.1732,4.0861,Dimethylammonium_Sn_Cl,0.9129
0591,8.04872882981,4.27065312684,6.83445770758,120.786539814,93.8799388214,93.2072067822,Dimethylammonium Tin Chloride,15,"B.Saparov et al., Chem. Rev. 116, 4558 (2016)",200.2275880801008,Sn,Cl,1,3,2,1,8,0,0,Dimethylammonium,3.2958,6.817,10.1128,1.8154,-4.3669,-0.0599,0.2087,200.23,2.2488,3.2195,4.1413,Dimethylammonium_Sn_Cl,0.9218000000000002
0592,5.88448833592,4.34728950712,7.85531041475,81.9987462532,85.3666019727,83.4051247038,Dimethylammonium Tin Chloride,15,"B.Saparov et al., Chem. Rev. 116, 4558 (2016)",197.2489424808388,Sn,Cl,1,3,2,1,8,0,0,Dimethylammonium,3.3278,5.9447,9.2725,1.8242,-4.3663,-0.0592,0.2094,197.25,2.2828,3.259,4.1848,Dimethylammonium_Sn_Cl,0.9258000000000002
0593,5.90200573202,6.00840882982,6.02531528493,87.6061830523,102.599120407,78.3288133588,Acetamidinium Tin Chloride,15,"C.C.Stoumpos et al., J. Am. Chem. Soc. 137, 6804 (2015)",203.38496465028143,Sn,Cl,1,3,2,2,7,0,0,Acetamidinium,3.5574,44.663,48.2204,1.8861,-4.6822,0.0509,0.3195,203.38,2.3201,2.51,3.2887,Acetamidinium_Sn_Cl,0.7787000000000002
0594,5.88955158369,6.05447042054,6.04405338481,92.3836650657,102.045253023,102.490400301,Acetamidinium Tin Chloride,15,"C.C.Stoumpos et al., J. Am. Chem. Soc. 137, 6804 (2015)",204.9353603063437,Sn,Cl,1,3,2,2,7,0,0,Acetamidinium,3.53,41.4747,45.0047,1.8788,-4.6827,0.0505,0.319,204.94,2.3025,2.5878,3.3684,Acetamidinium_Sn_Cl,0.7805999999999997
0595,5.99461637822,6.0062325509,5.89624854972,83.5533458492,102.925280998,90.9767519103,Acetamidinium Tin Chloride,15,"C.C.Stoumpos et al., J. Am. Chem. Soc. 137, 6804 (2015)",205.60028506034652,Sn,Cl,1,3,2,2,7,0,0,Acetamidinium,3.5618,8.3385,11.9002,1.8873,-4.6822,0.0509,0.3195,205.6,2.2951,2.267,3.0364,Acetamidinium_Sn_Cl,0.7694000000000001
0596,6.00236983208,4.2029631074,8.15821221511,89.4698093788,96.1122955222,102.36060065,Acetamidinium Tin Chloride,15,"C.C.Stoumpos et al., J. Am. Chem. Soc. 137, 6804 (2015)",199.88011094406252,Sn,Cl,1,3,2,2,7,0,0,Acetamidinium,3.3899,5.2863,8.6762,1.8412,-4.6818,0.0514,0.3199,199.88,2.3608,3.2485,4.2073,Acetamidinium_Sn_Cl,0.9588000000000001
0597,8.13753399914,4.2093124283,6.00745923317,102.421422035,83.8185912095,90.5231099909,Acetamidinium Tin Chloride,15,"C.C.Stoumpos et al., J. Am. Chem. Soc. 137, 6804 (2015)",199.76997030840135,Sn,Cl,1,3,2,2,7,0,0,Acetamidinium,3.3895,5.4779,8.8674,1.8411,-4.6817,0.0514,0.32,199.77,2.3621,3.2503,4.2103,Acetamidinium_Sn_Cl,0.96
0598,5.97984922108,4.11798715508,8.95919968342,109.178409766,80.4088840078,91.9707814762,Acetamidinium Tin Chloride,15,"C.C.Stoumpos et al., J. Am. Chem. Soc. 137, 6804 (2015)",205.4136968861496,Sn,Cl,1,3,2,2,7,0,0,Acetamidinium,3.3307,9.6511,12.9818,1.825,-4.6738,0.0593,0.3279,205.41,2.2972,3.2093,4.1498,Acetamidinium_Sn_Cl,0.9405000000000001
0599,5.71505039197,5.63179082788,5.75915126404,90.0467667444,95.4672284879,89.9056067021,Methylammonium Tin Chloride,12,"T.D.Huan et al., Phys. Rev. B 93,094105(2016)",184.5203227949167,Sn,Cl,1,3,1,1,6,0,0,Methylammonium,4.055,20.4992,24.5542,2.0137,-4.2138,0.0027,0.3384,184.52,2.3141,1.4646,2.1551,Methylammonium_Sn_Cl,0.6905000000000001
0600,5.70716436254,5.66996671633,5.77402605594,87.0868783196,83.8822565927,92.603325912,Methylammonium Tin Chloride,12,"T.D.Huan et al., Phys. Rev. B 93,094105(2016)",185.296750026159,Sn,Cl,1,3,1,1,6,0,0,Methylammonium,4.0159,23.5204,27.5363,2.004,-4.2134,0.0031,0.3388,185.3,2.3043,1.6094,2.2685,Methylammonium_Sn_Cl,0.6591
0601,5.84585527052,4.23218943318,7.521735657,99.9051817004,79.4737724411,93.3776908613,Methylammonium Tin Chloride,12,"T.D.Huan et al., Phys. Rev. B 93,094105(2016)",180.1619135687138,Sn,Cl,1,3,1,1,6,0,0,Methylammonium,3.4435,17.5244,20.9679,1.8557,-4.2049,0.0116,0.3473,180.16,2.3701,2.9588,3.8448,Methylammonium_Sn_Cl,0.8860000000000001
0602,6.06519825555,4.26195991659,7.71073860442,106.569604804,85.3501561155,73.5280790758,Methylammonium Tin Chloride,12,"T.D.Huan et al., Phys. Rev. B 93,094105(2016)",180.336739221699,Sn,Cl,1,3,1,1,6,0,0,Methylammonium,3.3633,15.6496,19.0129,1.8339,-4.202,0.0146,0.3502,180.34,2.3677,3.1758,4.1051,Methylammonium_Sn_Cl,0.9293
0603,7.66145199899,4.13374921191,5.67221420915,82.643711997,93.7999698128,90.3511555435,Methylammonium Tin Chloride,12,"T.D.Huan et al., Phys. Rev. B 93,094105(2016)",177.77117537867724,Sn,Cl,1,3,1,1,6,0,0,Methylammonium,3.5757,14.3732,17.9489,1.891,-4.2048,0.0118,0.3474,177.77,2.4019,2.8637,3.7354,Methylammonium_Sn_Cl,0.8716999999999997
0604,7.19120173686,4.53789421229,7.26149006626,51.5013765981,100.109636989,103.457841659,Methylammonium Tin Chloride,12,"T.D.Huan et al., Phys. Rev. B 93,094105(2016)",180.2145086913841,Sn,Cl,1,3,1,1,6,0,0,Methylammonium,3.5504,11.9468,15.4972,1.8842,-4.2036,0.013,0.3487,180.21,2.3694,2.5748,3.4137,Methylammonium_Sn_Cl,0.8388999999999998
0605,5.84553607493,5.86428900353,5.86382222898,97.8880477824,96.5798932916,96.3540877212,Guanidinium Tin Chloride,14,"B.Saparov et al., Chem. Rev. 116, 4558 (2016)",196.1592331807428,Sn,Cl,1,3,1,3,6,0,0,Guanidinium,3.7154,8.6272,12.3426,1.9275,-4.7263,0.2338,0.5216,196.16,2.4139,2.5824,3.3492,Guanidinium_Sn_Cl,0.7668000000000004
0606,9.01221086603,4.10211310355,5.96310725049,77.1169969874,96.6036493057,117.104658641,Guanidinium Tin Chloride,14,"B.Saparov et al., Chem. Rev. 116, 4558 (2016)",191.2771856515486,Sn,Cl,1,3,1,3,6,0,0,Guanidinium,3.5063,9.1812,12.6875,1.8725,-4.7248,0.2353,0.523,191.28,2.4755,3.1334,4.007,Guanidinium_Sn_Cl,0.8735999999999997
0607,5.62675677545,5.64861762358,5.56129871013,109.630910907,93.5783156184,81.0785195603,Hydroxylammonium Tin Chloride,10,"G.Kieslich et al., Chem. Sci. 6, 3430 (2015)",164.4589574691118,Sn,Cl,1,3,0,1,4,0,1,Hydroxylammonium,3.8247,16.8535,20.6782,1.9557,-3.9336,0.1888,0.5916,164.46,2.6162,2.9737,3.7949,Hydroxylammonium_Sn_Cl,0.8212000000000002
0608,5.72784574419,4.26839143277,7.02752807153,107.934823042,84.1936554332,92.3615737464,Hydroxylammonium Tin Chloride,10,"G.Kieslich et al., Chem. Sci. 6, 3430 (2015)",162.6171346104702,Sn,Cl,1,3,0,1,4,0,1,Hydroxylammonium,3.833,16.3575,20.1905,1.9578,-3.9547,0.1677,0.5705,162.62,2.6458,2.5228,3.3424,Hydroxylammonium_Sn_Cl,0.8195999999999999
0609,5.62416446157,4.08693110715,7.22582148869,105.217288878,80.1514821134,95.5786107633,Hydroxylammonium Tin Chloride,10,"G.Kieslich et al., Chem. Sci. 6, 3430 (2015)",157.6650728080231,Sn,Cl,1,3,0,1,4,0,1,Hydroxylammonium,3.7328,10.573,14.3057,1.932,-3.9518,0.1707,0.5735,157.67,2.7289,3.0231,3.9707,Hydroxylammonium_Sn_Cl,0.9476
0610,7.06699494745,4.17988416674,5.60199406428,85.5555170216,79.8456102082,75.4942501939,Hydroxylammonium Tin Chloride,10,"G.Kieslich et al., Chem. Sci. 6, 3430 (2015)",157.5976087931329,Sn,Cl,1,3,0,1,4,0,1,Hydroxylammonium,3.7486,13.2329,16.9815,1.9361,-3.9491,0.1734,0.5762,157.6,2.7301,2.9558,3.8953,Hydroxylammonium_Sn_Cl,0.9395000000000002
0611,5.81135229523,4.23379925392,6.83139438878,106.411211814,86.7745496274,87.2998612025,Hydroxylammonium Tin Chloride,10,"G.Kieslich et al., Chem. Sci. 6, 3430 (2015)",160.62837093857743,Sn,Cl,1,3,0,1,4,0,1,Hydroxylammonium,3.6185,12.9352,16.5537,1.9022,-3.9512,0.1712,0.574,160.63,2.6786,3.1334,4.0721,Hydroxylammonium_Sn_Cl,0.9386999999999999
0612,7.29148392543,4.09176436343,5.63745213488,84.07379826,96.582285991,72.7906003974,Hydroxylammonium Tin Chloride,10,"G.Kieslich et al., Chem. Sci. 6, 3430 (2015)",157.92836806634477,Sn,Cl,1,3,0,1,4,0,1,Hydroxylammonium,3.7263,10.2834,14.0097,1.9304,-3.9523,0.1702,0.573,157.93,2.7244,3.0276,3.983,Hydroxylammonium_Sn_Cl,0.9554
0613,5.77047085983,5.75947393893,5.71598201352,79.0205302978,81.8264239405,84.6485744149,Formamidinium Tin Chloride,12,"T.D.Huan et al., Phys. Rev. B 93,094105(2016)",184.1695375046387,Sn,Cl,1,3,1,2,5,0,0,Formamidinium,3.8791,10.817,14.6961,1.9696,-4.5581,-0.2491,0.0866,184.17,2.4357,2.1304,2.8626,Formamidinium_Sn_Cl,0.7322000000000002
0614,5.73196062977,5.76225969574,5.72832796812,91.9679980856,104.448976066,93.0069875322,Formamidinium Tin Chloride,12,"T.D.Huan et al., Phys. Rev. B 93,094105(2016)",182.7443477988213,Sn,Cl,1,3,1,2,5,0,0,Formamidinium,3.9085,16.1676,20.0761,1.977,-4.5585,-0.2495,0.0862,182.74,2.4547,2.3183,3.0719,Formamidinium_Sn_Cl,0.7536
0615,5.72738065568,5.93625655528,5.93526227819,101.55796695,100.043340319,73.0803277397,Formamidinium Tin Chloride,12,"T.D.Huan et al., Phys. Rev. B 93,094105(2016)",187.6883628088509,Sn,Cl,1,3,1,2,5,0,0,Formamidinium,3.3795,3.9632,7.3427,1.8383,-4.4185,-0.1095,0.2262,187.69,2.39,2.7566,3.7284,Formamidinium_Sn_Cl,0.9718
0616,6.21810654382,6.22615619811,6.30068902005,91.2341678158,90.7183017056,89.4462833498,Tetramethylammonium Tin Chloride,21,"B.Saparov et al., Chem. Rev. 116, 4558 (2016)",243.844042699384,Sn,Cl,1,3,4,1,12,0,0,Tetramethylammonium,3.1115,2.0564,5.1679,1.7639,-4.5592,-0.1167,0.049,243.84,2.0377,2.9327,3.8012,Tetramethylammonium_Sn_Cl,0.8685
0617,6.23410384207,6.41309702983,6.17205122469,90.3330442419,86.8428909547,89.4454044924,Tetramethylammonium Tin Chloride,21,"B.Saparov et al., Chem. Rev. 116, 4558 (2016)",246.36703999002103,Sn,Cl,1,3,4,1,12,0,0,Tetramethylammonium,3.0584,1.9159,4.9743,1.7488,-4.56,-0.1175,0.0481,246.37,2.0168,3.0944,3.9708,Tetramethylammonium_Sn_Cl,0.8764000000000003
0618,6.65533922887,5.17873459345,7.34128354411,89.7973187163,89.8068250965,85.9348635173,Tetramethylammonium Tin Chloride,21,"B.Saparov et al., Chem. Rev. 116, 4558 (2016)",252.3870047612184,Sn,Cl,1,3,4,1,12,0,0,Tetramethylammonium,2.8876,1.8058,4.6934,1.6993,-4.5521,-0.1096,0.0561,252.39,1.9687,3.3421,4.2992,Tetramethylammonium_Sn_Cl,0.9571000000000001
0619,5.73894520065,5.54283585233,5.65891481926,93.1739294941,84.1173251788,87.0564669033,Hydrazinium Tin Chloride,11,"B.Saparov et al., Chem. Rev. 116, 4558 (2016)",178.4926832596514,Sn,Cl,1,3,0,2,5,0,0,Hydrazinium,4.0315,14.3791,18.4107,2.0079,-4.1009,0.2532,0.6194,178.49,2.4014,1.8717,2.4811,Hydrazinium_Sn_Cl,0.6094000000000002
0620,3.99536174659,5.91685558169,7.45665288029,94.7646567874,108.445630884,87.7469348221,Hydrazinium Tin Chloride,11,"B.Saparov et al., Chem. Rev. 116, 4558 (2016)",166.62516592885066,Sn,Cl,1,3,0,2,5,0,0,Hydrazinium,3.8109,13.5481,17.3591,1.9522,-4.1203,0.2339,0.6001,166.63,2.5724,2.4856,3.3256,Hydrazinium_Sn_Cl,0.8400000000000003
0621,8.68911561417,5.58207915826,5.73718353777,112.039762327,43.274487434,118.23904456,Hydrazinium Tin Chloride,11,"B.Saparov et al., Chem. Rev. 116, 4558 (2016)",167.83274974349007,Sn,Cl,1,3,0,2,5,0,0,Hydrazinium,3.702,14.6404,18.3424,1.924,-4.1049,0.2493,0.6155,167.83,2.554,2.9804,3.8342,Hydrazinium_Sn_Cl,0.8538000000000001
0622,3.94890776141,5.99001769875,7.73368152324,81.0866396171,108.500262676,111.102363086,Hydrazinium Tin Chloride,11,"B.Saparov et al., Chem. Rev. 116, 4558 (2016)",161.6740836818456,Sn,Cl,1,3,0,2,5,0,0,Hydrazinium,3.7293,11.7871,15.5163,1.9311,-4.1216,0.2325,0.5987,161.67,2.6513,3.0484,3.9126,Hydrazinium_Sn_Cl,0.8641999999999999
0623,7.01012714899,5.76999007869,4.31480723532,92.1678045988,73.0761575968,88.1906219777,Hydrazinium Tin Chloride,11,"B.Saparov et al., Chem. Rev. 116, 4558 (2016)",166.68346189786635,Sn,Cl,1,3,0,2,5,0,0,Hydrazinium,3.6162,11.6413,15.2575,1.9016,-4.1124,0.2418,0.608,166.68,2.5716,3.1033,4.0779,Hydrazinium_Sn_Cl,0.9745999999999997
0624,7.01845724431,5.75966704187,4.32278811047,88.2642098664,72.8848356997,92.0124175404,Hydrazinium Tin Chloride,11,"B.Saparov et al., Chem. Rev. 116, 4558 (2016)",166.7517194177293,Sn,Cl,1,3,0,2,5,0,0,Hydrazinium,3.6201,11.2514,14.8716,1.9027,-4.1125,0.2417,0.6079,166.75,2.5705,3.0947,4.0721,Hydrazinium_Sn_Cl,0.9773999999999998
0625,7.66440533151,3.94618614718,5.77585958132,94.6102527226,90.7056745429,72.7986937636,Hydrazinium Tin Chloride,11,"B.Saparov et al., Chem. Rev. 116, 4558 (2016)",166.3262046411118,Sn,Cl,1,3,0,2,5,0,0,Hydrazinium,3.6994,11.1263,14.8257,1.9234,-4.1176,0.2365,0.6027,166.33,2.577,2.8559,3.6565,Hydrazinium_Sn_Cl,0.8005999999999998
0626,7.23572716347,4.27671367731,5.71659910685,92.8442493799,103.799639038,76.7256659991,Hydrazinium Tin Chloride,11,"B.Saparov et al., Chem. Rev. 116, 4558 (2016)",167.20229126421654,Sn,Cl,1,3,0,2,5,0,0,Hydrazinium,3.623,12.7942,16.4172,1.9034,-4.1082,0.2459,0.6121,167.2,2.5636,3.0565,3.9766,Hydrazinium_Sn_Cl,0.9200999999999997
0627,7.43533889691,5.45963900193,4.41078818363,90.0095519776,106.876510259,76.0077253741,Hydrazinium Tin Chloride,11,"B.Saparov et al., Chem. Rev. 116, 4558 (2016)",165.78391864071563,Sn,Cl,1,3,0,2,5,0,0,Hydrazinium,3.7388,17.44,21.1788,1.9336,-4.1086,0.2456,0.6118,165.78,2.5855,2.8531,3.7779,Hydrazinium_Sn_Cl,0.9247999999999998
0628,7.70295489497,3.92628014956,5.64915958761,89.3725816539,89.7361597318,78.2220230999,Hydrazinium Tin Chloride,11,"B.Saparov et al., Chem. Rev. 116, 4558 (2016)",167.24528054768894,Sn,Cl,1,3,0,2,5,0,0,Hydrazinium,3.8871,66.0937,69.9809,1.9716,-4.1173,0.2369,0.6031,167.25,2.5628,2.5046,3.2211,Hydrazinium_Sn_Cl,0.7164999999999999
0629,5.93783528379,4.00015856169,7.47396373301,101.698131734,93.5963960908,68.5038451821,Hydrazinium Tin Chloride,11,"B.Saparov et al., Chem. Rev. 116, 4558 (2016)",161.7317021071879,Sn,Cl,1,3,0,2,5,0,0,Hydrazinium,3.7499,12.4688,16.2187,1.9365,-4.1239,0.2303,0.5965,161.73,2.6503,3.1631,4.0233,Hydrazinium_Sn_Cl,0.8601999999999999
0630,7.04006792048,5.70369415556,4.2997036854,68.3314070776,107.270281686,102.101424175,Ammonium Tin Chloride,9,"T.D.Huan et al., Phys. Rev. B 93,094105(2016)",152.24125879880418,Sn,Cl,1,3,0,1,4,0,0,Ammonium,3.7136,24.0218,27.7354,1.9271,-3.9316,0.151,0.5986,152.24,2.6517,3.0513,4.0297,Ammonium_Sn_Cl,0.9784000000000002
0631,5.64229350452,5.64495476355,5.65206238749,83.3075676425,83.2796141914,83.417151562,Ammonium Tin Chloride,9,"T.D.Huan et al., Phys. Rev. B 93,094105(2016)",176.63244999062562,Sn,Cl,1,3,0,1,4,0,0,Ammonium,3.7569,12.7321,16.489,1.9383,-3.9222,0.1604,0.608,176.63,2.2856,1.8983,2.5818,Ammonium_Sn_Cl,0.6834999999999998
0632,7.03753139336,5.70322280827,4.30277215937,111.660760116,107.275052576,77.8920896043,Ammonium Tin Chloride,9,"T.D.Huan et al., Phys. Rev. B 93,094105(2016)",152.2844774337754,Sn,Cl,1,3,0,1,4,0,0,Ammonium,3.7096,18.2034,21.913,1.926,-3.9316,0.151,0.5986,152.28,2.651,3.0521,4.043,Ammonium_Sn_Cl,0.9909000000000003
0633,4.30015066107,5.70548002019,7.03658929881,77.8786150901,72.6978555196,68.2991721168,Ammonium Tin Chloride,9,"T.D.Huan et al., Phys. Rev. B 93,094105(2016)",152.1685488585737,Sn,Cl,1,3,0,1,4,0,0,Ammonium,3.7136,22.3953,26.1089,1.9271,-3.9315,0.1511,0.5987,152.17,2.6529,3.1189,4.0415,Ammonium_Sn_Cl,0.9226000000000001
0634,5.87619508457,6.14972417319,6.2869891358,86.2328305193,88.6225102623,100.522933955,Trimethylammonium Tin Chloride,18,"A. Mancini et al., J. Solid State Chem. 240, 55 (2016)",222.73875967778892,Sn,Cl,1,3,3,1,10,0,0,Trimethylammonium,3.2825,3.5596,6.8421,1.8118,-4.4841,-0.1122,0.1116,222.74,2.1261,2.4934,3.3343,Trimethylammonium_Sn_Cl,0.8409
0635,5.86120976503,6.10222984196,6.35869438845,88.7888434243,90.6486971396,101.897716203,Trimethylammonium Tin Chloride,18,"A. Mancini et al., J. Solid State Chem. 240, 55 (2016)",222.4867757439117,Sn,Cl,1,3,3,1,10,0,0,Trimethylammonium,3.2859,3.5134,6.7993,1.8127,-4.4839,-0.1119,0.1119,222.49,2.1285,2.2948,3.1218,Trimethylammonium_Sn_Cl,0.827
0636,5.92196057535,6.11605570333,6.25092337129,97.8742495893,87.2749035263,82.9556966232,Trimethylammonium Tin Chloride,18,"A. Mancini et al., J. Solid State Chem. 240, 55 (2016)",222.09761401375425,Sn,Cl,1,3,3,1,10,0,0,Trimethylammonium,3.2595,4.0313,7.2907,1.8054,-4.4839,-0.112,0.1118,222.1,2.1323,2.876,3.7227,Trimethylammonium_Sn_Cl,0.8467000000000002
0637,6.25629249351,6.22933240989,5.96255069628,94.4695243089,93.3729960082,102.686256558,Trimethylammonium Tin Chloride,18,"A. Mancini et al., J. Solid State Chem. 240, 55 (2016)",225.32317192373625,Sn,Cl,1,3,3,1,10,0,0,Trimethylammonium,3.1249,3.8269,6.9517,1.7677,-4.4847,-0.1128,0.111,225.32,2.1018,3.2703,4.1309,Trimethylammonium_Sn_Cl,0.8605999999999994
0638,5.96131094353,6.23227333975,6.25119180287,77.2886351299,85.8804168587,93.5703693704,Trimethylammonium Tin Chloride,18,"A. Mancini et al., J. Solid State Chem. 240, 55 (2016)",225.241175811279,Sn,Cl,1,3,3,1,10,0,0,Trimethylammonium,3.1262,2.6989,5.8251,1.7681,-4.4846,-0.1126,0.1112,225.24,2.1025,3.2609,4.1311,Trimethylammonium_Sn_Cl,0.8702000000000001
0639,6.16608835185,6.21276726924,6.16956038062,96.4024248242,98.284260922,96.2206718749,Trimethylammonium Tin Chloride,18,"A. Mancini et al., J. Solid State Chem. 240, 55 (2016)",230.55367807550448,Sn,Cl,1,3,3,1,10,0,0,Trimethylammonium,3.1521,2.3083,5.4604,1.7754,-4.4771,-0.1052,0.1186,230.55,2.0541,2.9507,3.8321,Trimethylammonium_Sn_Cl,0.8814000000000002
0640,5.96938425089,6.16669732202,6.12288024879,96.0258348915,81.5631656397,85.9564531621,Trimethylammonium Tin Chloride,18,"A. Mancini et al., J. Solid State Chem. 240, 55 (2016)",220.87340066953064,Sn,Cl,1,3,3,1,10,0,0,Trimethylammonium,3.2321,2.8322,6.0644,1.7978,-4.4851,-0.1132,0.1106,220.87,2.1441,3.1009,3.9545,Trimethylammonium_Sn_Cl,0.8535999999999997
0641,4.82918584251,7.4128749705,6.84031364168,101.608990613,77.4936611785,89.1018273559,Trimethylammonium Tin Chloride,18,"A. Mancini et al., J. Solid State Chem. 240, 55 (2016)",233.720096462958,Sn,Cl,1,3,3,1,10,0,0,Trimethylammonium,2.8954,2.2906,5.1861,1.7016,-4.4666,-0.0946,0.1292,233.72,2.0263,3.2343,4.1918,Trimethylammonium_Sn_Cl,0.9574999999999996
0642,8.15453921453,4.91473644612,5.8771027442,100.688240692,96.4106260225,91.630571552,Trimethylammonium Tin Chloride,18,"A. Mancini et al., J. Solid State Chem. 240, 55 (2016)",229.7137676982987,Sn,Cl,1,3,3,1,10,0,0,Trimethylammonium,3.0387,2.6202,5.6589,1.7432,-4.474,-0.102,0.1218,229.71,2.0616,3.2806,4.2105,Trimethylammonium_Sn_Cl,0.9298999999999995
0643,6.21546669271,4.82281804477,7.71860351122,91.1913183944,92.6172612856,75.0218250445,Trimethylammonium Tin Chloride,18,"A. Mancini et al., J. Solid State Chem. 240, 55 (2016)",223.26945664663617,Sn,Cl,1,3,3,1,10,0,0,Trimethylammonium,3.0488,2.7081,5.7569,1.7461,-4.473,-0.1011,0.1227,223.27,2.1211,3.4837,4.4416,Trimethylammonium_Sn_Cl,0.9579000000000004
0644,6.049883313,5.90345252589,5.90021771395,90.2184953738,89.9647415261,86.5361901722,Azetidinium Tin Chloride,16,"B. Zhou et al., Angew. Chem. Int. Ed. 50, 11441 (2011)",210.3408790343792,Sn,Cl,1,3,3,1,8,0,0,Azetidinium,3.6098,32.4477,36.0576,1.8999,-4.5543,-0.0897,0.1621,210.34,2.2356,2.0435,2.7985,Azetidinium_Sn_Cl,0.7550000000000003
0645,5.95632577541,5.92775807283,5.95961506094,92.7556101702,85.7737661259,90.8881234149,Azetidinium Tin Chloride,16,"B. Zhou et al., Angew. Chem. Int. Ed. 50, 11441 (2011)",209.5901339873727,Sn,Cl,1,3,3,1,8,0,0,Azetidinium,3.6385,7.3878,11.0263,1.9075,-4.5517,-0.0871,0.1647,209.59,2.2436,1.9365,2.6822,Azetidinium_Sn_Cl,0.7456999999999998
0646,5.91383858315,6.01184637924,5.93105991952,94.8106690364,92.5133601031,97.7520697218,Azetidinium Tin Chloride,16,"B. Zhou et al., Angew. Chem. Int. Ed. 50, 11441 (2011)",207.87914172597468,Sn,Cl,1,3,3,1,8,0,0,Azetidinium,3.5495,6.0929,9.6424,1.884,-4.5515,-0.0869,0.1649,207.88,2.262,2.5533,3.3093,Azetidinium_Sn_Cl,0.7559999999999998
0647,5.92754523064,5.93558852597,5.94079317999,85.5680456254,82.0168175153,94.8322259443,Azetidinium Tin Chloride,16,"B. Zhou et al., Angew. Chem. Int. Ed. 50, 11441 (2011)",205.41624984936743,Sn,Cl,1,3,3,1,8,0,0,Azetidinium,3.6157,6.6041,10.2198,1.9015,-4.5506,-0.086,0.1657,205.42,2.2891,2.2266,3.0009,Azetidinium_Sn_Cl,0.7743000000000002
0648,7.94142216162,5.96329891828,4.68942846851,100.822324851,79.0672029264,89.7899767321,Azetidinium Tin Chloride,16,"B. Zhou et al., Angew. Chem. Int. Ed. 50, 11441 (2011)",213.9911325530906,Sn,Cl,1,3,3,1,8,0,0,Azetidinium,3.2073,4.007,7.2143,1.7909,-4.5411,-0.0765,0.1753,213.99,2.1974,2.8082,3.8071,Azetidinium_Sn_Cl,0.9989000000000003
0649,8.00846463244,5.808830272,4.66770471645,93.0883214695,84.3117190062,86.3888874931,Azetidinium Tin Chloride,16,"B. Zhou et al., Angew. Chem. Int. Ed. 50, 11441 (2011)",215.2470295892421,Sn,Cl,1,3,3,1,8,0,0,Azetidinium,3.3151,6.2403,9.5554,1.8207,-4.5408,-0.0762,0.1756,215.25,2.1846,2.3613,3.3829,Azetidinium_Sn_Cl,1.0215999999999998
0650,7.87747371531,5.84215377755,4.68030660867,88.4225527915,94.6786159652,84.0542702332,Azetidinium Tin Chloride,16,"B. Zhou et al., Angew. Chem. Int. Ed. 50, 11441 (2011)",213.3810761903778,Sn,Cl,1,3,3,1,8,0,0,Azetidinium,3.3028,6.2581,9.5609,1.8174,-4.5422,-0.0776,0.1742,213.38,2.2037,2.5546,3.5483,Azetidinium_Sn_Cl,0.9936999999999996
0651,5.88630335613,4.21606674625,8.35981924536,85.2436840613,89.7840255166,98.0735637878,Azetidinium Tin Chloride,16,"B. Zhou et al., Angew. Chem. Int. Ed. 50, 11441 (2011)",204.67740921888287,Sn,Cl,1,3,3,1,8,0,0,Azetidinium,3.3759,7.2432,10.6191,1.8374,-4.5401,-0.0755,0.1762,204.68,2.2974,3.3432,4.2704,Azetidinium_Sn_Cl,0.9272000000000005
0652,8.42250896575,4.27077200607,6.18530255707,71.0771368642,93.2674629356,101.174991429,Azetidinium Tin Chloride,16,"B. Zhou et al., Angew. Chem. Int. Ed. 50, 11441 (2011)",206.4703877207334,Sn,Cl,1,3,3,1,8,0,0,Azetidinium,3.2975,17.7815,21.079,1.8159,-4.5403,-0.0757,0.176,206.47,2.2775,3.3424,4.2931,Azetidinium_Sn_Cl,0.9506999999999999
0653,6.14048390566,4.26051085776,8.66074285637,106.983579781,95.5378040035,71.9418842988,Azetidinium Tin Chloride,16,"B. Zhou et al., Angew. Chem. Int. Ed. 50, 11441 (2011)",206.0190558779007,Sn,Cl,1,3,3,1,8,0,0,Azetidinium,3.3129,21.0657,24.3786,1.8201,-4.5402,-0.0756,0.1762,206.02,2.2824,3.3174,4.2643,Azetidinium_Sn_Cl,0.9469000000000003
0654,8.45665838878,4.27247642433,6.1379082585,108.069515109,93.2851330342,78.2590454066,Azetidinium Tin Chloride,16,"B. Zhou et al., Angew. Chem. Int. Ed. 50, 11441 (2011)",206.41548669255343,Sn,Cl,1,3,3,1,8,0,0,Azetidinium,3.3064,16.6114,19.9178,1.8184,-4.5404,-0.0758,0.176,206.42,2.278,3.3161,4.2639,Azetidinium_Sn_Cl,0.9477999999999995
0655,6.05103844454,4.29250686487,8.51242558923,103.440877321,86.760557641,105.631412878,Azetidinium Tin Chloride,16,"B. Zhou et al., Angew. Chem. Int. Ed. 50, 11441 (2011)",207.0889219285372,Sn,Cl,1,3,3,1,8,0,0,Azetidinium,3.3039,16.0962,19.4001,1.8177,-4.5406,-0.076,0.1758,207.09,2.2706,3.2933,4.2417,Azetidinium_Sn_Cl,0.9483999999999999
0656,8.41953738626,4.28888178719,6.15539741218,71.3078332204,93.2803834102,101.328875785,Azetidinium Tin Chloride,16,"B. Zhou et al., Angew. Chem. Int. Ed. 50, 11441 (2011)",206.4434987177936,Sn,Cl,1,3,3,1,8,0,0,Azetidinium,3.2949,11.5718,14.8667,1.8152,-4.5403,-0.0757,0.1761,206.44,2.2778,3.3461,4.2971,Azetidinium_Sn_Cl,0.9510000000000005
0657,5.99913778785,4.26012222822,8.59230999723,76.4163201065,93.2911159634,103.739646582,Azetidinium Tin Chloride,16,"B. Zhou et al., Angew. Chem. Int. Ed. 50, 11441 (2011)",207.34345570205028,Sn,Cl,1,3,3,1,8,0,0,Azetidinium,3.3076,12.774,16.0816,1.8187,-4.5404,-0.0758,0.176,207.34,2.2679,3.2956,4.2391,Azetidinium_Sn_Cl,0.9434999999999998
0658,4.19099069425,5.77974441337,8.51246035796,91.594090745,89.7044348675,96.2937002066,Azetidinium Tin Chloride,16,"B. Zhou et al., Angew. Chem. Int. Ed. 50, 11441 (2011)",204.87357199776488,Sn,Cl,1,3,3,1,8,0,0,Azetidinium,3.4554,10.1482,13.6035,1.8589,-4.5345,-0.0699,0.1819,204.87,2.2953,3.0006,3.9654,Azetidinium_Sn_Cl,0.9647999999999999
0659,7.76562385707,6.1656218682,4.69973551268,83.4455415003,83.9536740814,82.8868767946,Azetidinium Tin Chloride,16,"B. Zhou et al., Angew. Chem. Int. Ed. 50, 11441 (2011)",220.8802659627768,Sn,Cl,1,3,3,1,8,0,0,Azetidinium,3.0149,4.4133,7.4282,1.7363,-4.5291,-0.0645,0.1873,220.88,2.1289,2.9893,3.9311,Azetidinium_Sn_Cl,0.9417999999999997
0660,7.83221774321,5.98767206426,4.81971313717,85.2241312538,85.9676200618,79.0439938644,Azetidinium Tin Chloride,16,"B. Zhou et al., Angew. Chem. Int. Ed. 50, 11441 (2011)",220.795358235837,Sn,Cl,1,3,3,1,8,0,0,Azetidinium,2.9697,2.3085,5.2782,1.7233,-4.5228,-0.0582,0.1936,220.8,2.1297,3.1256,4.125,Azetidinium_Sn_Cl,0.9994000000000001
0661,5.72470469315,6.6311179303,5.76970073978,90.7090234482,78.8116028357,90.2858114435,Imidazolium Tin Chloride,14,"B.Saparov et al., Chem. Rev. 116, 4558 (2016)",214.8448375762701,Sn,Cl,1,3,3,2,5,0,0,Imidazolium,3.5135,14.7215,18.235,1.8744,-5.0181,0.1027,0.3905,214.84,2.2736,2.3972,3.162,Imidazolium_Sn_Cl,0.7647999999999997
0662,5.92961939994,6.18620810445,5.85205783722,98.105756227,80.5353619295,82.6185779186,Imidazolium Tin Chloride,14,"B.Saparov et al., Chem. Rev. 116, 4558 (2016)",207.0833072684445,Sn,Cl,1,3,3,2,5,0,0,Imidazolium,3.5306,4.9338,8.4643,1.879,-5.0217,0.0992,0.3869,207.08,2.3588,2.8666,3.6688,Imidazolium_Sn_Cl,0.8022
0663,6.17002744618,5.9133657973,5.96420241545,78.3794424084,85.5062719175,96.5673404251,Imidazolium Tin Chloride,14,"B.Saparov et al., Chem. Rev. 116, 4558 (2016)",210.5962081334779,Sn,Cl,1,3,3,2,5,0,0,Imidazolium,3.4788,3.8034,7.2822,1.8651,-5.0218,0.0991,0.3868,210.6,2.3194,2.6194,3.4493,Imidazolium_Sn_Cl,0.8298999999999999
0664,5.99294557907,5.91137954045,6.11688134312,97.1125314221,95.7040046237,100.208605239,Imidazolium Tin Chloride,14,"B.Saparov et al., Chem. Rev. 116, 4558 (2016)",209.98874392460417,Sn,Cl,1,3,3,2,5,0,0,Imidazolium,3.4872,3.9474,7.4346,1.8674,-5.0217,0.0992,0.3869,209.99,2.3261,2.6108,3.4074,Imidazolium_Sn_Cl,0.7966000000000002
0665,5.72683878017,4.02671215381,9.10900232044,88.4863888335,87.5758968949,79.0676407517,Imidazolium Tin Chloride,14,"B.Saparov et al., Chem. Rev. 116, 4558 (2016)",206.02366704897543,Sn,Cl,1,3,3,2,5,0,0,Imidazolium,3.5036,11.1486,14.6522,1.8718,-5.0179,0.103,0.3907,206.02,2.371,3.2226,4.1084,Imidazolium_Sn_Cl,0.8857999999999997
0666,9.83377447811,4.02572538266,5.72472099126,79.2212071202,87.5355310836,67.8118821313,Imidazolium Tin Chloride,14,"B.Saparov et al., Chem. Rev. 116, 4558 (2016)",206.05088219315368,Sn,Cl,1,3,3,2,5,0,0,Imidazolium,3.5041,10.076,13.5801,1.8719,-5.0178,0.103,0.3908,206.05,2.3706,3.2146,4.1033,Imidazolium_Sn_Cl,0.8887
0667,8.85601475345,4.07318447211,5.81587896589,100.761685353,94.9622821069,90.3467005072,Imidazolium Tin Chloride,14,"B.Saparov et al., Chem. Rev. 116, 4558 (2016)",205.27636339296328,Sn,Cl,1,3,3,2,5,0,0,Imidazolium,3.4822,14.5762,18.0584,1.8661,-5.0167,0.1041,0.3919,205.28,2.3795,3.2605,4.1879,Imidazolium_Sn_Cl,0.9274
0668,5.7248935112,4.0255567912,9.11140447141,91.4359303772,87.4074106651,100.491460227,Imidazolium Tin Chloride,14,"B.Saparov et al., Chem. Rev. 116, 4558 (2016)",206.2283435609624,Sn,Cl,1,3,3,2,5,0,0,Imidazolium,3.5047,10.8537,14.3584,1.8721,-5.0182,0.1026,0.3904,206.23,2.3686,3.1997,4.1245,Imidazolium_Sn_Cl,0.9248000000000003
0669,6.07588807048,6.05378683258,6.31743422954,80.931929929,89.4952579353,95.3252294052,Ethylammonium Tin Bromide,15,"B.Saparov et al., Chem. Rev. 116, 4558 (2016)",228.40920220029423,Sn,Br,1,3,2,1,8,0,0,Ethylammonium,4.2899,12.9572,17.2471,2.0712,-4.2775,0.01,0.2174,228.41,2.9322,1.66,2.3125,Ethylammonium_Sn_Br,0.6525000000000001
0670,6.25161350132,5.9758202101,6.25037946003,85.3010762846,79.4387852533,86.3990393521,Ethylammonium Tin Bromide,15,"B.Saparov et al., Chem. Rev. 116, 4558 (2016)",228.50537803072564,Sn,Br,1,3,2,1,8,0,0,Ethylammonium,4.3128,10.9835,15.2963,2.0767,-4.276,0.0115,0.219,228.51,2.9309,1.5308,2.2339,Ethylammonium_Sn_Br,0.7031000000000003
0671,6.087954783,4.2858837504,8.8819639509,97.4113608287,91.3748336809,97.1976709501,Ethylammonium Tin Bromide,15,"B.Saparov et al., Chem. Rev. 116, 4558 (2016)",227.8134608396877,Sn,Br,1,3,2,1,8,0,0,Ethylammonium,3.7403,6.4228,10.1631,1.934,-4.2687,0.0188,0.2263,227.81,2.9399,2.7454,3.5585,Ethylammonium_Sn_Br,0.8130999999999999
0672,8.50263019125,4.38907653094,6.18559959943,80.1678263775,93.0609376434,87.7753579036,Ethylammonium Tin Bromide,15,"B.Saparov et al., Chem. Rev. 116, 4558 (2016)",226.85377095215264,Sn,Br,1,3,2,1,8,0,0,Ethylammonium,3.7628,8.1589,11.9218,1.9398,-4.271,0.0164,0.2239,226.85,2.9523,2.7527,3.6029,Ethylammonium_Sn_Br,0.8502000000000001
0673,6.26124350216,4.43051107165,8.39394711738,94.6595664539,97.8501862125,95.1681533277,Ethylammonium Tin Bromide,15,"B.Saparov et al., Chem. Rev. 116, 4558 (2016)",228.69761576344217,Sn,Br,1,3,2,1,8,0,0,Ethylammonium,3.8304,11.7502,15.5806,1.9572,-4.2709,0.0166,0.2241,228.7,2.9284,2.5399,3.372,Ethylammonium_Sn_Br,0.8321000000000001
0674,6.14862857252,4.38647856059,9.49286488628,64.3091198683,97.494459484,100.253733968,Ethylammonium Tin Bromide,15,"B.Saparov et al., Chem. Rev. 116, 4558 (2016)",226.6260844842358,Sn,Br,1,3,2,1,8,0,0,Ethylammonium,3.7581,7.8229,11.581,1.9386,-4.2708,0.0166,0.2241,226.63,2.9552,2.7726,3.6322,Ethylammonium_Sn_Br,0.8595999999999999
0675,6.79770509039,4.64201715545,7.76495935137,109.269743395,89.4049828916,85.9246517133,Ethylammonium Tin Bromide,15,"B.Saparov et al., Chem. Rev. 116, 4558 (2016)",230.5625405481873,Sn,Br,1,3,2,1,8,0,0,Ethylammonium,3.6174,8.7549,12.3724,1.902,-4.2669,0.0205,0.228,230.56,2.9048,2.6315,3.4957,Ethylammonium_Sn_Br,0.8641999999999999
0676,5.813563534,4.20789395918,9.40402285939,92.9393405246,84.2074095872,96.0025129134,Ethylammonium Tin Bromide,15,"B.Saparov et al., Chem. Rev. 116, 4558 (2016)",227.42686673434687,Sn,Br,1,3,2,1,8,0,0,Ethylammonium,3.8705,9.7539,13.6244,1.9673,-4.2611,0.0264,0.2339,227.43,2.9448,2.6601,3.4549,Ethylammonium_Sn_Br,0.7948
0677,6.11301489637,4.44943751032,8.46798989682,90.5952638184,86.8292048828,78.5063558833,Ethylammonium Tin Bromide,15,"B.Saparov et al., Chem. Rev. 116, 4558 (2016)",225.3066570340109,Sn,Br,1,3,2,1,8,0,0,Ethylammonium,3.7826,9.681,13.4636,1.9449,-4.27,0.0175,0.225,225.31,2.9725,2.7441,3.609,Ethylammonium_Sn_Br,0.8649
0678,8.81226581094,4.27142725074,5.8242499262,89.0216757224,89.99196726,91.0918249818,Ethylammonium Tin Bromide,15,"B.Saparov et al., Chem. Rev. 116, 4558 (2016)",219.15853455415356,Sn,Br,1,3,2,1,8,0,0,Ethylammonium,3.9448,18.3374,22.2822,1.9862,-4.2599,0.0276,0.2351,219.16,3.0559,2.5689,3.4048,Ethylammonium_Sn_Br,0.8358999999999996
0679,11.0178161249,4.68943131116,4.48637599107,90.0948795133,90.0037093538,84.6590415265,Ethylammonium Tin Bromide,15,"B.Saparov et al., Chem. Rev. 116, 4558 (2016)",230.79220522773835,Sn,Br,1,3,2,1,8,0,0,Ethylammonium,4.0591,19.2486,23.3076,2.0147,-4.2573,0.0302,0.2377,230.79,2.9019,1.3219,2.0581,Ethylammonium_Sn_Br,0.7362
0680,9.5018840273,4.60256591899,5.71880485926,83.3921811426,99.9667078846,112.231140281,Ethylammonium Tin Bromide,15,"B.Saparov et al., Chem. Rev. 116, 4558 (2016)",227.67815604749637,Sn,Br,1,3,2,1,8,0,0,Ethylammonium,3.6657,6.8417,10.5074,1.9146,-4.2532,0.0343,0.2418,227.68,2.9416,2.4583,3.325,Ethylammonium_Sn_Br,0.8667000000000002
0681,6.23936337224,6.23301475959,6.9752964184,74.1533814394,88.627203366,86.2539588534,Propylammonium Tin Bromide,18,"S.Kataoka et al., J. Am. Chem. Soc. 137, 4158 (2015)",260.3974472251889,Sn,Br,1,3,3,1,10,0,0,Propylammonium,3.4793,3.0355,6.5148,1.8653,-4.4041,-0.0395,0.1334,260.4,2.6614,2.4915,3.2913,Propylammonium_Sn_Br,0.7998000000000003
0682,6.10876477478,6.14611197176,7.21826947458,104.296145667,82.2065413643,87.9112812347,Propylammonium Tin Bromide,18,"S.Kataoka et al., J. Am. Chem. Soc. 137, 4158 (2015)",259.5015760474594,Sn,Br,1,3,3,1,10,0,0,Propylammonium,3.5132,3.2333,6.7465,1.8744,-4.4052,-0.0406,0.1323,259.5,2.6706,2.4237,3.2232,Propylammonium_Sn_Br,0.7994999999999997
0683,6.1204603085,6.15026228157,7.26201330226,103.717948441,79.9848917286,91.2274838169,Propylammonium Tin Bromide,18,"S.Kataoka et al., J. Am. Chem. Soc. 137, 4158 (2015)",261.4594689043185,Sn,Br,1,3,3,1,10,0,0,Propylammonium,3.6275,4.5382,8.1658,1.9046,-4.4067,-0.042,0.1309,261.46,2.6506,2.134,2.9447,Propylammonium_Sn_Br,0.8107000000000002
0684,6.38259925947,6.13328938836,6.44055350866,97.7249631037,81.2515408629,96.1210947179,Propylammonium Tin Bromide,18,"S.Kataoka et al., J. Am. Chem. Soc. 137, 4158 (2015)",245.97129668216272,Sn,Br,1,3,3,1,10,0,0,Propylammonium,3.9325,6.0102,9.9427,1.9831,-4.4076,-0.043,0.1299,245.97,2.8175,2.0319,2.8335,Propylammonium_Sn_Br,0.8016000000000001
0685,6.43867584127,6.336896459,6.30038382112,77.6692286699,89.6266156796,82.8353766033,Propylammonium Tin Bromide,18,"S.Kataoka et al., J. Am. Chem. Soc. 137, 4158 (2015)",249.11862337309745,Sn,Br,1,3,3,1,10,0,0,Propylammonium,3.7831,3.6,7.383,1.945,-4.4083,-0.0437,0.1292,249.12,2.7819,2.076,2.815,Propylammonium_Sn_Br,0.7389999999999999
0686,6.37555248272,6.11892963696,6.4513225381,82.3526272991,81.1483283248,83.4625349249,Propylammonium Tin Bromide,18,"S.Kataoka et al., J. Am. Chem. Soc. 137, 4158 (2015)",245.3439625678881,Sn,Br,1,3,3,1,10,0,0,Propylammonium,3.9595,6.6817,10.6412,1.9899,-4.4075,-0.0428,0.1301,245.34,2.8248,1.9877,2.798,Propylammonium_Sn_Br,0.8103
0687,8.05712677262,4.52661406531,7.49729981605,76.6584474954,83.391013568,74.8201542495,Propylammonium Tin Bromide,18,"S.Kataoka et al., J. Am. Chem. Soc. 137, 4158 (2015)",256.3395612562853,Sn,Br,1,3,3,1,10,0,0,Propylammonium,3.4023,4.6425,8.0448,1.8445,-4.3987,-0.034,0.1388,256.34,2.7036,2.7553,3.642,Propylammonium_Sn_Br,0.8866999999999998
0688,7.52369770112,5.04862965298,8.78616724757,85.8117726848,122.146500615,114.156664554,Propylammonium Tin Bromide,18,"S.Kataoka et al., J. Am. Chem. Soc. 137, 4158 (2015)",253.2631785587069,Sn,Br,1,3,3,1,10,0,0,Propylammonium,3.3485,3.0921,6.4405,1.8299,-4.3939,-0.0293,0.1436,253.26,2.7364,2.8808,3.7934,Propylammonium_Sn_Br,0.9126000000000003
0689,7.56124694379,4.90248364901,9.03658987272,85.6414172347,122.690057491,114.581023601,Propylammonium Tin Bromide,18,"S.Kataoka et al., J. Am. Chem. Soc. 137, 4158 (2015)",251.4849691217259,Sn,Br,1,3,3,1,10,0,0,Propylammonium,3.4097,3.3511,6.7608,1.8465,-4.3942,-0.0296,0.1433,251.48,2.7558,2.7829,3.6888,Propylammonium_Sn_Br,0.9058999999999999
0690,7.89343579444,4.74245464274,8.78368320394,100.957565224,121.941911323,65.1274398817,Propylammonium Tin Bromide,18,"S.Kataoka et al., J. Am. Chem. Soc. 137, 4158 (2015)",252.91825078077252,Sn,Br,1,3,3,1,10,0,0,Propylammonium,3.4042,4.4649,7.8691,1.8451,-4.393,-0.0283,0.1446,252.92,2.7401,2.8121,3.7385,Propylammonium_Sn_Br,0.9264000000000001
0691,9.20473445468,4.790275683,7.04742208418,78.5078295728,58.068801246,95.5333021622,Propylammonium Tin Bromide,18,"S.Kataoka et al., J. Am. Chem. Soc. 137, 4158 (2015)",250.71261804731077,Sn,Br,1,3,3,1,10,0,0,Propylammonium,3.4391,3.6308,7.0699,1.8545,-4.3949,-0.0303,0.1426,250.71,2.7643,2.744,3.6354,Propylammonium_Sn_Br,0.8914
0692,7.40396180233,5.20735519704,8.52226547249,94.2537481744,120.969145177,66.40877956,Propylammonium Tin Bromide,18,"S.Kataoka et al., J. Am. Chem. Soc. 137, 4158 (2015)",254.5339076771366,Sn,Br,1,3,3,1,10,0,0,Propylammonium,3.3083,3.2282,6.5365,1.8189,-4.3933,-0.0286,0.1443,254.53,2.7228,2.9496,3.8843,Propylammonium_Sn_Br,0.9346999999999999
0693,6.05498337242,6.11976054196,9.66123536315,60.3200699234,123.769208178,97.1089566456,Propylammonium Tin Bromide,18,"S.Kataoka et al., J. Am. Chem. Soc. 137, 4158 (2015)",252.80348690660583,Sn,Br,1,3,3,1,10,0,0,Propylammonium,3.803,14.6659,18.4689,1.9501,-4.4012,-0.0366,0.1363,252.8,2.7414,2.1195,2.8383,Propylammonium_Sn_Br,0.7187999999999999
0694,7.69957668156,6.16118577478,6.38269451808,81.4040151011,105.071116654,106.613949085,Butylammonium Tin Bromide,21,"H. Hu et al., Sci. Rep. 6, 33546 (2016)",279.2404730699448,Sn,Br,1,3,4,1,12,0,0,Butylammonium,3.4232,3.0111,6.4343,1.8502,-4.4998,-0.08,0.0682,279.24,2.5653,2.3568,3.1681,Butylammonium_Sn_Br,0.8113000000000001
0695,6.48858626901,7.22380071353,6.35833313917,79.5474012207,96.9661547085,110.863672829,Butylammonium Tin Bromide,21,"H. Hu et al., Sci. Rep. 6, 33546 (2016)",273.3450625704888,Sn,Br,1,3,4,1,12,0,0,Butylammonium,3.4748,2.451,5.9258,1.8641,-4.5,-0.0802,0.068,273.35,2.6205,2.5481,3.3559,Butylammonium_Sn_Br,0.8078000000000003
0696,6.66651545713,5.98529414942,7.69546257602,71.2857312123,84.3975639463,90.2704211137,Butylammonium Tin Bromide,21,"H. Hu et al., Sci. Rep. 6, 33546 (2016)",289.22224358904674,Sn,Br,1,3,4,1,12,0,0,Butylammonium,3.1191,1.9118,5.0309,1.7661,-4.499,-0.0793,0.0689,289.22,2.4767,2.8037,3.6939,Butylammonium_Sn_Br,0.8902000000000001
0697,6.60409891081,6.20617047925,6.2544892764,81.4254825704,83.5280119357,90.4247833767,Isopropylammonium Tin Bromide,18,"C.C.Stoumpos et al., J. Am. Chem. Soc. 137, 6804 (2015)",251.7903158312949,Sn,Br,1,3,3,1,10,0,0,Isopropylammonium,3.7356,4.6074,8.343,1.9328,-4.4132,-0.0426,0.1303,251.79,2.7524,2.3749,3.1892,Isopropylammonium_Sn_Br,0.8143000000000002
0698,6.11660017757,6.4342738687,6.4539229702,88.2949412985,95.3368453156,79.8729936274,Isopropylammonium Tin Bromide,18,"C.C.Stoumpos et al., J. Am. Chem. Soc. 137, 6804 (2015)",248.6830749557477,Sn,Br,1,3,3,1,10,0,0,Isopropylammonium,3.8461,4.4304,8.2764,1.9611,-4.4128,-0.0422,0.1307,248.68,2.7868,2.0577,2.7862,Isopropylammonium_Sn_Br,0.7284999999999999
0699,6.46178507167,6.35812476108,6.21407224,78.804871882,83.9236462912,90.7061134483,Isopropylammonium Tin Bromide,18,"C.C.Stoumpos et al., J. Am. Chem. Soc. 137, 6804 (2015)",248.89757183469573,Sn,Br,1,3,3,1,10,0,0,Isopropylammonium,3.7886,3.6666,7.4551,1.9464,-4.4131,-0.0425,0.1304,248.9,2.7844,2.1143,2.8563,Isopropylammonium_Sn_Br,0.742
0700,6.24653925925,6.07164866387,6.63329220672,95.520884456,92.3298012387,83.1181244183,Isopropylammonium Tin Bromide,18,"C.C.Stoumpos et al., J. Am. Chem. Soc. 137, 6804 (2015)",248.5003255328857,Sn,Br,1,3,3,1,10,0,0,Isopropylammonium,3.8119,5.2069,9.0187,1.9524,-4.4105,-0.0399,0.133,248.5,2.7888,2.298,3.1099,Isopropylammonium_Sn_Br,0.8119000000000001
0701,7.33124018274,4.70491788055,8.24315851871,106.06885945,91.5196844479,109.264442745,Isopropylammonium Tin Bromide,18,"C.C.Stoumpos et al., J. Am. Chem. Soc. 137, 6804 (2015)",255.73704249101613,Sn,Br,1,3,3,1,10,0,0,Isopropylammonium,3.409,7.6888,11.0978,1.8464,-4.4034,-0.0328,0.1401,255.74,2.7099,2.6864,3.5811,Isopropylammonium_Sn_Br,0.8947000000000003
0702,8.26100095644,4.74025408743,7.26219142998,110.061214234,79.1984413401,105.034810797,Isopropylammonium Tin Bromide,18,"C.C.Stoumpos et al., J. Am. Chem. Soc. 137, 6804 (2015)",256.4603839531318,Sn,Br,1,3,3,1,10,0,0,Isopropylammonium,3.4019,6.9647,10.3666,1.8444,-4.4039,-0.0332,0.1397,256.46,2.7023,2.6768,3.5596,Isopropylammonium_Sn_Br,0.8828
0703,7.83203600836,4.84467016753,7.66281880713,79.8914993446,77.0429663042,70.118078947,Isopropylammonium Tin Bromide,18,"C.C.Stoumpos et al., J. Am. Chem. Soc. 137, 6804 (2015)",264.8955296926572,Sn,Br,1,3,3,1,10,0,0,Isopropylammonium,3.2447,3.1978,6.4424,1.8013,-4.4016,-0.0309,0.142,264.9,2.6162,2.8243,3.7258,Isopropylammonium_Sn_Br,0.9015
0704,8.29432881284,4.65699807756,7.35243265911,108.297954725,79.3879408249,108.354994274,Isopropylammonium Tin Bromide,18,"C.C.Stoumpos et al., J. Am. Chem. Soc. 137, 6804 (2015)",254.7728208603014,Sn,Br,1,3,3,1,10,0,0,Isopropylammonium,3.4783,6.3037,9.782,1.865,-4.4032,-0.0325,0.1404,254.77,2.7202,2.5888,3.4636,Isopropylammonium_Sn_Br,0.8748
0705,7.38851958613,4.70912169057,8.10861374571,105.299196025,90.2534152009,109.410634648,Isopropylammonium Tin Bromide,18,"C.C.Stoumpos et al., J. Am. Chem. Soc. 137, 6804 (2015)",255.34175792802768,Sn,Br,1,3,3,1,10,0,0,Isopropylammonium,3.4056,7.0232,10.4288,1.8454,-4.4038,-0.0332,0.1397,255.34,2.7141,2.741,3.6373,Isopropylammonium_Sn_Br,0.8963000000000001
0706,7.77014918746,4.43799539323,7.76607405377,76.4345349486,78.5260778884,90.0887190675,Isopropylammonium Tin Bromide,18,"C.C.Stoumpos et al., J. Am. Chem. Soc. 137, 6804 (2015)",254.8038414542064,Sn,Br,1,3,3,1,10,0,0,Isopropylammonium,3.4236,6.3468,9.7704,1.8503,-4.4022,-0.0315,0.1414,254.8,2.7199,2.7991,3.6822,Isopropylammonium_Sn_Br,0.8830999999999998
0707,6.56961704163,4.38619504992,8.83910229046,84.4836573887,83.1741026488,96.6929256137,Isopropylammonium Tin Bromide,18,"C.C.Stoumpos et al., J. Am. Chem. Soc. 137, 6804 (2015)",249.60838349061063,Sn,Br,1,3,3,1,10,0,0,Isopropylammonium,3.5501,8.9852,12.5353,1.8842,-4.3993,-0.0287,0.1442,249.61,2.7764,2.9437,3.8585,Isopropylammonium_Sn_Br,0.9147999999999996
0708,6.21460491776,6.21022294122,6.17675713974,80.7693608338,101.090105368,97.1922440906,Dimethylammonium Tin Bromide,15,"B.Saparov et al., Chem. Rev. 116, 4558 (2016)",229.80742348996947,Sn,Br,1,3,2,1,8,0,0,Dimethylammonium,4.1041,6.4556,10.5596,2.0258,-4.2578,0.0075,0.215,229.81,2.9143,1.7324,2.4313,Dimethylammonium_Sn_Br,0.6988999999999999
0709,6.21613765609,6.2112430726,6.15889087524,83.6248188727,101.386355241,98.8933494044,Dimethylammonium Tin Bromide,15,"B.Saparov et al., Chem. Rev. 116, 4558 (2016)",229.51441625126435,Sn,Br,1,3,2,1,8,0,0,Dimethylammonium,4.1375,8.4487,12.5862,2.0341,-4.2577,0.0076,0.215,229.51,2.9181,1.7915,2.4818,Dimethylammonium_Sn_Br,0.6902999999999997
0710,6.2216368347,6.22137180211,6.16477762776,80.1794540579,100.640420374,97.0461176524,Dimethylammonium Tin Bromide,15,"B.Saparov et al., Chem. Rev. 116, 4558 (2016)",230.05487699985773,Sn,Br,1,3,2,1,8,0,0,Dimethylammonium,4.1035,6.134,10.2375,2.0257,-4.2582,0.0071,0.2146,230.05,2.9113,1.7376,2.4428,Dimethylammonium_Sn_Br,0.7052
0711,6.22891322086,6.13661653581,6.1733333262,87.4652596526,84.3772712292,77.1061946101,Dimethylammonium Tin Bromide,15,"B.Saparov et al., Chem. Rev. 116, 4558 (2016)",228.8547650231181,Sn,Br,1,3,2,1,8,0,0,Dimethylammonium,4.187,9.1612,13.3482,2.0462,-4.2572,0.0081,0.2156,228.85,2.9265,1.7941,2.4926,Dimethylammonium_Sn_Br,0.6984999999999999
0712,6.21887939685,4.40805334404,8.43705680325,91.8678429015,83.0384185859,98.6574853398,Dimethylammonium Tin Bromide,15,"B.Saparov et al., Chem. Rev. 116, 4558 (2016)",226.94104769033157,Sn,Br,1,3,2,1,8,0,0,Dimethylammonium,3.7812,10.9409,14.7222,1.9445,-4.2505,0.0149,0.2223,226.94,2.9512,2.6324,3.4802,Dimethylammonium_Sn_Br,0.8477999999999999
0713,8.36582068621,4.40284206751,7.1537930492,120.775007037,91.9715617811,94.5621796086,Dimethylammonium Tin Bromide,15,"B.Saparov et al., Chem. Rev. 116, 4558 (2016)",224.80678935282396,Sn,Br,1,3,2,1,8,0,0,Dimethylammonium,3.8399,9.5776,13.4175,1.9596,-4.2503,0.015,0.2225,224.81,2.9791,2.6334,3.4899,Dimethylammonium_Sn_Br,0.8565
0714,6.23003072824,4.47273454421,8.14316646464,80.6380424837,85.8942962431,82.8236250076,Dimethylammonium Tin Bromide,15,"B.Saparov et al., Chem. Rev. 116, 4558 (2016)",221.83039108718413,Sn,Br,1,3,2,1,8,0,0,Dimethylammonium,3.8556,8.2661,12.1217,1.9636,-4.25,0.0153,0.2228,221.83,3.0191,2.7156,3.5818,Dimethylammonium_Sn_Br,0.8662000000000001
0715,6.24985453598,6.23934161566,6.24021151065,89.0577445264,100.809928169,80.1203163756,Acetamidinium Tin Bromide,15,"C.C.Stoumpos et al., J. Am. Chem. Soc. 137, 6804 (2015)",235.176780041284,Sn,Br,1,3,2,2,7,0,0,Acetamidinium,4.1072,5.9146,10.0218,2.0266,-4.5648,0.1266,0.334,235.18,2.9395,1.7584,2.4756,Acetamidinium_Sn_Br,0.7172000000000001
0716,6.240393066,6.2672541521,6.26675019697,91.1113280913,100.672861232,100.962810573,Acetamidinium Tin Bromide,15,"C.C.Stoumpos et al., J. Am. Chem. Soc. 137, 6804 (2015)",236.0788853142245,Sn,Br,1,3,2,2,7,0,0,Acetamidinium,4.0539,5.4974,9.5513,2.0134,-4.5649,0.1265,0.334,236.08,2.9283,1.9083,2.6173,Acetamidinium_Sn_Br,0.7090000000000001
0717,6.23792565522,6.22533082919,6.18585058684,84.0813538028,101.148399145,90.4017018353,Acetamidinium Tin Bromide,15,"C.C.Stoumpos et al., J. Am. Chem. Soc. 137, 6804 (2015)",234.40619698731973,Sn,Br,1,3,2,2,7,0,0,Acetamidinium,4.1954,8.633,12.8284,2.0483,-4.5636,0.1279,0.3353,234.41,2.9492,1.6883,2.3986,Acetamidinium_Sn_Br,0.7103000000000002
0718,6.35707488275,4.31920197335,8.44985334717,89.7819697591,95.8718081241,102.63049241,Acetamidinium Tin Bromide,15,"C.C.Stoumpos et al., J. Am. Chem. Soc. 137, 6804 (2015)",225.16816933862168,Sn,Br,1,3,2,2,7,0,0,Acetamidinium,3.8369,7.9033,11.7402,1.9588,-4.5642,0.1272,0.3347,225.17,3.0702,2.7517,3.634,Acetamidinium_Sn_Br,0.8822999999999999
0719,8.43245039028,4.32553330014,6.35972846544,102.673420899,84.0462718453,90.2103425431,Acetamidinium Tin Bromide,15,"C.C.Stoumpos et al., J. Am. Chem. Soc. 137, 6804 (2015)",225.05418135679147,Sn,Br,1,3,2,2,7,0,0,Acetamidinium,3.8379,9.2071,13.0449,1.959,-4.5641,0.1273,0.3347,225.05,3.0719,2.7518,3.6358,Acetamidinium_Sn_Br,0.8840000000000003
0720,6.30857816422,4.27485144882,9.21794190928,108.950778624,79.4376787393,92.30331883,Acetamidinium Tin Bromide,15,"C.C.Stoumpos et al., J. Am. Chem. Soc. 137, 6804 (2015)",231.0836237148718,Sn,Br,1,3,2,2,7,0,0,Acetamidinium,3.7642,8.5581,12.3222,1.9401,-4.5586,0.1328,0.3403,231.08,2.9917,2.7932,3.6492,Acetamidinium_Sn_Br,0.8559999999999999
0721,8.65070746147,4.05399583478,6.65864461724,86.8930508206,88.4749443364,88.8007192494,Acetamidinium Tin Bromide,15,"C.C.Stoumpos et al., J. Am. Chem. Soc. 137, 6804 (2015)",233.04794633586536,Sn,Br,1,3,2,2,7,0,0,Acetamidinium,3.6647,6.9668,10.6315,1.9144,-4.5472,0.1442,0.3517,233.05,2.9664,2.7504,3.6371,Acetamidinium_Sn_Br,0.8867000000000003
0722,6.02468411974,5.91633088528,6.02521176237,90.0016145053,93.5223271074,89.8462824623,Methylammonium Tin Bromide,12,"T.D.Huan et al., Phys. Rev. B 93,094105(2016)",214.3563223293681,Sn,Br,1,3,1,1,6,0,0,Methylammonium,4.817,16.5762,21.3932,2.1948,-4.0621,0.1023,0.3616,214.36,3.0157,1.163,1.7969,Methylammonium_Sn_Br,0.6338999999999999
0723,5.98258926591,5.96450764847,6.06185907385,86.5300522233,85.0875604695,92.4123314656,Methylammonium Tin Bromide,12,"T.D.Huan et al., Phys. Rev. B 93,094105(2016)",214.87369676365105,Sn,Br,1,3,1,1,6,0,0,Methylammonium,4.8073,20.2301,25.0374,2.1925,-4.0619,0.1025,0.3618,214.87,3.0085,1.249,1.8355,Methylammonium_Sn_Br,0.5864999999999998
0724,6.20819107588,4.39299774947,7.87729750636,101.234248073,79.5062724359,93.8243125559,Methylammonium Tin Bromide,12,"T.D.Huan et al., Phys. Rev. B 93,094105(2016)",207.0848425470944,Sn,Br,1,3,1,1,6,0,0,Methylammonium,4.0067,13.5394,17.5461,2.0017,-4.0565,0.1078,0.3672,207.08,3.1217,2.4726,3.2904,Methylammonium_Sn_Br,0.8178000000000001
0725,6.42636055789,4.43298723901,8.04176088124,106.432014474,85.2879842808,73.3465125129,Methylammonium Tin Bromide,12,"T.D.Huan et al., Phys. Rev. B 93,094105(2016)",207.1723820632261,Sn,Br,1,3,1,1,6,0,0,Methylammonium,3.8526,12.1376,15.9903,1.9628,-4.054,0.1104,0.3697,207.17,3.1203,2.7421,3.6347,Methylammonium_Sn_Br,0.8925999999999998
0726,8.09294126169,4.30225308053,5.96083145958,85.3534382703,94.3567304552,90.2568211959,Methylammonium Tin Bromide,12,"T.D.Huan et al., Phys. Rev. B 93,094105(2016)",206.26336829071607,Sn,Br,1,3,1,1,6,0,0,Methylammonium,4.2119,15.1939,19.4059,2.0523,-4.0555,0.1088,0.3682,206.26,3.1341,2.2859,3.0676,Methylammonium_Sn_Br,0.7817000000000003
0727,7.64352516465,4.60496238088,7.56983954502,52.4179815126,100.045780243,105.019384659,Methylammonium Tin Bromide,12,"T.D.Huan et al., Phys. Rev. B 93,094105(2016)",203.89202719241388,Sn,Br,1,3,1,1,6,0,0,Methylammonium,4.3781,36.6106,40.9886,2.0924,-4.056,0.1084,0.3677,203.89,3.1705,2.0889,2.8531,Methylammonium_Sn_Br,0.7641999999999998
0728,6.09104210202,6.13489478569,6.12870565748,97.9575715051,95.9296085144,95.6315207777,Guanidinium Tin Bromide,14,"B.Saparov et al., Chem. Rev. 116, 4558 (2016)",224.12384558854035,Sn,Br,1,3,1,3,6,0,0,Guanidinium,4.5649,7.8287,12.3936,2.1366,-4.5961,0.3193,0.5416,224.12,3.0919,1.7459,2.4061,Guanidinium_Sn_Br,0.6601999999999999
0729,6.04432492925,6.08459607476,6.14413827224,88.0599679292,94.5948702924,83.5826568118,Guanidinium Tin Bromide,14,"B.Saparov et al., Chem. Rev. 116, 4558 (2016)",223.61800397599512,Sn,Br,1,3,1,3,6,0,0,Guanidinium,4.5918,21.6955,26.2873,2.1429,-4.5939,0.3215,0.5438,223.62,3.0988,1.4178,2.1209,Guanidinium_Sn_Br,0.7030999999999998
0730,9.31642287626,4.2489816076,6.29235479915,76.1279619862,96.9866471157,117.15676382,Guanidinium Tin Bromide,14,"B.Saparov et al., Chem. Rev. 116, 4558 (2016)",215.14044581762985,Sn,Br,1,3,1,3,6,0,0,Guanidinium,4.0147,11.2372,15.2519,2.0037,-4.5994,0.3161,0.5384,215.14,3.221,2.5273,3.3356,Guanidinium_Sn_Br,0.8083
0731,6.03650571322,7.71754308027,4.30644106662,105.673140709,107.609183501,82.6577457631,Hydroxylammonium Tin Bromide,10,"G.Kieslich et al., Chem. Sci. 6, 3430 (2015)",183.88121575912584,Sn,Br,1,3,0,1,4,0,1,Hydroxylammonium,4.3671,12.4314,16.7985,2.0898,-3.7654,0.2944,0.6056,183.88,3.5334,2.5316,3.4844,Hydroxylammonium_Sn_Br,0.9527999999999999
0732,6.00099387008,4.4051765359,7.46341020112,106.855369011,86.0565666079,91.5947710824,Hydroxylammonium Tin Bromide,10,"G.Kieslich et al., Chem. Sci. 6, 3430 (2015)",188.3690358335273,Sn,Br,1,3,0,1,4,0,1,Hydroxylammonium,4.6816,23.6275,28.3091,2.1637,-3.7712,0.2886,0.5999,188.37,3.4492,1.9845,2.6986,Hydroxylammonium_Sn_Br,0.7141
0733,7.45381299749,4.44142770943,5.98043616913,91.8162923278,95.0631402502,72.2073972848,Hydroxylammonium Tin Bromide,10,"G.Kieslich et al., Chem. Sci. 6, 3430 (2015)",187.77795932104013,Sn,Br,1,3,0,1,4,0,1,Hydroxylammonium,4.576,15.3327,19.9087,2.1392,-3.7692,0.2906,0.6018,187.78,3.46,2.0988,2.8595,Hydroxylammonium_Sn_Br,0.7606999999999999
0734,5.96059586149,4.2960655371,7.48731867314,105.515734179,83.384891234,93.4404669779,Hydroxylammonium Tin Bromide,10,"G.Kieslich et al., Chem. Sci. 6, 3430 (2015)",183.4261162748721,Sn,Br,1,3,0,1,4,0,1,Hydroxylammonium,4.5088,12.7083,17.2171,2.1234,-3.7631,0.2967,0.6079,183.43,3.542,2.3572,3.2043,Hydroxylammonium_Sn_Br,0.8470999999999997
0735,7.60957748141,4.31927500934,6.04278869752,86.2465558254,75.482689301,75.1529108013,Hydroxylammonium Tin Bromide,10,"G.Kieslich et al., Chem. Sci. 6, 3430 (2015)",185.8526487025297,Sn,Br,1,3,0,1,4,0,1,Hydroxylammonium,4.3256,12.8401,17.1657,2.0798,-3.7625,0.2973,0.6085,185.85,3.4959,2.4585,3.335,Hydroxylammonium_Sn_Br,0.8765000000000001
0736,6.22238074783,4.35293933484,7.34257020647,105.268884224,94.7083792064,81.7507395071,Hydroxylammonium Tin Bromide,10,"G.Kieslich et al., Chem. Sci. 6, 3430 (2015)",189.6683562686256,Sn,Br,1,3,0,1,4,0,1,Hydroxylammonium,4.1754,11.4825,15.6579,2.0434,-3.7631,0.2967,0.6079,189.67,3.4255,2.6702,3.5229,Hydroxylammonium_Sn_Br,0.8527
0737,7.67604680393,4.28602407653,5.92569744316,85.632511646,96.9259277877,72.9739412522,Hydroxylammonium Tin Bromide,10,"G.Kieslich et al., Chem. Sci. 6, 3430 (2015)",183.7687738931701,Sn,Br,1,3,0,1,4,0,1,Hydroxylammonium,4.3828,10.3539,14.7367,2.0935,-3.7649,0.2949,0.6062,183.77,3.5355,2.4653,3.3509,Hydroxylammonium_Sn_Br,0.8856000000000002
0738,6.03100665014,6.0594733099,5.99103557332,81.0904722686,84.020857855,85.5396087286,Formamidinium Tin Bromide,12,"T.D.Huan et al., Phys. Rev. B 93,094105(2016)",214.69864404291064,Sn,Br,1,3,1,2,5,0,0,Formamidinium,4.7927,63.4103,68.203,2.1892,-4.408,-0.1512,0.1082,214.7,3.1114,1.3702,1.9874,Formamidinium_Sn_Br,0.6172
0739,6.02119115506,6.00938213708,6.0274019383,89.0206104345,100.704853096,92.5832774254,Formamidinium Tin Bromide,12,"T.D.Huan et al., Phys. Rev. B 93,094105(2016)",214.071644193591,Sn,Br,1,3,1,2,5,0,0,Formamidinium,4.8374,40.1842,45.0217,2.1994,-4.4074,-0.1505,0.1088,214.07,3.1206,1.4457,2.0614,Formamidinium_Sn_Br,0.6156999999999999
0740,5.99703988157,6.23910250298,6.13319810062,100.931270258,99.431267847,74.187141905,Formamidinium Tin Bromide,12,"T.D.Huan et al., Phys. Rev. B 93,094105(2016)",215.25592902677647,Sn,Br,1,3,1,2,5,0,0,Formamidinium,3.8169,4.0642,7.8811,1.9537,-4.2671,-0.0103,0.2491,215.26,3.1034,2.5796,3.4693,Formamidinium_Sn_Br,0.8896999999999999
0741,6.45783670171,6.47034658103,6.4448920009,90.0042862263,91.3181666601,89.4166701435,Tetramethylammonium Tin Bromide,21,"B.Saparov et al., Chem. Rev. 116, 4558 (2016)",269.2109922231862,Sn,Br,1,3,4,1,12,0,0,Tetramethylammonium,3.6372,2.7421,6.3793,1.9071,-4.4776,-0.0649,0.0618,269.21,2.6608,2.2126,2.9855,Tetramethylammonium_Sn_Br,0.7728999999999999
0742,6.43559959354,6.54641248654,6.41982132037,90.3109652127,88.0914873867,90.2621040042,Tetramethylammonium Tin Bromide,21,"B.Saparov et al., Chem. Rev. 116, 4558 (2016)",270.3110194052616,Sn,Br,1,3,4,1,12,0,0,Tetramethylammonium,3.5822,2.5445,6.1267,1.8927,-4.4775,-0.0648,0.062,270.31,2.65,2.3391,3.1277,Tetramethylammonium_Sn_Br,0.7885999999999997
0743,6.95430480104,5.16628050275,7.84606448345,90.5541433031,89.9676515366,85.7372351802,Tetramethylammonium Tin Bromide,21,"B.Saparov et al., Chem. Rev. 116, 4558 (2016)",281.09934235114093,Sn,Br,1,3,4,1,12,0,0,Tetramethylammonium,3.2026,2.0969,5.2995,1.7896,-4.4693,-0.0566,0.0701,281.1,2.5483,2.8559,3.748,Tetramethylammonium_Sn_Br,0.8921000000000001
0744,6.03500205078,5.83153078875,5.95913982712,92.1738930604,85.2390853571,88.6957505267,Hydrazinium Tin Bromide,11,"B.Saparov et al., Chem. Rev. 116, 4558 (2016)",208.7770795063961,Sn,Br,1,3,0,2,5,0,0,Hydrazinium,4.8323,14.8135,19.6458,2.1982,-3.9333,0.364,0.6469,208.78,3.1041,1.34,1.909,Hydrazinium_Sn_Br,0.569
0745,4.15556153238,6.15463593422,7.87368368812,90.8460887889,106.803546523,89.4041667221,Hydrazinium Tin Bromide,11,"B.Saparov et al., Chem. Rev. 116, 4558 (2016)",192.75363455005476,Sn,Br,1,3,0,2,5,0,0,Hydrazinium,4.4319,17.2363,21.6682,2.1052,-3.9534,0.3438,0.6267,192.75,3.3623,2.064,2.8141,Hydrazinium_Sn_Br,0.7500999999999998
0746,8.20315765765,5.8642743777,5.94138955216,94.3357887594,47.0671672395,97.8245591897,Hydrazinium Tin Bromide,11,"B.Saparov et al., Chem. Rev. 116, 4558 (2016)",207.253319973552,Sn,Br,1,3,0,2,5,0,0,Hydrazinium,4.9598,17.7996,22.7594,2.2271,-3.9344,0.3629,0.6458,207.25,3.1271,1.6393,2.1782,Hydrazinium_Sn_Br,0.5388999999999999
0747,4.09662021192,6.41018860218,8.10665570773,82.3956434022,106.746711622,113.420108176,Hydrazinium Tin Bromide,11,"B.Saparov et al., Chem. Rev. 116, 4558 (2016)",187.0201126443625,Sn,Br,1,3,0,2,5,0,0,Hydrazinium,4.3837,10.793,15.1767,2.0937,-3.9541,0.3431,0.626,187.02,3.4653,2.4263,3.2003,Hydrazinium_Sn_Br,0.774
0748,7.60319737539,6.23181433733,4.31667754437,101.380824777,76.3400206338,97.3151324586,Hydrazinium Tin Bromide,11,"B.Saparov et al., Chem. Rev. 116, 4558 (2016)",194.13753263759287,Sn,Br,1,3,0,2,5,0,0,Hydrazinium,4.1175,13.0151,17.1326,2.0292,-3.9407,0.3565,0.6395,194.14,3.3382,2.6767,3.6621,Hydrazinium_Sn_Br,0.9854000000000003
0749,7.37087625465,6.0877686603,4.51195429699,88.6269313735,72.9622814849,92.5187889329,Hydrazinium Tin Bromide,11,"B.Saparov et al., Chem. Rev. 116, 4558 (2016)",193.2447646900569,Sn,Br,1,3,0,2,5,0,0,Hydrazinium,4.1527,10.1528,14.3055,2.0378,-3.9442,0.3531,0.636,193.24,3.3538,2.6381,3.5544,Hydrazinium_Sn_Br,0.9162999999999997
0750,7.95957358272,4.1385131817,6.07029337294,91.0404800811,90.0644077331,73.807309733,Hydrazinium Tin Bromide,11,"B.Saparov et al., Chem. Rev. 116, 4558 (2016)",191.9944707412524,Sn,Br,1,3,0,2,5,0,0,Hydrazinium,4.4703,11.6624,16.1327,2.1143,-3.9543,0.3429,0.6258,191.99,3.3756,2.1014,2.7939,Hydrazinium_Sn_Br,0.6924999999999999
0751,7.61419070193,4.45870576622,6.06163630978,92.4295987215,104.351392991,75.5314921312,Hydrazinium Tin Bromide,11,"B.Saparov et al., Chem. Rev. 116, 4558 (2016)",193.0024516086829,Sn,Br,1,3,0,2,5,0,0,Hydrazinium,4.2049,12.9782,17.1831,2.0506,-3.9409,0.3563,0.6392,193.0,3.3579,2.6332,3.4904,Hydrazinium_Sn_Br,0.8572000000000002
0752,7.74671521933,5.8941056952,4.54347252651,90.3484519289,106.427974337,74.931277373,Hydrazinium Tin Bromide,11,"B.Saparov et al., Chem. Rev. 116, 4558 (2016)",191.6333750381537,Sn,Br,1,3,0,2,5,0,0,Hydrazinium,4.2981,14.2333,18.5315,2.0732,-3.941,0.3562,0.6392,191.63,3.3819,2.5045,3.3841,Hydrazinium_Sn_Br,0.8795999999999999
0753,8.0725020594,4.07470448394,5.9457145877,89.7041681306,89.830628046,77.1147416424,Hydrazinium Tin Bromide,11,"B.Saparov et al., Chem. Rev. 116, 4558 (2016)",190.64508550491988,Sn,Br,1,3,0,2,5,0,0,Hydrazinium,4.6636,55.0096,59.6732,2.1595,-3.9547,0.3426,0.6255,190.65,3.3993,1.9359,2.5736,Hydrazinium_Sn_Br,0.6376999999999999
0754,6.34501097357,4.15365531508,7.90205452759,102.665088486,95.0560642522,67.3083885589,Hydrazinium Tin Bromide,11,"B.Saparov et al., Chem. Rev. 116, 4558 (2016)",187.46171233706173,Sn,Br,1,3,0,2,5,0,0,Hydrazinium,4.3755,11.0813,15.4568,2.0918,-3.956,0.3412,0.6241,187.46,3.4572,2.5153,3.2931,Hydrazinium_Sn_Br,0.7778
0755,7.9207438201,4.15401526474,6.17577359201,92.5098102273,95.3514871101,71.6328306036,Hydrazinium Tin Bromide,11,"B.Saparov et al., Chem. Rev. 116, 4558 (2016)",191.98621219214985,Sn,Br,1,3,0,2,5,0,0,Hydrazinium,4.5932,22.1211,26.7143,2.1432,-3.9542,0.3431,0.626,191.99,3.3756,1.8752,2.5946,Hydrazinium_Sn_Br,0.7193999999999998
0756,7.37927449942,6.33825170286,4.42658598924,71.0222673482,106.832482555,105.487420544,Ammonium Tin Bromide,9,"T.D.Huan et al., Phys. Rev. B 93,094105(2016)",183.94796678342985,Sn,Br,1,3,0,1,4,0,0,Ammonium,4.1325,21.2989,25.4314,2.0329,-3.7238,0.2892,0.635,183.95,3.3876,2.6903,3.6443,Ammonium_Sn_Br,0.9539999999999997
0757,5.96094749227,5.96505990191,5.97097809662,82.6616432072,82.931517599,83.0275498508,Ammonium Tin Bromide,9,"T.D.Huan et al., Phys. Rev. B 93,094105(2016)",207.76519699432683,Sn,Br,1,3,0,1,4,0,0,Ammonium,4.2661,9.6144,13.8806,2.0655,-3.7171,0.2959,0.6417,207.77,2.9992,1.7221,2.3812,Ammonium_Sn_Br,0.6591000000000002
0758,4.43359688512,6.3266709862,7.36384307619,74.8952310971,73.1433511555,70.9637945806,Ammonium Tin Bromide,9,"T.D.Huan et al., Phys. Rev. B 93,094105(2016)",183.69672324165208,Sn,Br,1,3,0,1,4,0,0,Ammonium,4.1506,20.1999,24.3505,2.0373,-3.7238,0.2892,0.635,183.7,3.3922,2.7111,3.5885,Ammonium_Sn_Br,0.8773999999999997
0759,6.15439671102,6.31306674877,6.54948727321,89.6489960864,90.3485092646,100.523643746,Trimethylammonium Tin Bromide,18,"A. Mancini et al., J. Solid State Chem. 240, 55 (2016)",250.17986572240983,Sn,Br,1,3,3,1,10,0,0,Trimethylammonium,3.8353,4.3355,8.1708,1.9584,-4.3877,-0.0506,0.1223,250.18,2.7701,1.7405,2.4938,Trimethylammonium_Sn_Br,0.7532999999999999
0760,6.24192580431,6.27787972425,6.45512336188,96.4762089465,87.537079471,83.2422439455,Trimethylammonium Tin Bromide,18,"A. Mancini et al., J. Solid State Chem. 240, 55 (2016)",249.1847358721043,Sn,Br,1,3,3,1,10,0,0,Trimethylammonium,3.8256,4.497,8.3226,1.9559,-4.3868,-0.0496,0.1233,249.18,2.7812,2.1783,2.9591,Trimethylammonium_Sn_Br,0.7807999999999997
0761,6.48661662219,6.21475568821,6.30610842492,94.48364364,92.1823747266,99.7533255159,Trimethylammonium Tin Bromide,18,"A. Mancini et al., J. Solid State Chem. 240, 55 (2016)",249.4343657737161,Sn,Br,1,3,3,1,10,0,0,Trimethylammonium,3.7746,4.3664,8.141,1.9428,-4.3864,-0.0493,0.1236,249.43,2.7784,2.3262,3.072,Trimethylammonium_Sn_Br,0.7458
0762,6.28733039555,6.42673954913,6.48495943347,77.6794683697,86.4412866858,93.224826551,Trimethylammonium Tin Bromide,18,"A. Mancini et al., J. Solid State Chem. 240, 55 (2016)",254.85955289325676,Sn,Br,1,3,3,1,10,0,0,Trimethylammonium,3.5685,3.1524,6.7209,1.8891,-4.3853,-0.0481,0.1248,254.86,2.7193,2.6267,3.4194,Trimethylammonium_Sn_Br,0.7927
0763,6.40677348423,6.44196729633,6.40369458571,96.1685687972,97.9176847208,96.004127688,Trimethylammonium Tin Bromide,18,"A. Mancini et al., J. Solid State Chem. 240, 55 (2016)",258.33924350239346,Sn,Br,1,3,3,1,10,0,0,Trimethylammonium,3.6687,3.1136,6.7823,1.9154,-4.3793,-0.0422,0.1307,258.34,2.6826,2.227,3.0176,Trimethylammonium_Sn_Br,0.7906
0764,6.17300733987,6.50259310368,6.35134778853,92.1290469207,79.6884571771,88.9124236941,Trimethylammonium Tin Bromide,18,"A. Mancini et al., J. Solid State Chem. 240, 55 (2016)",250.5706423960956,Sn,Br,1,3,3,1,10,0,0,Trimethylammonium,3.8166,4.2138,8.0304,1.9536,-4.3879,-0.0507,0.1222,250.57,2.7658,1.8552,2.5819,Trimethylammonium_Sn_Br,0.7267000000000001
0765,4.92280356691,7.7431991225,7.21624877736,102.548811639,76.1528774546,89.488987912,Trimethylammonium Tin Bromide,18,"A. Mancini et al., J. Solid State Chem. 240, 55 (2016)",260.1573641517258,Sn,Br,1,3,3,1,10,0,0,Trimethylammonium,3.2787,2.2539,5.5326,1.8107,-4.3709,-0.0337,0.1392,260.16,2.6639,2.6506,3.5503,Trimethylammonium_Sn_Br,0.8997000000000002
0766,8.67578131548,4.8848399836,6.14160647401,99.0026966131,96.3141432219,92.1785041987,Trimethylammonium Tin Bromide,18,"A. Mancini et al., J. Solid State Chem. 240, 55 (2016)",255.10963856877697,Sn,Br,1,3,3,1,10,0,0,Trimethylammonium,3.5301,3.8022,7.3323,1.8789,-4.3768,-0.0397,0.1332,255.11,2.7166,2.6426,3.4902,Trimethylammonium_Sn_Br,0.8476000000000004
0767,6.20323878178,4.92264441266,8.56245324931,91.7074931759,83.3780242682,80.3481835912,Trimethylammonium Tin Bromide,18,"A. Mancini et al., J. Solid State Chem. 240, 55 (2016)",255.7227650450983,Sn,Br,1,3,3,1,10,0,0,Trimethylammonium,3.4755,3.2649,6.7404,1.8643,-4.3773,-0.0402,0.1327,255.72,2.7101,2.7232,3.5843,Trimethylammonium_Sn_Br,0.8611
0768,6.0811698999,4.65175765465,9.04430873672,93.4448911957,83.4801773234,84.0705636322,Trimethylammonium Tin Bromide,18,"A. Mancini et al., J. Solid State Chem. 240, 55 (2016)",252.16339408257585,Sn,Br,1,3,3,1,10,0,0,Trimethylammonium,3.6935,19.9018,23.5953,1.9219,-4.3752,-0.0381,0.1348,252.16,2.7484,2.4718,3.2939,Trimethylammonium_Sn_Br,0.8220999999999998
0769,6.58841798236,4.83094664837,8.10542157668,90.5445978292,93.9683314672,75.0717676707,Trimethylammonium Tin Bromide,18,"A. Mancini et al., J. Solid State Chem. 240, 55 (2016)",248.66776275458557,Sn,Br,1,3,3,1,10,0,0,Trimethylammonium,3.4584,3.2674,6.7258,1.8597,-4.3771,-0.0399,0.133,248.67,2.7869,2.932,3.8483,Trimethylammonium_Sn_Br,0.9163000000000001
0770,6.31824347873,6.11784232072,6.14104965615,89.986885795,89.4751213958,88.5575287085,Azetidinium Tin Bromide,16,"B. Zhou et al., Angew. Chem. Int. Ed. 50, 11441 (2011)",237.2910592174404,Sn,Br,1,3,3,1,8,0,0,Azetidinium,4.3517,20.5078,24.8595,2.0861,-4.4447,-0.0192,0.1753,237.29,2.9065,1.4384,2.1315,Azetidinium_Sn_Br,0.6931
0771,6.16422000604,6.13797230648,6.23632830163,93.2813769716,85.6920644187,90.7069740716,Azetidinium Tin Bromide,16,"B. Zhou et al., Angew. Chem. Int. Ed. 50, 11441 (2011)",234.89648178911173,Sn,Br,1,3,3,1,8,0,0,Azetidinium,4.409,9.9178,14.3267,2.0997,-4.4432,-0.0177,0.1768,234.9,2.9361,1.4078,2.0922,Azetidinium_Sn_Br,0.6844000000000001
0772,6.14155593481,6.2575972644,6.13632548277,94.5391959809,91.9869494454,97.8388622403,Azetidinium Tin Bromide,16,"B. Zhou et al., Angew. Chem. Int. Ed. 50, 11441 (2011)",232.64407738395977,Sn,Br,1,3,3,1,8,0,0,Azetidinium,4.3812,18.9042,23.2853,2.0931,-4.4404,-0.015,0.1795,232.64,2.9646,1.8059,2.4449,Azetidinium_Sn_Br,0.639
0773,6.17605549768,6.1591526616,6.19337018249,86.1987131972,82.8033944234,93.9587557634,Azetidinium Tin Bromide,16,"B. Zhou et al., Angew. Chem. Int. Ed. 50, 11441 (2011)",232.50818301945907,Sn,Br,1,3,3,1,8,0,0,Azetidinium,4.3752,9.7017,14.0768,2.0917,-4.4413,-0.0159,0.1786,232.51,2.9662,1.4949,2.1966,Azetidinium_Sn_Br,0.7017000000000002
0774,8.3692845037,6.12138930276,4.69242117924,92.6370645462,84.53602985,86.3446311987,Azetidinium Tin Bromide,16,"B. Zhou et al., Angew. Chem. Int. Ed. 50, 11441 (2011)",238.49290345254855,Sn,Br,1,3,3,1,8,0,0,Azetidinium,3.9254,10.5824,14.5078,1.9813,-4.4331,-0.0077,0.1868,238.49,2.8919,1.9285,2.926,Azetidinium_Sn_Br,0.9975
0775,8.35679777674,6.11399603985,4.68336006496,89.2821349514,96.8108680595,84.7689164622,Azetidinium Tin Bromide,16,"B. Zhou et al., Angew. Chem. Int. Ed. 50, 11441 (2011)",236.5447521726732,Sn,Br,1,3,3,1,8,0,0,Azetidinium,3.9753,16.0177,19.993,1.9938,-4.4334,-0.0079,0.1866,236.54,2.9157,2.0147,2.9911,Azetidinium_Sn_Br,0.9763999999999999
0776,6.08103077928,4.36155829957,8.77634441014,86.4518471396,90.8608116371,96.7488984368,Azetidinium Tin Bromide,16,"B. Zhou et al., Angew. Chem. Int. Ed. 50, 11441 (2011)",230.709861268793,Sn,Br,1,3,3,1,8,0,0,Azetidinium,3.9244,10.8717,14.7961,1.981,-4.4302,-0.0047,0.1898,230.71,2.9894,2.7525,3.5903,Azetidinium_Sn_Br,0.8378000000000001
0777,8.72634082061,4.44315397126,6.51206568415,71.8552067632,91.8980797351,100.937885997,Azetidinium Tin Bromide,16,"B. Zhou et al., Angew. Chem. Int. Ed. 50, 11441 (2011)",235.48325965259284,Sn,Br,1,3,3,1,8,0,0,Azetidinium,3.6902,15.8067,19.497,1.921,-4.4303,-0.0048,0.1897,235.48,2.9288,2.8735,3.7768,Azetidinium_Sn_Br,0.9033000000000002
0778,6.47511602149,4.44889201664,8.98968554483,107.498797297,96.5853084254,72.7232960692,Azetidinium Tin Bromide,16,"B. Zhou et al., Angew. Chem. Int. Ed. 50, 11441 (2011)",235.74749104599988,Sn,Br,1,3,3,1,8,0,0,Azetidinium,3.6914,13.8612,17.5526,1.9213,-4.4303,-0.0049,0.1896,235.75,2.9255,2.8338,3.7412,Azetidinium_Sn_Br,0.9074
0779,8.75111705791,4.45940165533,6.44939925408,106.703843,91.9056379317,78.2270622875,Azetidinium Tin Bromide,16,"B. Zhou et al., Angew. Chem. Int. Ed. 50, 11441 (2011)",235.9081880969579,Sn,Br,1,3,3,1,8,0,0,Azetidinium,3.6924,15.242,18.9343,1.9216,-4.4304,-0.0049,0.1896,235.91,2.9235,2.8445,3.7496,Azetidinium_Sn_Br,0.9051
0780,6.37788074466,4.46933601796,8.80389700575,103.185008224,87.9287078677,104.521246134,Azetidinium Tin Bromide,16,"B. Zhou et al., Angew. Chem. Int. Ed. 50, 11441 (2011)",236.474178888286,Sn,Br,1,3,3,1,8,0,0,Azetidinium,3.6978,16.7202,20.418,1.923,-4.4305,-0.005,0.1895,236.47,2.9166,2.8092,3.7012,Azetidinium_Sn_Br,0.8919999999999999
0781,8.51027547501,4.66056031714,6.30987036912,74.9372189281,90.2717781106,101.281776088,Azetidinium Tin Bromide,16,"B. Zhou et al., Angew. Chem. Int. Ed. 50, 11441 (2011)",236.71674485673512,Sn,Br,1,3,3,1,8,0,0,Azetidinium,3.7132,5.4976,9.2108,1.927,-4.4284,-0.003,0.1915,236.72,2.9135,2.6498,3.5445,Azetidinium_Sn_Br,0.8947000000000003
0782,6.07388988576,4.32605884901,8.84409705921,88.9005412734,91.0972372942,83.1360643851,Azetidinium Tin Bromide,16,"B. Zhou et al., Angew. Chem. Int. Ed. 50, 11441 (2011)",230.6256605167507,Sn,Br,1,3,3,1,8,0,0,Azetidinium,3.9099,8.5143,12.4242,1.9773,-4.4292,-0.0038,0.1907,230.63,2.9904,2.762,3.5946,Azetidinium_Sn_Br,0.8325999999999998
0783,4.3791102189,6.04877655776,8.81594250793,92.5447522911,90.0149882103,96.0610817131,Azetidinium Tin Bromide,16,"B. Zhou et al., Angew. Chem. Int. Ed. 50, 11441 (2011)",231.98169731812396,Sn,Br,1,3,3,1,8,0,0,Azetidinium,3.9721,14.0461,18.0182,1.993,-4.4275,-0.002,0.1925,231.98,2.973,2.48,3.3438,Azetidinium_Sn_Br,0.8637999999999999
0784,8.09510731427,6.42701550777,4.71458084233,86.9483092408,86.6553958069,83.815525113,Azetidinium Tin Bromide,16,"B. Zhou et al., Angew. Chem. Int. Ed. 50, 11441 (2011)",243.1718356397231,Sn,Br,1,3,3,1,8,0,0,Azetidinium,3.512,4.9401,8.4521,1.874,-4.4217,0.0038,0.1983,243.17,2.8362,2.5003,3.3787,Azetidinium_Sn_Br,0.8783999999999996
0785,8.21521134587,6.28523673254,4.79850057711,85.58676755,89.1891287816,79.813943349,Azetidinium Tin Bromide,16,"B. Zhou et al., Angew. Chem. Int. Ed. 50, 11441 (2011)",243.14016013147105,Sn,Br,1,3,3,1,8,0,0,Azetidinium,3.4699,3.7336,7.2035,1.8628,-4.4155,0.0099,0.2045,243.14,2.8366,2.5807,3.4867,Azetidinium_Sn_Br,0.9059999999999997
0786,6.05367046346,6.71695090124,6.08423130838,89.7959839031,79.8811415214,90.1926206397,Imidazolium Tin Bromide,14,"B.Saparov et al., Chem. Rev. 116, 4558 (2016)",243.5465529941961,Sn,Br,1,3,3,2,5,0,0,Imidazolium,4.1324,48.7594,52.8917,2.0328,-4.8905,0.1856,0.4079,243.55,2.9067,1.7216,2.4152,Imidazolium_Sn_Br,0.6936
0787,6.15861572494,6.4227096619,6.14853992574,96.9660282598,80.0518000956,83.9222940359,Imidazolium Tin Bromide,14,"B.Saparov et al., Chem. Rev. 116, 4558 (2016)",235.77127355226585,Sn,Br,1,3,3,2,5,0,0,Imidazolium,4.1389,7.1567,11.2956,2.0344,-4.8933,0.1829,0.4052,235.77,3.0026,2.2517,2.9569,Imidazolium_Sn_Br,0.7052
0788,6.23545245584,6.15949884106,6.35428031546,97.0423572888,96.0258401523,98.4383442018,Imidazolium Tin Bromide,14,"B.Saparov et al., Chem. Rev. 116, 4558 (2016)",237.70029146902084,Sn,Br,1,3,3,2,5,0,0,Imidazolium,4.1096,5.4536,9.5632,2.0272,-4.8944,0.1818,0.404,237.7,2.9782,2.0034,2.6995,Imidazolium_Sn_Br,0.6960999999999999
0789,6.0646233851,4.20163517458,9.35237184923,88.2525508103,88.3426761608,79.1394727919,Imidazolium Tin Bromide,14,"B.Saparov et al., Chem. Rev. 116, 4558 (2016)",233.8684235482881,Sn,Br,1,3,3,2,5,0,0,Imidazolium,3.9326,7.9084,11.8409,1.9831,-4.8927,0.1834,0.4057,233.87,3.027,2.7198,3.5053,Imidazolium_Sn_Br,0.7854999999999999
0790,8.95879292831,4.24806472443,6.18560410665,101.007860046,94.1745891097,90.3066156618,Imidazolium Tin Bromide,14,"B.Saparov et al., Chem. Rev. 116, 4558 (2016)",230.41989609460788,Sn,Br,1,3,3,2,5,0,0,Imidazolium,3.9278,12.4078,16.3356,1.9819,-4.8919,0.1843,0.4065,230.42,3.0723,2.7721,3.569,Imidazolium_Sn_Br,0.7968999999999999
0791,6.7494837726,4.27126869414,8.46527574488,90.9371525059,86.6189414914,78.2694175275,Imidazolium Tin Bromide,14,"B.Saparov et al., Chem. Rev. 116, 4558 (2016)",238.43098687476257,Sn,Br,1,3,3,2,5,0,0,Imidazolium,3.7419,7.7914,11.5333,1.9344,-4.8885,0.1877,0.41,238.43,2.9691,2.58,3.4111,Imidazolium_Sn_Br,0.8310999999999997
0792,6.24219168075,4.27602014193,9.62653655041,113.361416904,97.4668967786,78.9449858445,Imidazolium Tin Bromide,14,"B.Saparov et al., Chem. Rev. 116, 4558 (2016)",231.0926790927571,Sn,Br,1,3,3,2,5,0,0,Imidazolium,3.9147,9.3945,13.3092,1.9786,-4.8932,0.183,0.4052,231.09,3.0634,2.7608,3.5578,Imidazolium_Sn_Br,0.7969999999999997
0793,6.4611706725,6.43081273374,6.70415225446,82.6266013949,89.3006676737,94.1333915211,Ethylammonium Tin Iodide,15,"B.Saparov et al., Chem. Rev. 116, 4558 (2016)",275.4745506181108,Sn,I,1,3,2,1,8,0,0,Ethylammonium,5.2554,11.4046,16.66,2.2925,-4.1593,0.1474,0.2756,275.47,3.2885,1.3461,1.8796,Ethylammonium_Sn_I,0.5334999999999999
0794,6.6085939659,6.37085244507,6.6531157106,86.0451957517,81.1892339996,87.1179192921,Ethylammonium Tin Iodide,15,"B.Saparov et al., Chem. Rev. 116, 4558 (2016)",275.92322982812817,Sn,I,1,3,2,1,8,0,0,Ethylammonium,5.2446,9.988,15.2326,2.2901,-4.1578,0.1489,0.2771,275.92,3.2831,1.2713,1.844,Ethylammonium_Sn_I,0.5727
0795,6.59552477877,4.50175319909,9.31022049239,98.6913324771,90.020451235,96.8877314672,Ethylammonium Tin Iodide,15,"B.Saparov et al., Chem. Rev. 116, 4558 (2016)",271.2391590134229,Sn,I,1,3,2,1,8,0,0,Ethylammonium,4.4447,7.2254,11.6701,2.1083,-4.154,0.1527,0.2809,271.24,3.3397,2.0867,2.8209,Ethylammonium_Sn_I,0.7342
0796,8.93278430985,4.61929230014,6.62480147374,81.0068745851,91.9791743061,88.0076381381,Ethylammonium Tin Iodide,15,"B.Saparov et al., Chem. Rev. 116, 4558 (2016)",269.6152011322482,Sn,I,1,3,2,1,8,0,0,Ethylammonium,4.4994,7.9801,12.4795,2.1212,-4.1551,0.1516,0.2798,269.62,3.3598,2.1686,2.9097,Ethylammonium_Sn_I,0.7410999999999999
0797,6.67447449331,4.65978201126,8.86802701735,94.3596432913,96.5061202278,94.7990405546,Ethylammonium Tin Iodide,15,"B.Saparov et al., Chem. Rev. 116, 4558 (2016)",272.0527821946499,Sn,I,1,3,2,1,8,0,0,Ethylammonium,4.6015,9.7678,14.3693,2.1451,-4.1553,0.1514,0.2796,272.05,3.3298,2.0272,2.7178,Ethylammonium_Sn_I,0.6905999999999999
0798,6.63171611116,4.6254442795,9.89448506263,64.3716744247,95.696261931,98.9815939599,Ethylammonium Tin Iodide,15,"B.Saparov et al., Chem. Rev. 116, 4558 (2016)",270.1230989829006,Sn,I,1,3,2,1,8,0,0,Ethylammonium,4.4886,8.6389,13.1276,2.1186,-4.1552,0.1515,0.2797,270.12,3.3536,2.1578,2.8686,Ethylammonium_Sn_I,0.7107999999999999
0799,7.23802266454,4.78549732221,8.18838145801,106.805123832,91.0034423796,84.9039298637,Ethylammonium Tin Iodide,15,"B.Saparov et al., Chem. Rev. 116, 4558 (2016)",270.4295982211793,Sn,I,1,3,2,1,8,0,0,Ethylammonium,4.4076,16.578,20.9856,2.0994,-4.1545,0.1522,0.2804,270.43,3.3497,2.1628,2.9142,Ethylammonium_Sn_I,0.7514000000000003
0800,6.26618364946,4.45620838941,9.81829875469,90.8734833974,84.8081369249,92.0305745495,Ethylammonium Tin Iodide,15,"B.Saparov et al., Chem. Rev. 116, 4558 (2016)",272.84426184143655,Sn,I,1,3,2,1,8,0,0,Ethylammonium,4.725,12.3233,17.0483,2.1737,-4.1451,0.1616,0.2898,272.84,3.3202,2.0774,2.6625,Ethylammonium_Sn_I,0.5851000000000002
0801,6.48879057841,4.72721011939,8.86593183115,88.3247042432,87.3769858666,78.1690842316,Ethylammonium Tin Iodide,15,"B.Saparov et al., Chem. Rev. 116, 4558 (2016)",265.84168709513995,Sn,I,1,3,2,1,8,0,0,Ethylammonium,4.5729,12.3629,16.9357,2.1384,-4.1528,0.1539,0.2821,265.84,3.4076,2.2016,2.9866,Ethylammonium_Sn_I,0.7850000000000001
0802,9.39622662598,4.46593917603,6.2968208544,88.1165876931,90.0338090162,94.3760598378,Ethylammonium Tin Iodide,15,"B.Saparov et al., Chem. Rev. 116, 4558 (2016)",263.32021480298846,Sn,I,1,3,2,1,8,0,0,Ethylammonium,4.8377,13.4923,18.33,2.1995,-4.1453,0.1614,0.2896,263.32,3.4402,2.0493,2.754,Ethylammonium_Sn_I,0.7046999999999999
0803,11.722025747,4.88179545658,4.81947855045,90.050282266,90.1658767101,84.8785957628,Ethylammonium Tin Iodide,15,"B.Saparov et al., Chem. Rev. 116, 4558 (2016)",274.6901785003011,Sn,I,1,3,2,1,8,0,0,Ethylammonium,4.8956,27.7165,32.6121,2.2126,-4.1437,0.163,0.2912,274.69,3.2978,1.2871,1.9267,Ethylammonium_Sn_I,0.6396000000000002
0804,9.53122571162,4.71718057793,6.40711928186,87.4463052225,98.3169505422,107.667539019,Ethylammonium Tin Iodide,15,"B.Saparov et al., Chem. Rev. 116, 4558 (2016)",271.59349778005026,Sn,I,1,3,2,1,8,0,0,Ethylammonium,4.3593,8.4085,12.7679,2.0879,-4.1398,0.1669,0.2951,271.59,3.3354,2.0867,2.8033,Ethylammonium_Sn_I,0.7166000000000001
0805,6.52037573319,6.66081831024,7.28535631779,75.4853080733,88.423553631,87.1031557066,Propylammonium Tin Iodide,18,"S.Kataoka et al., J. Am. Chem. Soc. 137, 4158 (2015)",305.88435679126275,Sn,I,1,3,3,1,10,0,0,Propylammonium,4.299,6.9216,11.2206,2.0734,-4.3076,0.0731,0.1799,305.88,3.0377,1.7766,2.4483,Propylammonium_Sn_I,0.6717000000000002
0806,6.45235257172,6.56688111533,7.45132316955,101.443767084,80.6806623538,88.8783641917,Propylammonium Tin Iodide,18,"S.Kataoka et al., J. Am. Chem. Soc. 137, 4158 (2015)",304.928507828644,Sn,I,1,3,3,1,10,0,0,Propylammonium,4.2485,3.6318,7.8803,2.0612,-4.3097,0.071,0.1778,304.93,3.0471,1.8095,2.4941,Propylammonium_Sn_I,0.6845999999999999
0807,6.46264657748,6.55199313731,7.50274056072,102.094577442,80.9313355406,90.4444824348,Propylammonium Tin Iodide,18,"S.Kataoka et al., J. Am. Chem. Soc. 137, 4158 (2015)",306.65043998514653,Sn,I,1,3,3,1,10,0,0,Propylammonium,4.3767,4.9015,9.2782,2.0921,-4.3104,0.0703,0.1771,306.65,3.0301,1.6341,2.3011,Propylammonium_Sn_I,0.6669999999999998
0808,6.65879684157,6.54359192531,6.8628579715,97.393871585,83.1981907645,93.7923839234,Propylammonium Tin Iodide,18,"S.Kataoka et al., J. Am. Chem. Soc. 137, 4158 (2015)",294.06426570589184,Sn,I,1,3,3,1,10,0,0,Propylammonium,4.8814,10.3485,15.2299,2.2094,-4.3102,0.0704,0.1773,294.06,3.1598,1.3516,2.0056,Propylammonium_Sn_I,0.6539999999999999
0809,6.73948070193,6.72162174395,6.70034739494,79.3673164128,89.754246498,83.6371302994,Propylammonium Tin Iodide,18,"S.Kataoka et al., J. Am. Chem. Soc. 137, 4158 (2015)",296.4376431676288,Sn,I,1,3,3,1,10,0,0,Propylammonium,4.6275,5.5281,10.1557,2.1512,-4.3109,0.0697,0.1766,296.44,3.1344,1.5144,2.1058,Propylammonium_Sn_I,0.5913999999999999
0810,6.66377721753,6.5382155815,6.84044621571,82.9649228935,81.1147908416,83.9762164906,Propylammonium Tin Iodide,18,"S.Kataoka et al., J. Am. Chem. Soc. 137, 4158 (2015)",291.1127567324679,Sn,I,1,3,3,1,10,0,0,Propylammonium,4.9443,10.661,15.6053,2.2236,-4.3095,0.0712,0.178,291.11,3.1918,1.3746,2.0201,Propylammonium_Sn_I,0.6454999999999997
0811,8.31821390362,4.73681940188,8.05442205787,76.0665753296,85.2359996561,74.1258748609,Propylammonium Tin Iodide,18,"S.Kataoka et al., J. Am. Chem. Soc. 137, 4158 (2015)",296.22478180476054,Sn,I,1,3,3,1,10,0,0,Propylammonium,4.0872,6.3797,10.4669,2.0217,-4.305,0.0756,0.1824,296.22,3.1367,2.2954,3.065,Propylammonium_Sn_I,0.7696000000000001
0812,8.55873989218,5.11248599198,8.77575738993,84.3015519575,121.105930049,114.253397487,Propylammonium Tin Iodide,18,"S.Kataoka et al., J. Am. Chem. Soc. 137, 4158 (2015)",296.610663309638,Sn,I,1,3,3,1,10,0,0,Propylammonium,3.9879,3.4529,7.4408,1.997,-4.3019,0.0787,0.1856,296.61,3.1326,2.3118,3.1057,Propylammonium_Sn_I,0.7939000000000003
0813,8.77848123935,4.78113515811,9.55372525098,104.846439224,123.09207277,60.1725884567,Propylammonium Tin Iodide,18,"S.Kataoka et al., J. Am. Chem. Soc. 137, 4158 (2015)",291.3715228943084,Sn,I,1,3,3,1,10,0,0,Propylammonium,4.2527,40.9375,45.1902,2.0622,-4.2995,0.0811,0.188,291.37,3.189,2.2193,2.9978,Propylammonium_Sn_I,0.7784999999999997
0814,8.74436360691,5.06372407499,8.05560853204,79.6395758148,59.5339459324,95.5021965486,Propylammonium Tin Iodide,18,"S.Kataoka et al., J. Am. Chem. Soc. 137, 4158 (2015)",294.9803643710788,Sn,I,1,3,3,1,10,0,0,Propylammonium,4.0372,3.7341,7.7713,2.0093,-4.3018,0.0788,0.1857,294.98,3.1499,2.2994,3.0943,Propylammonium_Sn_I,0.7949000000000002
0815,8.73918418936,4.98782582381,8.02039289539,86.7364159949,116.225753559,79.399402278,Propylammonium Tin Iodide,18,"S.Kataoka et al., J. Am. Chem. Soc. 137, 4158 (2015)",304.45317678792884,Sn,I,1,3,3,1,10,0,0,Propylammonium,3.8072,2.7267,6.5339,1.9512,-4.2983,0.0824,0.1892,304.45,3.0519,2.4629,3.2679,Propylammonium_Sn_I,0.8050000000000002
0816,6.42763250614,6.49480136448,10.3481974529,59.757808458,123.600060476,95.3446357481,Propylammonium Tin Iodide,18,"S.Kataoka et al., J. Am. Chem. Soc. 137, 4158 (2015)",300.3346566400384,Sn,I,1,3,3,1,10,0,0,Propylammonium,4.4969,7.2433,11.7402,2.1206,-4.3068,0.0738,0.1807,300.33,3.0938,1.6324,2.2738,Propylammonium_Sn_I,0.6414
0817,6.68215838254,6.57343936972,7.86752231262,74.9950182311,77.1883149853,83.4889556901,Butylammonium Tin Iodide,21,"H. Hu et al., Sci. Rep. 6, 33546 (2016)",324.91032805873306,Sn,I,1,3,4,1,12,0,0,Butylammonium,4.1172,3.9323,8.0494,2.0291,-4.4179,0.0156,0.1072,324.91,2.9315,1.7491,2.4672,Butylammonium_Sn_I,0.7181
0818,6.89222364136,7.36108510982,6.7177052557,80.6380915878,96.0672984232,109.467027738,Butylammonium Tin Iodide,21,"H. Hu et al., Sci. Rep. 6, 33546 (2016)",316.568400381882,Sn,I,1,3,4,1,12,0,0,Butylammonium,4.1607,2.8259,6.9866,2.0398,-4.4188,0.0147,0.1062,316.57,3.0087,1.9979,2.7152,Butylammonium_Sn_I,0.7172999999999998
0819,7.11629400864,6.14579905471,8.02367673423,72.3291556998,81.2521568336,88.8971103805,Butylammonium Tin Iodide,21,"H. Hu et al., Sci. Rep. 6, 33546 (2016)",330.3357635229618,Sn,I,1,3,4,1,12,0,0,Butylammonium,3.5942,1.8786,5.4728,1.8958,-4.4157,0.0178,0.1094,330.34,2.8833,2.3191,3.1234,Butylammonium_Sn_I,0.8043
0820,6.81257968357,6.64382094661,6.65896933188,81.5272256203,83.7363648556,90.6818619427,Isopropylammonium Tin Iodide,18,"C.C.Stoumpos et al., J. Am. Chem. Soc. 137, 6804 (2015)",296.20634862617527,Sn,I,1,3,3,1,10,0,0,Isopropylammonium,4.6305,5.9236,10.5542,2.1519,-4.3143,0.0724,0.1792,296.21,3.1368,1.7822,2.4481,Isopropylammonium_Sn_I,0.6659000000000002
0821,6.81491086626,6.69264158551,6.59361010586,80.1499048219,84.8607606369,90.9558729696,Isopropylammonium Tin Iodide,18,"C.C.Stoumpos et al., J. Am. Chem. Soc. 137, 6804 (2015)",294.9516011550052,Sn,I,1,3,3,1,10,0,0,Isopropylammonium,4.6422,4.7725,9.4147,2.1546,-4.317,0.0696,0.1765,294.95,3.1502,1.5949,2.1999,Isopropylammonium_Sn_I,0.605
0822,6.74629056775,6.45294224794,6.85181275495,94.6840399683,92.4667763608,84.0954355259,Isopropylammonium Tin Iodide,18,"C.C.Stoumpos et al., J. Am. Chem. Soc. 137, 6804 (2015)",295.52886915913103,Sn,I,1,3,3,1,10,0,0,Isopropylammonium,4.7342,8.4948,13.229,2.1758,-4.3124,0.0743,0.1811,295.53,3.1441,1.5787,2.2832,Isopropylammonium_Sn_I,0.7044999999999999
0823,6.90052002377,6.41280330498,6.79110723449,95.763037513,87.2078991811,95.3184650868,Isopropylammonium Tin Iodide,18,"C.C.Stoumpos et al., J. Am. Chem. Soc. 137, 6804 (2015)",297.476150098315,Sn,I,1,3,3,1,10,0,0,Isopropylammonium,4.7973,35.212,40.0093,2.1903,-4.3128,0.0739,0.1807,297.48,3.1235,1.383,2.0718,Isopropylammonium_Sn_I,0.6888000000000001
0824,8.16479187547,4.87000988387,8.03958853877,96.0297756849,98.4472658802,108.039066158,Isopropylammonium Tin Iodide,18,"C.C.Stoumpos et al., J. Am. Chem. Soc. 137, 6804 (2015)",296.78806894093583,Sn,I,1,3,3,1,10,0,0,Isopropylammonium,4.0576,7.3691,11.4267,2.0144,-4.3094,0.0773,0.1841,296.79,3.1307,2.2255,2.9794,Isopropylammonium_Sn_I,0.7539000000000002
0825,8.51135672055,4.85434379264,7.91453251995,107.478022197,79.1946086546,104.904495418,Propylammonium Tin Iodide,18,"S.Kataoka et al., J. Am. Chem. Soc. 137, 4158 (2015)",299.2513332700773,Sn,I,1,3,3,1,10,0,0,Propylammonium,4.0661,21.6134,25.6795,2.0165,-4.3087,0.072,0.1788,299.25,3.105,2.2661,3.015,Propylammonium_Sn_I,0.7489000000000003
0826,8.5809147446,4.85667489561,8.01388012262,108.248178779,78.7890703018,108.277178253,Isopropylammonium Tin Iodide,18,"C.C.Stoumpos et al., J. Am. Chem. Soc. 137, 6804 (2015)",299.45936811104303,Sn,I,1,3,3,1,10,0,0,Isopropylammonium,4.0616,28.2942,32.3557,2.0153,-4.3087,0.0779,0.1848,299.46,3.1028,2.2685,3.0191,Isopropylammonium_Sn_I,0.7505999999999999
0827,8.00194949775,4.67593851434,8.41596933326,75.414098713,77.5468626392,88.6995697295,Isopropylammonium Tin Iodide,18,"C.C.Stoumpos et al., J. Am. Chem. Soc. 137, 6804 (2015)",297.41195969602325,Sn,I,1,3,3,1,10,0,0,Isopropylammonium,4.017,6.596,10.613,2.0042,-4.3086,0.078,0.1849,297.41,3.1242,2.4196,3.188,Isopropylammonium_Sn_I,0.7684000000000002
0828,6.99575284632,4.59426557436,9.29018786237,85.1873830963,83.6109419329,96.4756367318,Isopropylammonium Tin Iodide,18,"C.C.Stoumpos et al., J. Am. Chem. Soc. 137, 6804 (2015)",293.43239096287346,Sn,I,1,3,3,1,10,0,0,Isopropylammonium,4.1495,7.949,12.0985,2.037,-4.3056,0.081,0.1879,293.43,3.1666,2.4784,3.3169,Isopropylammonium_Sn_I,0.8384999999999998
0829,6.61498858744,6.58042928382,6.5605139208,82.5304549082,99.6495635923,96.0281450113,Dimethylammonium Tin Iodide,15,"B.Saparov et al., Chem. Rev. 116, 4558 (2016)",278.1324275581062,Sn,I,1,3,2,1,8,0,0,Dimethylammonium,4.9265,5.8702,10.7968,2.2196,-4.1409,0.1436,0.2718,278.13,3.257,1.4496,2.0284,Dimethylammonium_Sn_I,0.5788
0830,6.58769317716,6.58313942946,6.57875475646,84.3684437126,99.6237391899,97.894247706,Dimethylammonium Tin Iodide,15,"B.Saparov et al., Chem. Rev. 116, 4558 (2016)",277.7980007665856,Sn,I,1,3,2,1,8,0,0,Dimethylammonium,4.9517,6.1658,11.1174,2.2252,-4.1412,0.1433,0.2715,277.8,3.2609,1.4818,2.044,Dimethylammonium_Sn_I,0.5622
0831,6.60392337262,6.59677093068,6.55945953389,81.4352926584,99.1321609505,96.1095068571,Dimethylammonium Tin Iodide,15,"B.Saparov et al., Chem. Rev. 116, 4558 (2016)",277.9867126808745,Sn,I,1,3,2,1,8,0,0,Dimethylammonium,4.9186,5.3078,10.2264,2.2178,-4.1415,0.143,0.2712,277.99,3.2586,1.4611,2.0272,Dimethylammonium_Sn_I,0.5661
0832,6.61584651508,6.52466948886,6.52993770217,88.0253562415,85.137574275,79.2910465715,Dimethylammonium Tin Iodide,15,"B.Saparov et al., Chem. Rev. 116, 4558 (2016)",275.9163728802387,Sn,I,1,3,2,1,8,0,0,Dimethylammonium,5.2869,47.4562,52.7432,2.2993,-4.1392,0.1453,0.2735,275.92,3.2831,1.2672,1.8386,Dimethylammonium_Sn_I,0.5713999999999999
0833,6.62094288751,4.63444588887,8.96243794412,88.0261080106,83.3492865316,82.0600373147,Dimethylammonium Tin Iodide,15,"B.Saparov et al., Chem. Rev. 116, 4558 (2016)",270.4902091796302,Sn,I,1,3,2,1,8,0,0,Dimethylammonium,4.5043,8.2293,12.7337,2.1223,-4.1357,0.1488,0.277,270.49,3.349,2.2273,2.9101,Dimethylammonium_Sn_I,0.6827999999999999
0834,6.61857603898,4.64919336894,8.909803995,92.8830041183,84.2459081478,98.0721431533,Dimethylammonium Tin Iodide,15,"B.Saparov et al., Chem. Rev. 116, 4558 (2016)",269.8972033596333,Sn,I,1,3,2,1,8,0,0,Dimethylammonium,4.5287,10.102,14.6307,2.1281,-4.1361,0.1484,0.2767,269.9,3.3563,2.2307,2.9147,Dimethylammonium_Sn_I,0.6839999999999997
0835,8.40640003317,4.73380408821,7.4835113805,103.344482598,95.6953196643,103.929506044,Dimethylammonium Tin Iodide,15,"B.Saparov et al., Chem. Rev. 116, 4558 (2016)",277.4350858684391,Sn,I,1,3,2,1,8,0,0,Dimethylammonium,4.2606,9.6582,13.9188,2.0641,-4.1308,0.1537,0.2819,277.44,3.2651,2.2641,3.0347,Dimethylammonium_Sn_I,0.7706
0836,6.72923255168,4.74208354877,8.52575823078,77.668313047,86.4289922694,81.7356297126,Dimethylammonium Tin Iodide,15,"B.Saparov et al., Chem. Rev. 116, 4558 (2016)",262.8842980862242,Sn,I,1,3,2,1,8,0,0,Dimethylammonium,4.6907,13.9191,18.6098,2.1658,-4.1367,0.1478,0.276,262.88,3.446,2.1441,2.9326,Dimethylammonium_Sn_I,0.7885
0837,6.63296938534,6.60212878902,6.58846465222,89.8266951126,98.8098703495,82.0148036432,Acetamidinium Tin Iodide,15,"C.C.Stoumpos et al., J. Am. Chem. Soc. 137, 6804 (2015)",282.26467667221925,Sn,I,1,3,2,2,7,0,0,Acetamidinium,5.0675,6.8409,11.9084,2.2511,-4.4479,0.2627,0.3909,282.26,3.2858,1.324,1.9003,Acetamidinium_Sn_I,0.5763
0838,6.64249393519,6.61167787061,6.61654939546,90.0085595414,98.722936198,98.6726552518,Acetamidinium Tin Iodide,15,"C.C.Stoumpos et al., J. Am. Chem. Soc. 137, 6804 (2015)",283.8617572273669,Sn,I,1,3,2,2,7,0,0,Acetamidinium,4.9918,6.0608,11.0526,2.2342,-4.4483,0.2623,0.3905,283.86,3.2673,1.3568,1.9339,Acetamidinium_Sn_I,0.5771
0839,6.60679205044,6.5893371641,6.54486266797,85.4752782222,98.4753283733,89.3743259737,Acetamidinium Tin Iodide,15,"C.C.Stoumpos et al., J. Am. Chem. Soc. 137, 6804 (2015)",280.8632087830855,Sn,I,1,3,2,2,7,0,0,Acetamidinium,5.2253,11.347,16.5724,2.2859,-4.4456,0.265,0.3932,280.86,3.3022,1.2292,1.7999,Acetamidinium_Sn_I,0.5707
0840,6.79766241603,4.5357662288,8.94105709099,90.0734118399,95.6513212448,102.550374251,Acetamidinium Tin Iodide,15,"C.C.Stoumpos et al., J. Am. Chem. Soc. 137, 6804 (2015)",267.70803692233824,Sn,I,1,3,2,2,7,0,0,Acetamidinium,4.5217,6.6379,11.1596,2.1264,-4.4483,0.2623,0.3905,267.71,3.4644,2.1813,2.9256,Acetamidinium_Sn_I,0.7443000000000004
0841,6.74450743081,4.53769501781,9.5870677923,108.362815205,78.7085329977,91.964799343,Acetamidinium Tin Iodide,15,"C.C.Stoumpos et al., J. Am. Chem. Soc. 137, 6804 (2015)",272.9590566410247,Sn,I,1,3,2,2,7,0,0,Acetamidinium,4.4585,7.2584,11.7169,2.1115,-4.4448,0.2658,0.3941,272.96,3.3978,2.3598,3.1188,Acetamidinium_Sn_I,0.7589999999999999
0842,8.27325497194,4.47840653688,7.59123670823,90.5096060086,92.7930590284,79.2267522496,Acetamidinium Tin Iodide,15,"C.C.Stoumpos et al., J. Am. Chem. Soc. 137, 6804 (2015)",275.9772990235508,Sn,I,1,3,2,2,7,0,0,Acetamidinium,4.2272,4.4896,8.7168,2.056,-4.4361,0.2745,0.4027,275.98,3.3606,2.3034,3.1226,Acetamidinium_Sn_I,0.8191999999999999
0843,6.49388449539,6.32348766406,6.40828916913,89.9773479029,92.1050488359,89.8487212647,Methylammonium Tin Iodide,12,"T.D.Huan et al., Phys. Rev. B 93,094105(2016)",262.9714443876754,Sn,I,1,3,1,1,6,0,0,Methylammonium,5.8131,19.7083,25.5214,2.411,-3.9093,0.2791,0.4394,262.97,3.3562,1.0257,1.5626,Methylammonium_Sn_I,0.5368999999999999
0844,6.39580373909,6.37875432782,6.48928854219,86.7973117494,85.8877145142,92.3018819194,Methylammonium Tin Iodide,12,"T.D.Huan et al., Phys. Rev. B 93,094105(2016)",263.39169382495976,Sn,I,1,3,1,1,6,0,0,Methylammonium,5.8395,23.5034,29.3429,2.4165,-3.9092,0.2792,0.4394,263.39,3.3508,1.063,1.5456,Methylammonium_Sn_I,0.48260000000000014
0845,6.71863668034,4.67951995915,8.3815892993,103.612811301,79.2614005862,94.5611377874,Methylammonium Tin Iodide,12,"T.D.Huan et al., Phys. Rev. B 93,094105(2016)",251.4536851855159,Sn,I,1,3,1,1,6,0,0,Methylammonium,4.8562,13.0716,17.9278,2.2037,-3.9099,0.2785,0.4387,251.45,3.51,1.9191,2.6347,Methylammonium_Sn_I,0.7156
0846,6.93736779531,4.71750589412,8.51071499365,106.352442044,84.9222725193,73.2296805387,Methylammonium Tin Iodide,12,"T.D.Huan et al., Phys. Rev. B 93,094105(2016)",251.49125626755156,Sn,I,1,3,1,1,6,0,0,Methylammonium,4.5836,12.3254,16.909,2.1409,-3.9084,0.28,0.4402,251.49,3.5094,2.3124,3.0888,Methylammonium_Sn_I,0.7764000000000002
0847,8.67799325293,4.57174642154,6.40442781539,86.4752782962,95.1261152509,91.1782283156,Methylammonium Tin Iodide,12,"T.D.Huan et al., Phys. Rev. B 93,094105(2016)",252.5626358145857,Sn,I,1,3,1,1,6,0,0,Methylammonium,5.1174,15.5351,20.6525,2.2622,-3.9071,0.2812,0.4415,252.56,3.4945,1.7813,2.3765,Methylammonium_Sn_I,0.5952
0848,8.42559334162,4.75686001354,8.00108097274,53.6578557379,100.202476277,106.566442395,Methylammonium Tin Iodide,12,"T.D.Huan et al., Phys. Rev. B 93,094105(2016)",247.56788160765169,Sn,I,1,3,1,1,6,0,0,Methylammonium,5.4787,42.293,47.7716,2.3407,-3.9095,0.2789,0.4392,247.57,3.565,1.6172,2.2507,Methylammonium_Sn_I,0.6335000000000002
0849,6.54241282101,6.50616500217,6.49501304167,96.8945379889,95.2631623631,94.985595454,Guanidinium Tin Iodide,14,"B.Saparov et al., Chem. Rev. 116, 4558 (2016)",271.9665087010545,Sn,I,1,3,1,3,6,0,0,Guanidinium,5.557,14.4165,19.9735,2.3573,-4.4697,0.4663,0.6037,271.97,3.4162,1.2413,1.7929,Guanidinium_Sn_I,0.5515999999999999
0850,6.40945164281,6.4867798528,6.53517440702,88.0113980116,93.6173661738,85.152167174,Guanidinium Tin Iodide,14,"B.Saparov et al., Chem. Rev. 116, 4558 (2016)",269.9805561701604,Sn,I,1,3,1,3,6,0,0,Guanidinium,5.7042,18.9263,24.6305,2.3883,-4.469,0.467,0.6044,269.98,3.4414,1.0856,1.6399,Guanidinium_Sn_I,0.5543
0851,9.87247305966,4.47526901432,6.69760730232,76.0884610594,96.9148669483,116.904809563,Guanidinium Tin Iodide,14,"B.Saparov et al., Chem. Rev. 116, 4558 (2016)",256.1204740349221,Sn,I,1,3,1,3,6,0,0,Guanidinium,4.7765,9.6023,14.3788,2.1855,-4.4754,0.4606,0.598,256.12,3.6276,1.9208,2.6343,Guanidinium_Sn_I,0.7135
0852,6.22321337392,6.43916593448,6.37184985174,100.973094198,85.4778038526,89.0945929843,Hydroxylammonium Tin Iodide,10,"G.Kieslich et al., Chem. Sci. 6, 3430 (2015)",249.76211666157693,Sn,I,1,3,0,1,4,0,1,Hydroxylammonium,5.6182,17.168,22.7862,2.3703,-3.5658,0.5228,0.7151,249.76,3.5468,1.4861,1.9713,Hydroxylammonium_Sn_I,0.4852000000000001
0853,6.39890888501,4.66960727486,8.07722751298,106.351421397,87.2093014499,91.6151961628,Hydroxylammonium Tin Iodide,10,"G.Kieslich et al., Chem. Sci. 6, 3430 (2015)",231.2877586694325,Sn,I,1,3,0,1,4,0,1,Hydroxylammonium,5.8784,54.1035,59.9819,2.4245,-3.5881,0.5005,0.6929,231.29,3.8301,1.4921,2.0766,Hydroxylammonium_Sn_I,0.5845
0854,8.08073385544,4.69545656562,6.39158040845,89.8855262212,92.488755043,72.6829939166,Hydroxylammonium Tin Iodide,10,"G.Kieslich et al., Chem. Sci. 6, 3430 (2015)",231.2747892034684,Sn,I,1,3,0,1,4,0,1,Hydroxylammonium,5.8571,33.2911,39.1482,2.4201,-3.5874,0.5012,0.6935,231.27,3.8304,1.5522,2.1319,Hydroxylammonium_Sn_I,0.5796999999999999
0855,6.39065011005,4.59021106895,8.15558546746,105.717286903,86.4490922258,92.901926695,Hydroxylammonium Tin Iodide,10,"G.Kieslich et al., Chem. Sci. 6, 3430 (2015)",229.7095019722656,Sn,I,1,3,0,1,4,0,1,Hydroxylammonium,5.785,19.0151,24.8001,2.4052,-3.5829,0.5058,0.6981,229.71,3.8564,1.5138,2.114,Hydroxylammonium_Sn_I,0.6001999999999998
0856,8.25832682179,4.60928108996,6.59799676643,88.0584080498,74.4371935589,74.9612287128,Hydroxylammonium Tin Iodide,10,"G.Kieslich et al., Chem. Sci. 6, 3430 (2015)",233.48549019670887,Sn,I,1,3,0,1,4,0,1,Hydroxylammonium,5.1775,12.4457,17.6232,2.2754,-3.58,0.5086,0.7009,233.49,3.794,2.1394,2.8704,Hydroxylammonium_Sn_I,0.7309999999999999
0857,6.73468200865,4.63123415568,8.05364811055,105.180930956,103.354938312,77.8762075611,Hydroxylammonium Tin Iodide,10,"G.Kieslich et al., Chem. Sci. 6, 3430 (2015)",232.86080935552252,Sn,I,1,3,0,1,4,0,1,Hydroxylammonium,5.0543,11.1077,16.162,2.2482,-3.5826,0.506,0.6983,232.86,3.8042,2.1743,2.9048,Hydroxylammonium_Sn_I,0.7304999999999997
0858,8.26754522282,4.60040965956,6.37009491477,89.3112132546,92.260058217,73.4427873138,Hydroxylammonium Tin Iodide,10,"G.Kieslich et al., Chem. Sci. 6, 3430 (2015)",231.98569651142955,Sn,I,1,3,0,1,4,0,1,Hydroxylammonium,5.684,34.7027,40.3867,2.3841,-3.5791,0.5095,0.7018,231.99,3.8185,1.7867,2.3968,Hydroxylammonium_Sn_I,0.6100999999999999
0859,6.45771509712,6.46912523381,6.40940611205,82.9607021504,85.1610905317,85.610098606,Formamidinium Tin Iodide,12,"T.D.Huan et al., Phys. Rev. B 93,094105(2016)",264.1983881454435,Sn,I,1,3,1,2,5,0,0,Formamidinium,5.6615,11.394,17.0555,2.3794,-4.2587,0.0222,0.1824,264.2,3.4223,1.1645,1.6725,Formamidinium_Sn_I,0.508
0860,6.4374987837,6.41926107064,6.46946389967,87.4335950411,97.6518177327,93.0813340499,Formamidinium Tin Iodide,12,"T.D.Huan et al., Phys. Rev. B 93,094105(2016)",264.38917333688727,Sn,I,1,3,1,2,5,0,0,Formamidinium,5.7477,13.7979,19.5456,2.3974,-4.2583,0.0226,0.1828,264.39,3.4198,1.0637,1.5618,Formamidinium_Sn_I,0.4981
0861,6.39749744124,6.59463218288,6.51426092871,101.033266867,96.7572695304,76.5166245628,Formamidinium Tin Iodide,12,"T.D.Huan et al., Phys. Rev. B 93,094105(2016)",261.5469713481315,Sn,I,1,3,1,2,5,0,0,Formamidinium,4.4071,3.3906,7.7977,2.0993,-4.1271,0.1538,0.3141,261.55,3.4569,2.3846,3.179,Formamidinium_Sn_I,0.7944
0862,6.83679233,6.77913928216,6.69147456849,89.9011457304,90.9773706346,89.7230773549,Tetramethylammonium Tin Iodide,21,"B.Saparov et al., Chem. Rev. 116, 4558 (2016)",310.08431893440314,Sn,I,1,3,4,1,12,0,0,Tetramethylammonium,4.5935,4.9882,9.5817,2.1433,-4.3984,0.028,0.1034,310.08,3.0717,1.546,2.1542,Tetramethylammonium_Sn_I,0.6081999999999999
0863,7.36997351823,5.14062605463,8.57225465314,91.491462789,90.1138729256,85.5540529946,Tetramethylammonium Tin Iodide,21,"B.Saparov et al., Chem. Rev. 116, 4558 (2016)",323.6838600750868,Sn,I,1,3,4,1,12,0,0,Tetramethylammonium,3.8021,3.5457,7.3478,1.9499,-4.3889,0.0375,0.1129,323.68,2.9426,2.3322,3.138,Tetramethylammonium_Sn_I,0.8058000000000001
0864,6.44609249688,6.25431566996,6.42644021097,90.7179862817,85.7234218761,89.7482638914,Hydrazinium Tin Iodide,11,"B.Saparov et al., Chem. Rev. 116, 4558 (2016)",258.34235225137485,Sn,I,1,3,0,2,5,0,0,Hydrazinium,5.8895,17.1622,23.0518,2.4268,-3.7654,0.5581,0.7329,258.34,3.4227,1.0554,1.5249,Hydrazinium_Sn_I,0.46950000000000003
0865,8.74203671741,6.29049343914,6.37151982678,93.4835582679,47.323287269,95.1680114381,Hydrazinium Tin Iodide,11,"B.Saparov et al., Chem. Rev. 116, 4558 (2016)",256.549373767633,Sn,I,1,3,0,2,5,0,0,Hydrazinium,6.1613,20.9602,27.1215,2.4822,-3.7661,0.5574,0.7322,256.55,3.4466,1.1843,1.577,Hydrazinium_Sn_I,0.39270000000000005
0866,4.36471322511,6.65120550809,8.65402185542,83.037595575,105.847673568,105.640004992,Hydrazinium Tin Iodide,11,"B.Saparov et al., Chem. Rev. 116, 4558 (2016)",232.42665096336023,Sn,I,1,3,0,2,5,0,0,Hydrazinium,5.1865,9.7291,14.9156,2.2774,-3.7845,0.539,0.7138,232.43,3.8042,1.8613,2.5553,Hydrazinium_Sn_I,0.694
0867,8.37757961948,6.79114768107,4.56133782268,108.263221926,74.2856961578,103.231235473,Hydrazinium Tin Iodide,11,"B.Saparov et al., Chem. Rev. 116, 4558 (2016)",234.26476302004755,Sn,I,1,3,0,2,5,0,0,Hydrazinium,5.0379,13.6685,18.7064,2.2445,-3.7771,0.5464,0.7212,234.26,3.7745,2.1864,3.014,Hydrazinium_Sn_I,0.8275999999999999
0868,8.02649197725,6.56126961105,4.73029788465,88.1437597895,73.8056115713,90.3045719633,Hydrazinium Tin Iodide,11,"B.Saparov et al., Chem. Rev. 116, 4558 (2016)",239.07935757108456,Sn,I,1,3,0,2,5,0,0,Hydrazinium,4.9947,12.2199,17.2146,2.2349,-3.7767,0.5468,0.7216,239.08,3.6984,2.1832,2.9649,Hydrazinium_Sn_I,0.7817000000000003
0869,8.58948887749,4.39800845834,6.4089628417,90.1415572938,89.8073352528,74.3391655745,Hydrazinium Tin Iodide,11,"B.Saparov et al., Chem. Rev. 116, 4558 (2016)",233.11842074536835,Sn,I,1,3,0,2,5,0,0,Hydrazinium,5.6897,18.9697,24.6594,2.3853,-3.7889,0.5345,0.7094,233.12,3.793,1.5209,2.0771,Hydrazinium_Sn_I,0.5562000000000002
0870,8.22110156987,4.70804559606,6.58494796221,92.3070760757,104.723718192,74.8261798777,Hydrazinium Tin Iodide,11,"B.Saparov et al., Chem. Rev. 116, 4558 (2016)",237.8149042284209,Sn,I,1,3,0,2,5,0,0,Hydrazinium,5.084,14.1184,19.2023,2.2548,-3.7751,0.5483,0.7232,237.81,3.7182,2.2163,2.957,Hydrazinium_Sn_I,0.7406999999999999
0871,8.26750059354,6.46839658362,4.79311477472,90.8378934352,106.357409329,73.7994841725,Hydrazinium Tin Iodide,11,"B.Saparov et al., Chem. Rev. 116, 4558 (2016)",235.6127431650557,Sn,I,1,3,0,2,5,0,0,Hydrazinium,5.1258,15.8299,20.9557,2.264,-3.7747,0.5487,0.7235,235.61,3.7529,2.1894,2.9496,Hydrazinium_Sn_I,0.7602000000000002
0872,8.58990758483,4.36738168797,6.36638675985,89.9745542588,90.034173351,76.4518496732,Hydrazinium Tin Iodide,11,"B.Saparov et al., Chem. Rev. 116, 4558 (2016)",232.1914558414421,Sn,I,1,3,0,2,5,0,0,Hydrazinium,5.824,46.4233,52.2473,2.4133,-3.7894,0.534,0.7089,232.19,3.8082,1.4842,2.0106,Hydrazinium_Sn_I,0.5264000000000002
0873,6.58091569663,4.44731373982,8.40518959882,104.410196733,86.465228139,84.8572946739,Hydrazinium Tin Iodide,11,"B.Saparov et al., Chem. Rev. 116, 4558 (2016)",236.3989673409405,Sn,I,1,3,0,2,5,0,0,Hydrazinium,5.4998,14.3503,19.85,2.3452,-3.7874,0.5361,0.7109,236.4,3.7404,1.5115,2.1182,Hydrazinium_Sn_I,0.6066999999999998
0874,8.56486509587,4.40990098007,6.42509452537,90.3763090415,89.8144019827,74.3004642679,Hydrazinium Tin Iodide,11,"B.Saparov et al., Chem. Rev. 116, 4558 (2016)",233.615610797514,Sn,I,1,3,0,2,5,0,0,Hydrazinium,5.6471,16.6836,22.3307,2.3764,-3.7888,0.5347,0.7095,233.62,3.7849,1.5824,2.1496,Hydrazinium_Sn_I,0.5671999999999999
0875,8.09721557848,6.97135549969,4.67613153457,71.9966009482,106.230709643,110.96417218,Ammonium Tin Iodide,9,"T.D.Huan et al., Phys. Rev. B 93,094105(2016)",230.13957947646023,Sn,I,1,3,0,1,4,0,0,Ammonium,4.7802,16.5511,21.3313,2.1864,-3.5276,0.5174,0.7311,230.14,3.7338,2.3074,3.1557,Ammonium_Sn_I,0.8483
0876,6.42553319588,6.4276201958,6.43364973801,81.9624026615,82.1607828222,82.2434593675,Ammonium Tin Iodide,9,"T.D.Huan et al., Phys. Rev. B 93,094105(2016)",258.8208637878239,Sn,I,1,3,0,1,4,0,0,Ammonium,4.8689,6.8686,11.7375,2.2066,-3.5127,0.5323,0.746,258.82,3.32,1.7199,2.3071,Ammonium_Sn_I,0.5872000000000002
0877,8.10302199025,6.9636825877,4.67493217599,107.938030719,106.216085741,69.303961926,Ammonium Tin Iodide,9,"T.D.Huan et al., Phys. Rev. B 93,094105(2016)",230.42948859795695,Sn,I,1,3,0,1,4,0,0,Ammonium,4.7775,14.5837,19.3612,2.1858,-3.5277,0.5173,0.7309,230.43,3.7291,2.3042,3.1538,Ammonium_Sn_I,0.8496000000000001
0878,4.67598682936,6.93855975741,8.09550406116,70.0823528888,73.7731818026,72.0634632967,Ammonium Tin Iodide,9,"T.D.Huan et al., Phys. Rev. B 93,094105(2016)",230.4269289631069,Sn,I,1,3,0,1,4,0,0,Ammonium,4.8046,15.8485,20.6531,2.1919,-3.5277,0.5173,0.731,230.43,3.7291,2.3363,3.0864,Ammonium_Sn_I,0.7500999999999998
0879,6.576275333,6.65419012188,6.84561452668,87.5480100759,88.6539066516,97.9707681593,Trimethylammonium Tin Iodide,18,"A. Mancini et al., J. Solid State Chem. 240, 55 (2016)",296.26582309319275,Sn,I,1,3,3,1,10,0,0,Trimethylammonium,4.7009,4.8859,9.5868,2.1682,-4.2928,0.0603,0.1672,296.27,3.1362,1.3755,2.0068,Trimethylammonium_Sn_I,0.6313000000000002
0880,6.53961754161,6.65429052427,6.86679430062,90.1370389822,90.0060871865,98.6962007065,Trimethylammonium Tin Iodide,18,"A. Mancini et al., J. Solid State Chem. 240, 55 (2016)",295.3828312775788,Sn,I,1,3,3,1,10,0,0,Trimethylammonium,4.7259,5.3456,10.0715,2.1739,-4.2926,0.0605,0.1674,295.38,3.1457,1.3633,1.9704,Trimethylammonium_Sn_I,0.6071
0881,6.6515030273,6.59583071848,6.79052282969,94.5574151454,87.7309384782,83.7981083902,Trimethylammonium Tin Iodide,18,"A. Mancini et al., J. Solid State Chem. 240, 55 (2016)",294.88601554462826,Sn,I,1,3,3,1,10,0,0,Trimethylammonium,4.7458,5.3425,10.0883,2.1785,-4.292,0.0611,0.168,294.89,3.1509,1.4971,2.1528,Trimethylammonium_Sn_I,0.6557
0882,6.76939261348,6.58313528506,6.6817191735,95.4927340098,92.6162211982,95.3750381286,Trimethylammonium Tin Iodide,18,"A. Mancini et al., J. Solid State Chem. 240, 55 (2016)",294.6440657295784,Sn,I,1,3,3,1,10,0,0,Trimethylammonium,4.7352,5.3749,10.1101,2.1761,-4.2916,0.0615,0.1684,294.64,3.1536,1.6415,2.2395,Trimethylammonium_Sn_I,0.5980000000000001
0883,6.73917393646,6.73863890393,6.8132888811,79.4191533966,86.7009247527,93.3041900675,Trimethylammonium Tin Iodide,18,"A. Mancini et al., J. Solid State Chem. 240, 55 (2016)",302.91168728331,Sn,I,1,3,3,1,10,0,0,Trimethylammonium,4.3402,3.9639,8.3041,2.0833,-4.2879,0.0653,0.1721,302.91,3.0675,1.9257,2.5946,Trimethylammonium_Sn_I,0.6688999999999998
0884,6.66543626177,6.75277859995,6.57045989202,92.5442217919,95.9760465561,92.783971309,Trimethylammonium Tin Iodide,18,"A. Mancini et al., J. Solid State Chem. 240, 55 (2016)",293.419311740758,Sn,I,1,3,3,1,10,0,0,Trimethylammonium,4.9202,8.9985,13.9186,2.2181,-4.2908,0.0623,0.1692,293.42,3.1667,1.3905,1.9374,Trimethylammonium_Sn_I,0.5468999999999999
0885,5.03399501438,8.18747386271,7.86330446187,104.228196417,74.1003016132,89.7290161553,Trimethylammonium Tin Iodide,18,"A. Mancini et al., J. Solid State Chem. 240, 55 (2016)",301.22739798804406,Sn,I,1,3,3,1,10,0,0,Trimethylammonium,3.9954,3.567,7.5624,1.9988,-4.2785,0.0746,0.1815,301.23,3.0846,2.1242,2.875,Trimethylammonium_Sn_I,0.7507999999999999
0886,9.23937610254,4.96714259886,6.55972222689,97.0372581343,95.9947051835,93.4086823652,Trimethylammonium Tin Iodide,18,"A. Mancini et al., J. Solid State Chem. 240, 55 (2016)",296.3483611507018,Sn,I,1,3,3,1,10,0,0,Trimethylammonium,4.3319,14.2757,18.6075,2.0813,-4.2837,0.0695,0.1763,296.35,3.1354,2.1005,2.8342,Trimethylammonium_Sn_I,0.7337000000000002
0887,6.64003133804,4.99319827676,9.13261123941,92.5120483612,83.5935865395,81.7892405353,Trimethylammonium Tin Iodide,18,"A. Mancini et al., J. Solid State Chem. 240, 55 (2016)",297.26615252183745,Sn,I,1,3,3,1,10,0,0,Trimethylammonium,4.2194,9.2548,13.4742,2.0541,-4.284,0.0691,0.176,297.27,3.1257,2.1709,2.9787,Trimethylammonium_Sn_I,0.8077999999999999
0888,6.5442353581,4.86981695322,9.43211395747,93.8996291738,83.8041222258,84.0446119356,Trimethylammonium Tin Iodide,18,"A. Mancini et al., J. Solid State Chem. 240, 55 (2016)",296.27036315789786,Sn,I,1,3,3,1,10,0,0,Trimethylammonium,4.3449,13.7603,18.1052,2.0844,-4.2836,0.0696,0.1764,296.27,3.1362,2.1482,2.8568,Trimethylammonium_Sn_I,0.7085999999999997
0889,7.04698669137,4.90156085181,8.71158782975,90.4609318277,94.8166477868,75.2686390504,Trimethylammonium Tin Iodide,18,"A. Mancini et al., J. Solid State Chem. 240, 55 (2016)",289.9623536100232,Sn,I,1,3,3,1,10,0,0,Trimethylammonium,4.1669,6.5269,10.6937,2.0413,-4.2836,0.0695,0.1764,289.96,3.2045,2.2657,3.0612,Trimethylammonium_Sn_I,0.7955000000000001
0890,6.69284448777,6.48119480704,6.50146925644,90.0266228362,89.4613917906,89.2824664721,Azetidinium Tin Iodide,16,"B. Zhou et al., Angew. Chem. Int. Ed. 50, 11441 (2011)",281.98369865280847,Sn,I,1,3,3,1,8,0,0,Azetidinium,5.41,18.413,23.8231,2.326,-4.3359,0.1076,0.2278,281.98,3.2833,1.0994,1.6719,Azetidinium_Sn_I,0.5725
0891,6.51954962262,6.50457093484,6.61655911238,93.5053396414,85.8244364748,90.8442205656,Azetidinium Tin Iodide,16,"B. Zhou et al., Angew. Chem. Int. Ed. 50, 11441 (2011)",279.3043403478435,Sn,I,1,3,3,1,8,0,0,Azetidinium,5.3765,8.6928,14.0692,2.3187,-4.3355,0.1079,0.2281,279.3,3.3148,1.1918,1.7441,Azetidinium_Sn_I,0.5523
0892,6.47174571338,6.60560188448,6.56965252784,94.6176093156,89.6023960357,96.6258786825,Azetidinium Tin Iodide,16,"B. Zhou et al., Angew. Chem. Int. Ed. 50, 11441 (2011)",278.0690110665213,Sn,I,1,3,3,1,8,0,0,Azetidinium,5.3313,14.0697,19.401,2.309,-4.3339,0.1096,0.2298,278.07,3.3294,1.3239,1.8295,Azetidinium_Sn_I,0.5055999999999998
0893,6.54700932438,6.51933125629,6.56695598734,86.9764537066,83.8012514843,93.0682984436,Azetidinium Tin Iodide,16,"B. Zhou et al., Angew. Chem. Int. Ed. 50, 11441 (2011)",277.7694020045813,Sn,I,1,3,3,1,8,0,0,Azetidinium,5.4981,16.6759,22.174,2.3448,-4.3331,0.1104,0.2306,277.77,3.333,1.0252,1.5849,Azetidinium_Sn_I,0.5597000000000001
0894,8.86673993163,6.70600447925,4.78184650142,91.6208006873,81.9298328725,89.8827497628,Azetidinium Tin Iodide,16,"B. Zhou et al., Angew. Chem. Int. Ed. 50, 11441 (2011)",281.3969066471239,Sn,I,1,3,3,1,8,0,0,Azetidinium,4.5902,13.0055,17.5957,2.1425,-4.3287,0.1148,0.235,281.4,3.29,1.8696,2.6138,Azetidinium_Sn_I,0.7442
0895,8.89201526395,6.58813673173,4.79000021645,92.0494221751,84.1396742748,86.4405073795,Azetidinium Tin Iodide,16,"B. Zhou et al., Angew. Chem. Int. Ed. 50, 11441 (2011)",278.35129122200584,Sn,I,1,3,3,1,8,0,0,Azetidinium,4.761,14.2359,18.9968,2.182,-4.329,0.1145,0.2347,278.35,3.3261,1.7052,2.4545,Azetidinium_Sn_I,0.7492999999999999
0896,8.94353222574,6.57497554535,4.78519768496,87.2697623855,100.601840487,87.8353048583,Azetidinium Tin Iodide,16,"B. Zhou et al., Angew. Chem. Int. Ed. 50, 11441 (2011)",275.9585184481702,Sn,I,1,3,3,1,8,0,0,Azetidinium,4.7816,14.7868,19.5684,2.1867,-4.3297,0.1138,0.234,275.96,3.3549,1.8472,2.583,Azetidinium_Sn_I,0.7358000000000002
0897,6.45306185903,4.61583357755,9.31855743228,88.1017478739,93.2594113188,96.8713089143,Azetidinium Tin Iodide,16,"B. Zhou et al., Angew. Chem. Int. Ed. 50, 11441 (2011)",275.02851929857144,Sn,I,1,3,3,1,8,0,0,Azetidinium,4.6879,10.1842,14.8722,2.1652,-4.3223,0.1212,0.2414,275.03,3.3662,2.2288,2.8922,Azetidinium_Sn_I,0.6633999999999998
0898,6.95043042199,4.737081785,9.40886139697,108.624319843,98.2933792183,73.7757932709,Azetidinium Tin Iodide,16,"B. Zhou et al., Angew. Chem. Int. Ed. 50, 11441 (2011)",281.35541533786613,Sn,I,1,3,3,1,8,0,0,Azetidinium,4.295,12.0009,16.2959,2.0724,-4.3235,0.12,0.2402,281.36,3.2905,2.3828,3.1817,Azetidinium_Sn_I,0.7989000000000002
0899,9.07954066677,4.74980869709,6.92315318456,105.736941353,89.7559519556,78.8304706055,Azetidinium Tin Iodide,16,"B. Zhou et al., Angew. Chem. Int. Ed. 50, 11441 (2011)",281.4233611412386,Sn,I,1,3,3,1,8,0,0,Azetidinium,4.3004,11.5925,15.8929,2.0738,-4.3236,0.1198,0.24,281.42,3.2898,2.3846,3.1711,Azetidinium_Sn_I,0.7865000000000002
0900,6.86343291698,4.7713101729,9.08878700217,101.950806299,90.2284794325,104.177348931,Azetidinium Tin Iodide,16,"B. Zhou et al., Angew. Chem. Int. Ed. 50, 11441 (2011)",281.8458977551529,Sn,I,1,3,3,1,8,0,0,Azetidinium,4.3127,14.2097,18.5224,2.0767,-4.3238,0.1197,0.2399,281.85,3.2848,2.3487,3.141,Azetidinium_Sn_I,0.7923
0901,8.97907756347,4.819180627,6.80859381055,76.2624065089,88.9630182772,100.934394299,Azetidinium Tin Iodide,16,"B. Zhou et al., Angew. Chem. Int. Ed. 50, 11441 (2011)",280.37974280483536,Sn,I,1,3,3,1,8,0,0,Azetidinium,4.3536,17.1903,21.5439,2.0865,-4.3239,0.1196,0.2398,280.38,3.302,2.2672,3.0577,Azetidinium_Sn_I,0.7905000000000002
0902,6.46327030513,4.58444043616,9.31197690675,88.5814805472,90.022685641,83.7050803017,Azetidinium Tin Iodide,16,"B. Zhou et al., Angew. Chem. Int. Ed. 50, 11441 (2011)",274.1693338845424,Sn,I,1,3,3,1,8,0,0,Azetidinium,4.6802,8.9249,13.6051,2.1634,-4.3221,0.1214,0.2416,274.17,3.3768,2.2352,2.8956,Azetidinium_Sn_I,0.6604000000000001
0903,4.69374562395,6.48397130155,9.11518165387,93.881361238,90.5155989489,96.4764046966,Azetidinium Tin Iodide,16,"B. Zhou et al., Angew. Chem. Int. Ed. 50, 11441 (2011)",274.9711784799292,Sn,I,1,3,3,1,8,0,0,Azetidinium,4.6892,11.4325,16.1218,2.1655,-4.3235,0.12,0.2402,274.97,3.367,2.0408,2.7547,Azetidinium_Sn_I,0.7139000000000002
0904,8.49177536153,6.94332044153,4.80341952948,89.4078328329,88.7888428219,84.459750415,Azetidinium Tin Iodide,16,"B. Zhou et al., Angew. Chem. Int. Ed. 50, 11441 (2011)",281.8192101317454,Sn,I,1,3,3,1,8,0,0,Azetidinium,4.24,6.7672,11.0071,2.0591,-4.3192,0.1242,0.2444,281.82,3.2851,2.2412,2.9964,Azetidinium_Sn_I,0.7551999999999999
0905,8.62478848114,6.82565850597,4.83826545859,87.1901379559,91.2141673875,81.1562274629,Azetidinium Tin Iodide,16,"B. Zhou et al., Angew. Chem. Int. Ed. 50, 11441 (2011)",280.98427995018204,Sn,I,1,3,3,1,8,0,0,Azetidinium,4.2286,6.4553,10.6838,2.0563,-4.3147,0.1288,0.249,280.98,3.295,2.1735,3.0023,Azetidinium_Sn_I,0.8287999999999998
0906,6.5047506217,6.74552067341,6.58707920064,84.2169070979,82.7569600461,95.059746219,Imidazolium Tin Iodide,14,"B.Saparov et al., Chem. Rev. 116, 4558 (2016)",283.7672088580032,Sn,I,1,3,3,2,5,0,0,Imidazolium,5.1382,8.4075,13.5457,2.2668,-4.7687,0.328,0.4654,283.77,3.3268,1.4285,1.9719,Imidazolium_Sn_I,0.5433999999999999
0907,6.50011134045,6.75642738362,6.59799796753,95.3952774564,81.7064381679,86.2958285986,Imidazolium Tin Iodide,14,"B.Saparov et al., Chem. Rev. 116, 4558 (2016)",284.5670319272128,Sn,I,1,3,3,2,5,0,0,Imidazolium,5.1332,9.1096,14.2428,2.2657,-4.7688,0.3279,0.4653,284.57,3.3175,1.3734,1.9179,Imidazolium_Sn_I,0.5445
0908,6.72034950567,6.57119592041,6.57944849995,82.948636573,84.7208826241,96.2903273636,Imidazolium Tin Iodide,14,"B.Saparov et al., Chem. Rev. 116, 4558 (2016)",284.9770588317343,Sn,I,1,3,3,2,5,0,0,Imidazolium,5.0937,7.9372,13.0309,2.2569,-4.7695,0.3272,0.4646,284.98,3.3127,1.3872,1.9703,Imidazolium_Sn_I,0.5831
0909,6.5862898211,6.5375076622,6.73715239014,96.4207395001,95.6778208086,96.4203694492,Imidazolium Tin Iodide,14,"B.Saparov et al., Chem. Rev. 116, 4558 (2016)",284.6303235900991,Sn,I,1,3,3,2,5,0,0,Imidazolium,5.072,7.2695,12.3415,2.2521,-4.7698,0.3269,0.4642,284.63,3.3168,1.4518,2.0211,Imidazolium_Sn_I,0.5693000000000001
0910,6.54775853285,4.46970955658,9.68372911307,87.5101974388,89.4156703078,79.3638489157,Imidazolium Tin Iodide,14,"B.Saparov et al., Chem. Rev. 116, 4558 (2016)",278.2767496240131,Sn,I,1,3,3,2,5,0,0,Imidazolium,4.5656,7.4567,12.0223,2.1367,-4.7687,0.328,0.4654,278.28,3.3925,2.2115,2.8925,Imidazolium_Sn_I,0.681
0911,10.2241201821,4.52618794285,6.54552761484,82.2507056266,84.7433736672,69.0295568949,Imidazolium Tin Iodide,14,"B.Saparov et al., Chem. Rev. 116, 4558 (2016)",279.9490830792302,Sn,I,1,3,3,2,5,0,0,Imidazolium,4.6516,8.3801,13.0317,2.1567,-4.77,0.3268,0.4641,279.95,3.3722,2.0147,2.6665,Imidazolium_Sn_I,0.6518000000000002
0912,9.2472392999,4.49948187228,6.65114745212,100.962549371,93.7896374635,90.6410741583,Imidazolium Tin Iodide,14,"B.Saparov et al., Chem. Rev. 116, 4558 (2016)",271.0156880623885,Sn,I,1,3,3,2,5,0,0,Imidazolium,4.6234,8.1565,12.7799,2.1502,-4.7694,0.3274,0.4647,271.02,3.4833,2.2084,2.9476,Imidazolium_Sn_I,0.7391999999999999
0913,7.11170945307,4.52348582231,8.86700172852,92.8834235278,88.2323834647,79.1767456579,Imidazolium Tin Iodide,14,"B.Saparov et al., Chem. Rev. 116, 4558 (2016)",279.5838272408566,Sn,I,1,3,3,2,5,0,0,Imidazolium,4.4585,7.3636,11.822,2.1115,-4.7658,0.3309,0.4683,279.58,3.3767,2.0007,2.7132,Imidazolium_Sn_I,0.7124999999999999
0914,6.70720741794,4.54858871855,9.94720842561,113.434463555,98.0624484881,78.7541106175,Imidazolium Tin Iodide,14,"B.Saparov et al., Chem. Rev. 116, 4558 (2016)",272.43112735205887,Sn,I,1,3,3,2,5,0,0,Imidazolium,4.5954,9.7039,14.2993,2.1437,-4.7706,0.3261,0.4634,272.43,3.4653,2.2192,2.9414,Imidazolium_Sn_I,0.7222
0915,4.9916598982,4.95059050238,5.16397029917,76.5183237907,88.0523186839,95.265449596,Ethylammonium Lead Fluoride,15,"B.Saparov et al., Chem. Rev. 116, 4558 (2016)",123.36802571560187,Pb,F,1,3,2,1,8,0,0,Ethylammonium,3.0114,6.5174,9.5289,1.7353,-4.7318,-0.2708,0.392,123.37,4.1765,3.5155,4.8985,Ethylammonium_Pb_F,1.3830000000000005
0916,5.30429909746,4.80516860869,4.9620935575,81.7951323294,75.2375254042,85.7952768831,Ethylammonium Lead Fluoride,15,"B.Saparov et al., Chem. Rev. 116, 4558 (2016)",120.95713769417075,Pb,F,1,3,2,1,8,0,0,Ethylammonium,3.0331,5.6405,8.6736,1.7416,-4.7267,-0.2658,0.3971,120.96,4.2597,4.0762,5.3697,Ethylammonium_Pb_F,1.2934999999999999
0917,4.28100349554,3.62848389968,7.97023084269,95.2870740965,90.3403667782,90.4865192022,Ethylammonium Lead Fluoride,15,"B.Saparov et al., Chem. Rev. 116, 4558 (2016)",123.27201177675816,Pb,F,1,3,2,1,8,0,0,Ethylammonium,2.9012,4.8844,7.7855,1.7033,-4.7203,-0.2593,0.4035,123.27,4.1799,4.2875,5.5892,Ethylammonium_Pb_F,1.3017000000000003
0918,7.71115900423,3.60772327,4.63459792786,74.6646561308,98.7737559861,89.2121827935,Ethylammonium Lead Fluoride,15,"B.Saparov et al., Chem. Rev. 116, 4558 (2016)",122.68945382252214,Pb,F,1,3,2,1,8,0,0,Ethylammonium,2.902,5.2309,8.1329,1.7035,-4.7343,-0.2734,0.3895,122.69,4.1997,4.7133,6.1129,Ethylammonium_Pb_F,1.3995999999999995
0919,5.00056646114,3.7654120761,7.05040463461,98.5636743778,101.677216345,97.1822260492,Ethylammonium Lead Fluoride,15,"B.Saparov et al., Chem. Rev. 116, 4558 (2016)",126.89546219739456,Pb,F,1,3,2,1,8,0,0,Ethylammonium,2.8387,5.0182,7.8569,1.6849,-4.7308,-0.2699,0.3929,126.9,4.0603,4.4267,5.7557,Ethylammonium_Pb_F,1.3289999999999997
0920,4.35117203701,3.5031664709,8.8666543053,64.8415288705,90.6364000277,83.9939062055,Ethylammonium Lead Fluoride,15,"B.Saparov et al., Chem. Rev. 116, 4558 (2016)",121.42836782481072,Pb,F,1,3,2,1,8,0,0,Ethylammonium,2.9469,5.3984,8.3453,1.7166,-4.7276,-0.2666,0.3962,121.43,4.2432,4.2614,5.6133,Ethylammonium_Pb_F,1.3518999999999997
0921,7.51169956872,4.01500931622,4.68080200672,115.902359979,79.4662332841,104.011748972,Ethylammonium Lead Fluoride,15,"B.Saparov et al., Chem. Rev. 116, 4558 (2016)",122.72935371114346,Pb,F,1,3,2,1,8,0,0,Ethylammonium,2.9359,6.935,9.8709,1.7134,-4.7227,-0.2617,0.4011,122.73,4.1983,4.7721,6.177,Ethylammonium_Pb_F,1.4048999999999996
0922,4.2159221763,3.4779580291,8.30803335887,95.37637578,86.5373763828,83.9273955695,Ethylammonium Lead Fluoride,15,"B.Saparov et al., Chem. Rev. 116, 4558 (2016)",120.2980270717063,Pb,F,1,3,2,1,8,0,0,Ethylammonium,2.9912,6.36,9.3512,1.7295,-4.7212,-0.2602,0.4026,120.3,4.2831,3.8792,5.1533,Ethylammonium_Pb_F,1.2740999999999998
0923,4.55163423019,3.70661924857,7.79575342031,88.0860893776,83.7219752407,69.1442484939,Ethylammonium Lead Fluoride,15,"B.Saparov et al., Chem. Rev. 116, 4558 (2016)",122.16682054077144,Pb,F,1,3,2,1,8,0,0,Ethylammonium,2.9368,6.153,9.0898,1.7137,-4.733,-0.2721,0.3907,122.17,4.2175,4.215,5.592,Ethylammonium_Pb_F,1.3769999999999998
0924,8.87837217355,3.68631570048,3.79423467758,87.2207658306,84.2860977507,80.8478681457,Ethylammonium Lead Fluoride,15,"B.Saparov et al., Chem. Rev. 116, 4558 (2016)",121.92213319992814,Pb,F,1,3,2,1,8,0,0,Ethylammonium,2.9876,7.2513,10.2389,1.7285,-4.7258,-0.2648,0.398,121.92,4.2262,2.8657,4.1518,Ethylammonium_Pb_F,1.2860999999999998
0925,9.11438975098,3.89969260202,3.59086412811,95.3175475561,74.4822885749,89.3660445437,Ethylammonium Lead Fluoride,15,"B.Saparov et al., Chem. Rev. 116, 4558 (2016)",122.363972949955,Pb,F,1,3,2,1,8,0,0,Ethylammonium,2.9787,6.4357,9.4144,1.7259,-4.7284,-0.2675,0.3953,122.36,4.211,3.1934,4.4619,Ethylammonium_Pb_F,1.2685
0926,8.26003354025,4.0934713679,4.52251050689,79.3992687461,104.195658444,122.727847481,Ethylammonium Lead Fluoride,15,"B.Saparov et al., Chem. Rev. 116, 4558 (2016)",124.464472557146,Pb,F,1,3,2,1,8,0,0,Ethylammonium,2.9003,14.1593,17.0596,1.703,-4.716,-0.255,0.4078,124.46,4.1399,3.7979,5.118,Ethylammonium_Pb_F,1.3201000000000005
0927,4.79111687342,4.93650710402,6.76338808651,73.9170879489,89.842763201,89.769359303,Propylammonium Lead Fluoride,18,"S.Kataoka et al., J. Am. Chem. Soc. 137, 4158 (2015)",153.70133253609933,Pb,F,1,3,3,1,10,0,0,Propylammonium,2.7622,3.0974,5.8596,1.662,-4.7843,-0.2751,0.2773,153.7,3.5039,4.1737,5.4361,Propylammonium_Pb_F,1.2623999999999995
0928,4.84025325465,4.77820594297,6.87230260269,104.650143779,75.5215704713,92.0108494387,Propylammonium Lead Fluoride,18,"S.Kataoka et al., J. Am. Chem. Soc. 137, 4158 (2015)",148.82251685394917,Pb,F,1,3,3,1,10,0,0,Propylammonium,2.85,4.7431,7.5931,1.6882,-4.7881,-0.2789,0.2735,148.82,3.6188,3.8004,5.2155,Propylammonium_Pb_F,1.4150999999999998
0929,5.08076811016,4.80943312461,6.47915930152,106.67895773,75.9534303087,92.9016921282,Propylammonium Lead Fluoride,18,"S.Kataoka et al., J. Am. Chem. Soc. 137, 4158 (2015)",147.09556415845782,Pb,F,1,3,3,1,10,0,0,Propylammonium,2.872,4.3804,7.2524,1.6947,-4.7856,-0.2764,0.2759,147.1,3.6611,4.0936,5.5169,Propylammonium_Pb_F,1.4232999999999993
0930,4.93568114602,5.4091899877,5.59293905104,99.9256144813,79.4578693538,91.2361480231,Propylammonium Lead Fluoride,18,"S.Kataoka et al., J. Am. Chem. Soc. 137, 4158 (2015)",144.59515673742382,Pb,F,1,3,3,1,10,0,0,Propylammonium,2.9126,3.7359,6.6484,1.7066,-4.7699,-0.2606,0.2917,144.6,3.7244,4.4675,5.8036,Propylammonium_Pb_F,1.3361
0931,5.2191681395,5.22864993992,5.43653494757,75.1435295612,90.4893202811,84.6333612311,Propylammonium Lead Fluoride,18,"S.Kataoka et al., J. Am. Chem. Soc. 137, 4158 (2015)",142.68912290579902,Pb,F,1,3,3,1,10,0,0,Propylammonium,2.9429,3.6797,6.6226,1.7155,-4.7754,-0.2662,0.2862,142.69,3.7743,4.3448,5.6809,Propylammonium_Pb_F,1.3361
0932,5.22455763143,4.99439215506,5.64194849216,82.8409533565,80.0656111901,81.9940606307,Propylammonium Lead Fluoride,18,"S.Kataoka et al., J. Am. Chem. Soc. 137, 4158 (2015)",142.8316853890244,Pb,F,1,3,3,1,10,0,0,Propylammonium,2.9849,6.5243,9.5093,1.7277,-4.7676,-0.2583,0.294,142.83,3.7706,3.7495,5.2657,Propylammonium_Pb_F,1.5162
0933,9.54396467374,3.89859961135,4.5381545678,64.6688006541,81.6229148639,68.602725128,Propylammonium Lead Fluoride,18,"S.Kataoka et al., J. Am. Chem. Soc. 137, 4158 (2015)",142.09001785692686,Pb,F,1,3,3,1,10,0,0,Propylammonium,2.9105,6.8287,9.7392,1.706,-4.7834,-0.2741,0.2782,142.09,3.7902,4.8256,6.239,Propylammonium_Pb_F,1.4134000000000002
0934,4.6695187274,3.66575041464,8.86416804862,90.4155136293,109.36489474,98.5195436674,Propylammonium Lead Fluoride,18,"S.Kataoka et al., J. Am. Chem. Soc. 137, 4158 (2015)",141.3083098106206,Pb,F,1,3,3,1,10,0,0,Propylammonium,2.9049,4.3065,7.2114,1.7044,-4.7918,-0.2826,0.2698,141.31,3.8111,4.5982,5.9225,Propylammonium_Pb_F,1.3243
0935,5.1332663006,4.68828275045,6.58675831802,89.8925489842,114.243370702,78.3714356925,Propylammonium Lead Fluoride,18,"S.Kataoka et al., J. Am. Chem. Soc. 137, 4158 (2015)",140.9345769251345,Pb,F,1,3,3,1,10,0,0,Propylammonium,2.9602,4.5902,7.5504,1.7205,-4.758,-0.2488,0.3036,140.93,3.8214,4.1504,5.6113,Propylammonium_Pb_F,1.4608999999999996
0936,4.86444854413,4.83153215546,6.87108655651,80.7355765041,112.98985746,80.7831992148,Propylammonium Lead Fluoride,18,"S.Kataoka et al., J. Am. Chem. Soc. 137, 4158 (2015)",142.2336575476486,Pb,F,1,3,3,1,10,0,0,Propylammonium,2.9352,4.7427,7.6778,1.7132,-4.7611,-0.2519,0.3004,142.23,3.7865,4.341,5.7525,Propylammonium_Pb_F,1.4115000000000002
0937,4.83150455935,4.87291000573,7.73516878708,63.4035953577,118.846469832,99.1985892978,Propylammonium Lead Fluoride,18,"S.Kataoka et al., J. Am. Chem. Soc. 137, 4158 (2015)",142.2690049868213,Pb,F,1,3,3,1,10,0,0,Propylammonium,2.9366,4.576,7.5126,1.7137,-4.7612,-0.252,0.3004,142.27,3.7854,4.3901,5.7574,Propylammonium_Pb_F,1.3672999999999993
0938,5.59591238767,6.70424283209,4.70335649105,83.0622019778,93.5341045951,105.222852955,Butylammonium Lead Fluoride,21,"H. Hu et al., Sci. Rep. 6, 33546 (2016)",168.93220558327016,Pb,F,1,3,4,1,12,0,0,Butylammonium,2.7982,2.6227,5.4209,1.6728,-4.816,-0.2723,0.2011,168.93,3.3259,4.4245,5.7128,Butylammonium_Pb_F,1.2882999999999996
0939,4.89939365771,5.5051723114,6.93735336469,71.3463603362,80.8085319916,82.4779031993,Butylammonium Lead Fluoride,21,"H. Hu et al., Sci. Rep. 6, 33546 (2016)",174.3703380428842,Pb,F,1,3,4,1,12,0,0,Butylammonium,2.7405,3.1538,5.8944,1.6555,-4.817,-0.2733,0.2001,174.37,3.2221,4.5935,5.9181,Butylammonium_Pb_F,1.3246000000000002
0940,6.41171671788,4.88787547403,4.70344603207,82.8686417146,87.8445551374,91.1637853897,Isopropylammonium Lead Fluoride,18,"C.C.Stoumpos et al., J. Am. Chem. Soc. 137, 6804 (2015)",146.11428551092726,Pb,F,1,3,3,1,10,0,0,Isopropylammonium,2.867,7.135,10.002,1.6932,-4.7986,-0.2834,0.2689,146.11,3.6859,4.7833,6.1672,Isopropylammonium_Pb_F,1.3839000000000006
0941,4.87145109376,5.84388683439,5.28456502766,89.6267439008,99.3790660073,77.6574774232,Isopropylammonium Lead Fluoride,18,"C.C.Stoumpos et al., J. Am. Chem. Soc. 137, 6804 (2015)",144.86680378224364,Pb,F,1,3,3,1,10,0,0,Isopropylammonium,2.9395,3.9563,6.8958,1.7145,-4.7812,-0.266,0.2863,144.87,3.7175,4.1944,5.4689,Isopropylammonium_Pb_F,1.2744999999999997
0942,5.52760715017,5.33819517554,5.03540300267,75.532623698,82.0147873815,91.6628865052,Isopropylammonium Lead Fluoride,18,"C.C.Stoumpos et al., J. Am. Chem. Soc. 137, 6804 (2015)",142.16042509902812,Pb,F,1,3,3,1,10,0,0,Isopropylammonium,2.9795,3.5242,6.5037,1.7261,-4.7756,-0.2604,0.2919,142.16,3.7883,4.2766,5.565,Isopropylammonium_Pb_F,1.2884000000000002
0943,5.07565602585,4.75999339728,6.19989640105,90.4955421995,96.0039717071,79.7360992397,Isopropylammonium Lead Fluoride,18,"C.C.Stoumpos et al., J. Am. Chem. Soc. 137, 6804 (2015)",146.57689523270793,Pb,F,1,3,3,1,10,0,0,Isopropylammonium,2.8759,3.8496,6.7255,1.6958,-4.7912,-0.276,0.2764,146.58,3.6741,4.3266,5.7285,Isopropylammonium_Pb_F,1.4019000000000004
0944,6.29152226512,4.79018000339,4.94376320224,100.299151433,85.3867250151,93.263814596,Isopropylammonium Lead Fluoride,18,"C.C.Stoumpos et al., J. Am. Chem. Soc. 137, 6804 (2015)",145.9796268029912,Pb,F,1,3,3,1,10,0,0,Isopropylammonium,2.9039,6.0232,8.9271,1.7041,-4.7883,-0.2731,0.2792,145.98,3.6892,4.3805,5.7067,Isopropylammonium_Pb_F,1.3262
0945,4.09003074402,4.6928284017,8.58153719344,111.72136214,91.0968593264,113.77371346,Isopropylammonium Lead Fluoride,18,"C.C.Stoumpos et al., J. Am. Chem. Soc. 137, 6804 (2015)",137.2601572314565,Pb,F,1,3,3,1,10,0,0,Isopropylammonium,2.9907,9.757,12.7478,1.7294,-4.7756,-0.2604,0.292,137.26,3.9236,4.5563,5.9904,Isopropylammonium_Pb_F,1.4341
0946,7.39643112163,3.8893971696,5.37522069648,104.107765233,85.4726071657,99.0688153343,Isopropylammonium Lead Fluoride,18,"C.C.Stoumpos et al., J. Am. Chem. Soc. 137, 6804 (2015)",147.9614098956877,Pb,F,1,3,3,1,10,0,0,Isopropylammonium,2.8114,5.8903,8.7017,1.6767,-4.7728,-0.2576,0.2948,147.96,3.6398,4.3551,5.7321,Isopropylammonium_Pb_F,1.3769999999999998
0947,5.69811203006,4.38146909298,6.54375322036,83.8118083547,83.7775809967,66.9050626075,Isopropylammonium Lead Fluoride,18,"C.C.Stoumpos et al., J. Am. Chem. Soc. 137, 6804 (2015)",149.0122572317331,Pb,F,1,3,3,1,10,0,0,Isopropylammonium,2.7854,3.5703,6.3557,1.669,-4.7631,-0.2479,0.3044,149.01,3.6142,4.4076,5.832,Isopropylammonium_Pb_F,1.4243999999999994
0948,7.48621335765,3.89460820061,5.62824928972,92.0849872064,87.4555498316,114.781738492,Isopropylammonium Lead Fluoride,18,"C.C.Stoumpos et al., J. Am. Chem. Soc. 137, 6804 (2015)",148.80956558683383,Pb,F,1,3,3,1,10,0,0,Isopropylammonium,2.775,4.1634,6.9384,1.6658,-4.7847,-0.2695,0.2829,148.81,3.619,4.137,5.4677,Isopropylammonium_Pb_F,1.3307000000000002
0949,5.62359035791,3.85910073035,7.43066732311,102.944497056,85.4568152627,112.481736393,Isopropylammonium Lead Fluoride,18,"C.C.Stoumpos et al., J. Am. Chem. Soc. 137, 6804 (2015)",145.214501002083,Pb,F,1,3,3,1,10,0,0,Isopropylammonium,2.8399,5.2366,8.0765,1.6852,-4.776,-0.2608,0.2916,145.21,3.7088,4.6216,6.0077,Isopropylammonium_Pb_F,1.3860999999999999
0950,8.07046758075,3.98507660939,4.75718318106,68.4026798205,80.6430963326,76.5625748902,Isopropylammonium Lead Fluoride,18,"C.C.Stoumpos et al., J. Am. Chem. Soc. 137, 6804 (2015)",137.858962387749,Pb,F,1,3,3,1,10,0,0,Isopropylammonium,2.9808,8.3329,11.3137,1.7265,-4.7732,-0.2579,0.2944,137.86,3.9065,4.643,6.076,Isopropylammonium_Pb_F,1.4329999999999998
0951,5.29811732639,3.84372290167,7.53082700188,75.2687067547,87.3892894113,102.313563458,Isopropylammonium Lead Fluoride,18,"C.C.Stoumpos et al., J. Am. Chem. Soc. 137, 6804 (2015)",144.09802750243398,Pb,F,1,3,3,1,10,0,0,Isopropylammonium,2.8704,5.6293,8.4997,1.6942,-4.7634,-0.2482,0.3041,144.1,3.7373,4.6883,6.0612,Isopropylammonium_Pb_F,1.3729000000000005
0952,5.60920370784,4.82256809512,4.78739039046,82.5436688876,100.542826658,99.8521869932,Dimethylammonium Lead Fluoride,15,"B.Saparov et al., Chem. Rev. 116, 4558 (2016)",124.78898745717892,Pb,F,1,3,2,1,8,0,0,Dimethylammonium,2.9502,6.2377,9.1879,1.7176,-4.7069,-0.2681,0.3947,124.79,4.129,4.2043,5.5091,Dimethylammonium_Pb_F,1.3048000000000002
0953,5.23082052969,4.95407529031,4.96187300831,77.3367523735,102.60853571,96.8118431604,Dimethylammonium Lead Fluoride,15,"B.Saparov et al., Chem. Rev. 116, 4558 (2016)",122.08976180499984,Pb,F,1,3,2,1,8,0,0,Dimethylammonium,3.0189,7.2876,10.3066,1.7375,-4.7057,-0.2669,0.3959,122.09,4.2203,3.9164,5.1552,Dimethylammonium_Pb_F,1.2388
0954,5.12049619649,4.91407069159,5.09976786099,83.7478761779,78.7608866517,76.170356991,Dimethylammonium Lead Fluoride,15,"B.Saparov et al., Chem. Rev. 116, 4558 (2016)",121.95135123940432,Pb,F,1,3,2,1,8,0,0,Dimethylammonium,3.002,6.4186,9.4206,1.7326,-4.7049,-0.2661,0.3967,121.95,4.2252,4.0521,5.3093,Dimethylammonium_Pb_F,1.2572
0955,4.64063029406,3.66260665334,7.41077704294,94.5810645323,81.5556281469,96.6158077873,Dimethylammonium Lead Fluoride,15,"B.Saparov et al., Chem. Rev. 116, 4558 (2016)",123.51004737576363,Pb,F,1,3,2,1,8,0,0,Dimethylammonium,2.9154,5.745,8.6604,1.7075,-4.7039,-0.2651,0.3977,123.51,4.1718,4.4622,5.7976,Dimethylammonium_Pb_F,1.3354
0956,4.57843001059,3.6104057717,7.47417136188,83.5161810766,82.4129731259,86.9773701753,Dimethylammonium Lead Fluoride,15,"B.Saparov et al., Chem. Rev. 116, 4558 (2016)",121.5933016177534,Pb,F,1,3,2,1,8,0,0,Dimethylammonium,2.9525,6.1767,9.1292,1.7183,-4.6998,-0.261,0.4018,121.59,4.2377,4.507,5.8584,Dimethylammonium_Pb_F,1.3514
0957,5.10060633546,5.12708213257,5.12863065307,87.2384913074,103.472742103,77.8256585152,Acetamidinium Lead Fluoride,15,"C.C.Stoumpos et al., J. Am. Chem. Soc. 137, 6804 (2015)",126.82604422763768,Pb,F,1,3,2,2,7,0,0,Acetamidinium,3.131,6.8885,10.0194,1.7694,-5.0153,-0.1504,0.5124,126.83,4.2328,3.8182,5.2195,Acetamidinium_Pb_F,1.4013
0958,5.09972235729,5.13483597985,5.12119573295,92.743606205,102.233889554,103.436718793,Acetamidinium Lead Fluoride,15,"C.C.Stoumpos et al., J. Am. Chem. Soc. 137, 6804 (2015)",126.80502571796336,Pb,F,1,3,2,2,7,0,0,Acetamidinium,3.1309,6.6691,9.8,1.7694,-5.0151,-0.1502,0.5126,126.81,4.2334,3.8508,5.2269,Acetamidinium_Pb_F,1.3760999999999997
0959,5.05642637545,5.22286953506,5.07773563284,82.3389753312,105.858694345,88.8442950961,Acetamidinium Lead Fluoride,15,"C.C.Stoumpos et al., J. Am. Chem. Soc. 137, 6804 (2015)",127.61734530408332,Pb,F,1,3,2,2,7,0,0,Acetamidinium,3.1488,7.3478,10.4966,1.7745,-5.0154,-0.1505,0.5123,127.62,4.2066,3.7441,5.0782,Acetamidinium_Pb_F,1.3340999999999998
0960,4.62690261814,3.49971344066,8.11463260029,86.6845322187,90.921152343,96.3670738144,Acetamidinium Lead Fluoride,15,"C.C.Stoumpos et al., J. Am. Chem. Soc. 137, 6804 (2015)",130.36364330143573,Pb,F,1,3,2,2,7,0,0,Acetamidinium,3.0075,5.0429,8.0504,1.7342,-5.0274,-0.1625,0.5003,130.36,4.1182,4.2711,5.6072,Acetamidinium_Pb_F,1.3361
0961,8.4964711774,3.57073444747,4.56029855845,100.824124218,87.5261962835,105.362260369,Acetamidinium Lead Fluoride,15,"C.C.Stoumpos et al., J. Am. Chem. Soc. 137, 6804 (2015)",131.0331561487101,Pb,F,1,3,2,2,7,0,0,Acetamidinium,2.9799,5.5817,8.5617,1.7263,-5.0265,-0.1616,0.5012,131.03,4.0971,4.2622,5.8048,Acetamidinium_Pb_F,1.5426000000000002
0962,4.83116299796,4.70789365329,4.70893474227,94.9612802027,101.765821679,87.3060478656,Methylammonium Lead Fluoride,12,"T.D.Huan et al., Phys. Rev. B 93,094105(2016)",104.41232420896152,Pb,F,1,3,1,1,6,0,0,Methylammonium,3.0068,5.6624,8.6692,1.734,-4.6556,-0.2744,0.5541,104.41,4.7119,4.2076,5.4652,Methylammonium_Pb_F,1.2576
0963,4.6064565934,4.62492584741,5.00433910427,90.9559068276,79.7174260413,91.3876922314,Methylammonium Lead Fluoride,12,"T.D.Huan et al., Phys. Rev. B 93,094105(2016)",104.86369304249762,Pb,F,1,3,1,1,6,0,0,Methylammonium,2.9896,5.4059,8.3955,1.7291,-4.6593,-0.2781,0.5504,104.86,4.6916,4.2224,5.4444,Methylammonium_Pb_F,1.2219999999999995
0964,4.33973317945,3.45761341401,6.67205256731,84.258592845,88.7696313245,90.0011783194,Methylammonium Lead Fluoride,12,"T.D.Huan et al., Phys. Rev. B 93,094105(2016)",99.58952066051783,Pb,F,1,3,1,1,6,0,0,Methylammonium,3.0471,7.3612,10.4082,1.7456,-4.6283,-0.247,0.5815,99.59,4.9399,3.871,5.2157,Methylammonium_Pb_F,1.3447
0965,4.6262199845,3.62095075621,6.94777846993,106.913358917,84.3669353441,71.9796755819,Methylammonium Lead Fluoride,12,"T.D.Huan et al., Phys. Rev. B 93,094105(2016)",103.59909901925366,Pb,F,1,3,1,1,6,0,0,Methylammonium,2.9574,7.5799,10.5373,1.7197,-4.6314,-0.2502,0.5783,103.6,4.7487,4.1714,5.521,Methylammonium_Pb_F,1.3495999999999997
0966,6.44616977232,3.54264985333,4.58821157049,77.8025814516,94.9316546278,90.4258192726,Methylammonium Lead Fluoride,12,"T.D.Huan et al., Phys. Rev. B 93,094105(2016)",102.02812323366182,Pb,F,1,3,1,1,6,0,0,Methylammonium,2.9908,7.7514,10.7422,1.7294,-4.6458,-0.2645,0.564,102.03,4.8218,4.3593,5.7203,Methylammonium_Pb_F,1.3609999999999998
0967,5.76792869833,4.12948616366,6.16677700916,47.9613027437,95.877961395,98.8119263623,Methylammonium Lead Fluoride,12,"T.D.Huan et al., Phys. Rev. B 93,094105(2016)",107.8019511256694,Pb,F,1,3,1,1,6,0,0,Methylammonium,2.8749,6.5191,9.394,1.6955,-4.6374,-0.2561,0.5724,107.8,4.5637,3.5966,4.8755,Methylammonium_Pb_F,1.2788999999999997
0968,4.98398613671,5.01407332732,5.01066611168,98.9041353899,97.9556188872,97.6707644914,Guanidinium Lead Fluoride,14,"B.Saparov et al., Chem. Rev. 116, 4558 (2016)",120.972126038562,Pb,F,1,3,1,3,6,0,0,Guanidinium,3.1483,7.6799,10.8283,1.7744,-5.0966,0.0047,0.7148,120.97,4.4514,4.1478,5.7117,Guanidinium_Pb_F,1.5639000000000003
0969,8.57305949629,3.40790437336,4.56647658138,79.6744248753,95.3435149826,113.569404551,Guanidinium Lead Fluoride,14,"B.Saparov et al., Chem. Rev. 116, 4558 (2016)",120.27053632673352,Pb,F,1,3,1,3,6,0,0,Guanidinium,3.1482,7.3161,10.4642,1.7743,-5.0928,0.0085,0.7187,120.27,4.4773,4.1789,5.5121,Guanidinium_Pb_F,1.3332000000000006
0970,4.62069791393,4.45982026037,4.6452103042,102.619407212,100.946719806,76.5826659429,Hydroxylammonium Lead Fluoride,10,"G.Kieslich et al., Chem. Sci. 6, 3430 (2015)",89.88158337580158,Pb,F,1,3,0,1,4,0,1,Hydroxylammonium,3.1249,7.4497,10.5747,1.7678,-4.505,-0.185,0.8092,89.88,5.51,4.5267,5.9095,Hydroxylammonium_Pb_F,1.3828000000000005
0971,4.76183087593,3.93332982729,5.5247342648,111.489581025,85.3553610719,86.3572356807,Hydroxylammonium Lead Fluoride,10,"G.Kieslich et al., Chem. Sci. 6, 3430 (2015)",95.4821415098465,Pb,F,1,3,0,1,4,0,1,Hydroxylammonium,2.9636,7.1721,10.1357,1.7215,-4.5046,-0.1846,0.8096,95.48,5.1868,4.0136,5.3311,Hydroxylammonium_Pb_F,1.3175
0972,5.74289354037,3.85809159654,4.5584457525,105.068141143,98.6360082828,68.8799144036,Hydroxylammonium Lead Fluoride,10,"G.Kieslich et al., Chem. Sci. 6, 3430 (2015)",90.79685799277762,Pb,F,1,3,0,1,4,0,1,Hydroxylammonium,3.0592,8.5406,11.5998,1.7491,-4.4792,-0.1592,0.835,90.8,5.4542,4.2597,5.6355,Hydroxylammonium_Pb_F,1.3758000000000008
0973,4.7336683494,3.8858152386,5.45836743485,106.296195543,81.1009231588,106.239478814,Hydroxylammonium Lead Fluoride,10,"G.Kieslich et al., Chem. Sci. 6, 3430 (2015)",92.20630152233156,Pb,F,1,3,0,1,4,0,1,Hydroxylammonium,2.988,9.7868,12.7748,1.7286,-4.4854,-0.1653,0.8289,92.21,5.3708,4.3133,5.667,Hydroxylammonium_Pb_F,1.3537
0974,5.97208857723,3.83228471677,4.36379523165,87.141998988,86.5755647377,72.3767497531,Hydroxylammonium Lead Fluoride,10,"G.Kieslich et al., Chem. Sci. 6, 3430 (2015)",94.96283437163908,Pb,F,1,3,0,1,4,0,1,Hydroxylammonium,2.9191,6.7628,9.6818,1.7085,-4.5202,-0.2001,0.7941,94.96,5.2152,4.4917,5.9018,Hydroxylammonium_Pb_F,1.4101
0975,5.26567922035,3.92335786415,4.75905658191,115.838616799,92.3386251237,79.8948177999,Hydroxylammonium Lead Fluoride,10,"G.Kieslich et al., Chem. Sci. 6, 3430 (2015)",87.04541560402407,Pb,F,1,3,0,1,4,0,1,Hydroxylammonium,3.1649,8.8938,12.0588,1.779,-4.4914,-0.1714,0.8229,87.05,5.6891,4.8538,6.3502,Hydroxylammonium_Pb_F,1.4964000000000004
0976,5.24080772776,3.63370948739,5.01812250117,80.7158212203,85.362168782,72.6241809533,Hydroxylammonium Lead Fluoride,10,"G.Kieslich et al., Chem. Sci. 6, 3430 (2015)",89.95319575980312,Pb,F,1,3,0,1,4,0,1,Hydroxylammonium,3.108,9.7217,12.8298,1.763,-4.4908,-0.1708,0.8234,89.95,5.5057,4.3636,5.7865,Hydroxylammonium_Pb_F,1.4229000000000003
0977,4.76625915323,4.99420555546,4.77757174004,93.5728667152,108.729015435,92.882283762,Formamidinium Lead Fluoride,12,"T.D.Huan et al., Phys. Rev. B 93,094105(2016)",107.19485168081164,Pb,F,1,3,1,2,5,0,0,Formamidinium,3.1673,6.8506,10.0179,1.7797,-4.9932,-0.5195,0.3091,107.19,4.791,4.1042,5.4501,Formamidinium_Pb_F,1.3459000000000003
0978,4.7547310704,5.49276954764,4.66202707855,106.962618281,98.2084904084,72.5952596689,Formamidinium Lead Fluoride,12,"T.D.Huan et al., Phys. Rev. B 93,094105(2016)",110.92177625350746,Pb,F,1,3,1,2,5,0,0,Formamidinium,3.1535,5.8747,9.0282,1.7758,-4.8398,-0.366,0.4625,110.92,4.6299,3.3949,4.8007,Formamidinium_Pb_F,1.4058000000000002
0979,5.51885120262,5.51681283928,5.47752750497,90.7114596461,89.0025607633,89.5769959274,Tetramethylammonium Lead Fluoride,21,"B.Saparov et al., Chem. Rev. 116, 4558 (2016)",166.72843092265327,Pb,F,1,3,4,1,12,0,0,Tetramethylammonium,2.7686,2.1505,4.9191,1.6639,-4.7783,-0.2417,0.1937,166.73,3.3698,4.9344,6.3242,Tetramethylammonium_Pb_F,1.3898000000000001
0980,3.63793587972,5.17096813152,5.40479382035,89.941068498,107.558731362,97.2206021272,Hydrazinium Lead Fluoride,11,"B.Saparov et al., Chem. Rev. 116, 4558 (2016)",96.09404634863569,Pb,F,1,3,0,2,5,0,0,Hydrazinium,3.0718,6.5178,9.5896,1.7527,-4.5944,-0.0606,0.8432,96.09,5.1369,3.99,5.5071,Hydrazinium_Pb_F,1.5171000000000001
0981,6.49842315418,4.78702818924,4.57816803908,90.3682213928,45.0453194028,103.508887129,Hydrazinium Lead Fluoride,11,"B.Saparov et al., Chem. Rev. 116, 4558 (2016)",95.35686217783524,Pb,F,1,3,0,2,5,0,0,Hydrazinium,3.0842,9.8089,12.8931,1.7562,-4.607,-0.0731,0.8307,95.36,5.1762,4.6232,6.0387,Hydrazinium_Pb_F,1.4155000000000006
0982,3.53226128952,4.94123198856,6.59387886112,75.6244004802,113.198547761,114.272929228,Hydrazinium Lead Fluoride,11,"B.Saparov et al., Chem. Rev. 116, 4558 (2016)",95.91756533428638,Pb,F,1,3,0,2,5,0,0,Hydrazinium,3.0603,8.4372,11.4975,1.7494,-4.5989,-0.0651,0.8387,95.92,5.146,4.3017,5.8452,Hydrazinium_Pb_F,1.5434999999999999
0983,6.02761932543,4.63486367382,3.5446421439,100.474613093,80.4228595353,94.3305999839,Hydrazinium Lead Fluoride,11,"B.Saparov et al., Chem. Rev. 116, 4558 (2016)",95.91524414650308,Pb,F,1,3,0,2,5,0,0,Hydrazinium,3.1122,7.0125,10.1247,1.7641,-4.6043,-0.0705,0.8334,95.92,5.146,4.0238,5.4213,Hydrazinium_Pb_F,1.3975
0984,7.17995416814,3.69963159263,4.55060948592,109.274814237,105.515519905,56.4208292001,Hydrazinium Lead Fluoride,11,"B.Saparov et al., Chem. Rev. 116, 4558 (2016)",94.505819794556,Pb,F,1,3,0,2,5,0,0,Hydrazinium,3.1111,9.1568,12.2679,1.7638,-4.6052,-0.0714,0.8324,94.51,5.2228,4.2972,5.7065,Hydrazinium_Pb_F,1.4093
0985,6.45193732115,3.4383750685,4.19404244313,86.5723210853,100.738302004,92.4548325633,Hydrazinium Lead Fluoride,11,"B.Saparov et al., Chem. Rev. 116, 4558 (2016)",91.2009110843354,Pb,F,1,3,0,2,5,0,0,Hydrazinium,3.265,12.3455,15.6105,1.8069,-4.5858,-0.0519,0.8519,91.2,5.4123,3.626,4.9116,Hydrazinium_Pb_F,1.2856
0986,6.12177882855,3.48677601987,4.91794366529,109.111270591,91.2261627144,83.2373274563,Hydrazinium Lead Fluoride,11,"B.Saparov et al., Chem. Rev. 116, 4558 (2016)",98.48252670998544,Pb,F,1,3,0,2,5,0,0,Hydrazinium,3.0054,8.3295,11.3348,1.7336,-4.5903,-0.0565,0.8474,98.48,5.0122,4.0527,5.5621,Hydrazinium_Pb_F,1.5094000000000003
0987,5.36383703707,3.75545231739,5.11689871872,78.7031108064,90.0937041631,72.560614169,Hydrazinium Lead Fluoride,11,"B.Saparov et al., Chem. Rev. 116, 4558 (2016)",96.229125520868,Pb,F,1,3,0,2,5,0,0,Hydrazinium,3.0693,7.7055,10.7748,1.7519,-4.5883,-0.0545,0.8494,96.23,5.1294,4.2101,5.7347,Hydrazinium_Pb_F,1.5246000000000004
0988,5.57610756304,4.64614386867,3.66780463993,67.0595538353,109.08739283,99.8740801915,Ammonium Lead Fluoride,9,"T.D.Huan et al., Phys. Rev. B 93,094105(2016)",82.59094839140639,Pb,F,1,3,0,1,4,0,0,Ammonium,3.0197,8.6313,11.6509,1.7377,-4.5271,-0.225,0.8797,82.59,5.6747,4.3054,5.7579,Ammonium_Pb_F,1.4525000000000006
0989,3.60709394086,5.48563070306,4.73888997195,97.5524460448,112.541037097,69.7900342515,Ammonium Lead Fluoride,9,"T.D.Huan et al., Phys. Rev. B 93,094105(2016)",81.2736899145009,Pb,F,1,3,0,1,4,0,0,Ammonium,3.0744,9.4592,12.5336,1.7534,-4.5125,-0.2103,0.8943,81.27,5.7668,4.4565,5.8614,Ammonium_Pb_F,1.4048999999999996
0990,4.852359347,5.7042292317,5.32758615766,86.7631030144,87.624264474,101.625709693,Trimethylammonium Lead Fluoride,18,"A. Mancini et al., J. Solid State Chem. 240, 55 (2016)",143.9958757602601,Pb,F,1,3,3,1,10,0,0,Trimethylammonium,2.8817,3.9588,6.8405,1.6976,-4.7463,-0.2645,0.2878,144.0,3.7399,4.6128,5.9167,Trimethylammonium_Pb_F,1.3038999999999996
0991,5.1597339111,5.13038356237,5.4704430357,97.583904778,84.7455529779,83.8499219009,Trimethylammonium Lead Fluoride,18,"A. Mancini et al., J. Solid State Chem. 240, 55 (2016)",141.8940517379987,Pb,F,1,3,3,1,10,0,0,Trimethylammonium,2.8977,3.081,5.9787,1.7023,-4.7425,-0.2608,0.2915,141.89,3.7955,4.7496,6.1385,Trimethylammonium_Pb_F,1.3888999999999996
0992,5.2237722576,5.65130592338,5.02840324405,97.246507356,94.9056473568,98.2131384728,Trimethylammonium Lead Fluoride,18,"A. Mancini et al., J. Solid State Chem. 240, 55 (2016)",144.93553545236807,Pb,F,1,3,3,1,10,0,0,Trimethylammonium,2.8523,4.6956,7.5479,1.6889,-4.7474,-0.2657,0.2867,144.94,3.7157,4.7799,6.1116,Trimethylammonium_Pb_F,1.3317000000000005
0993,5.02497339968,5.27965136005,5.58918974559,80.4919068643,84.2380594463,94.9084813499,Trimethylammonium Lead Fluoride,18,"A. Mancini et al., J. Solid State Chem. 240, 55 (2016)",144.71535244497656,Pb,F,1,3,3,1,10,0,0,Trimethylammonium,2.8563,12.1166,14.9729,1.6901,-4.7462,-0.2645,0.2878,144.72,3.7213,4.7049,6.0654,Trimethylammonium_Pb_F,1.3605
0994,3.98398002069,7.24440467984,5.4791252328,95.3631519123,73.7633351812,77.6931064595,Trimethylammonium Lead Fluoride,18,"A. Mancini et al., J. Solid State Chem. 240, 55 (2016)",146.3516710865113,Pb,F,1,3,3,1,10,0,0,Trimethylammonium,2.8092,4.3397,7.1489,1.6761,-4.7261,-0.2444,0.3079,146.35,3.6799,4.0403,5.4184,Trimethylammonium_Pb_F,1.3780999999999999
0995,7.33397530449,4.12440034929,4.9984427226,95.4746174645,95.2656762925,87.198529945,Trimethylammonium Lead Fluoride,18,"A. Mancini et al., J. Solid State Chem. 240, 55 (2016)",149.74652672371184,Pb,F,1,3,3,1,10,0,0,Trimethylammonium,2.8051,5.2521,8.0572,1.6748,-4.7366,-0.2549,0.2975,149.75,3.5963,4.5766,5.9022,Trimethylammonium_Pb_F,1.3255999999999997
0996,4.9663792075,4.19886989578,7.28461546597,87.6012092448,84.1956108751,84.7933981704,Trimethylammonium Lead Fluoride,18,"A. Mancini et al., J. Solid State Chem. 240, 55 (2016)",150.42311920332136,Pb,F,1,3,3,1,10,0,0,Trimethylammonium,2.7988,5.942,8.7408,1.673,-4.7379,-0.2562,0.2961,150.42,3.5803,4.5238,5.844,Trimethylammonium_Pb_F,1.3202000000000007
0997,4.95489085421,3.91941897476,7.62784623403,89.973309807,85.7753811357,86.6685347828,Trimethylammonium Lead Fluoride,18,"A. Mancini et al., J. Solid State Chem. 240, 55 (2016)",147.48177247896615,Pb,F,1,3,3,1,10,0,0,Trimethylammonium,2.8457,13.8783,16.724,1.6869,-4.7305,-0.2488,0.3035,147.48,3.6517,4.4454,5.795,Trimethylammonium_Pb_F,1.3495999999999997
0998,4.87604937796,5.09063002926,5.97173108419,90.3907318901,92.0709155268,77.1481272599,Trimethylammonium Lead Fluoride,18,"A. Mancini et al., J. Solid State Chem. 240, 55 (2016)",144.42334780358473,Pb,F,1,3,3,1,10,0,0,Trimethylammonium,2.9102,4.0297,6.9398,1.7059,-4.7438,-0.2621,0.2903,144.42,3.7291,3.4595,4.8213,Trimethylammonium_Pb_F,1.3618000000000001
0999,5.69136281891,4.80526295674,4.89221926192,94.4916053371,96.801893157,94.3432890178,Azetidinium Lead Fluoride,16,"B. Zhou et al., Angew. Chem. Int. Ed. 50, 11441 (2011)",131.95586899614906,Pb,F,1,3,3,1,8,0,0,Azetidinium,3.0263,5.9798,9.0061,1.7396,-4.8618,-0.2737,0.3477,131.96,4.0558,4.3427,5.5963,Azetidinium_Pb_F,1.2536000000000005
1000,4.91560593512,5.51803675751,5.00034247769,84.646101533,85.4508191381,100.242263596,Azetidinium Lead Fluoride,16,"B. Zhou et al., Angew. Chem. Int. Ed. 50, 11441 (2011)",132.24997114682577,Pb,F,1,3,3,1,8,0,0,Azetidinium,3.0293,8.4047,11.434,1.7405,-4.8534,-0.2653,0.3561,132.25,4.0469,3.9462,5.1784,Azetidinium_Pb_F,1.2321999999999997
1001,7.07885063799,4.62141197689,4.33104936459,103.473849356,81.7181287409,87.8281105365,Azetidinium Lead Fluoride,16,"B. Zhou et al., Angew. Chem. Int. Ed. 50, 11441 (2011)",135.97406776924504,Pb,F,1,3,3,1,8,0,0,Azetidinium,2.9093,5.1115,8.0208,1.7057,-4.8438,-0.2557,0.3657,135.97,3.9362,3.5757,4.9727,Azetidinium_Pb_F,1.3969999999999998
1002,6.56262392334,4.8430615342,4.35194338267,89.6172260385,94.1101223322,81.6756744796,Azetidinium Lead Fluoride,16,"B. Zhou et al., Angew. Chem. Int. Ed. 50, 11441 (2011)",136.48900256846798,Pb,F,1,3,3,1,8,0,0,Azetidinium,2.8956,4.9762,7.8717,1.7016,-4.846,-0.2579,0.3635,136.49,3.9212,3.3606,4.7658,Azetidinium_Pb_F,1.4051999999999998
1003,4.73644118933,3.69729703539,7.67059682369,92.0416850055,87.7372601399,82.0246387803,Azetidinium Lead Fluoride,16,"B. Zhou et al., Angew. Chem. Int. Ed. 50, 11441 (2011)",132.81002906847314,Pb,F,1,3,3,1,8,0,0,Azetidinium,2.956,5.8075,8.7634,1.7193,-4.8546,-0.2665,0.3549,132.81,4.0298,4.1425,5.4788,Azetidinium_Pb_F,1.3362999999999996
1004,5.04872006989,3.7580703786,7.38135561621,102.665642008,87.9551395431,106.60305287,Azetidinium Lead Fluoride,16,"B. Zhou et al., Angew. Chem. Int. Ed. 50, 11441 (2011)",130.89036013884757,Pb,F,1,3,3,1,8,0,0,Azetidinium,2.9801,5.3698,8.3499,1.7263,-4.8569,-0.2688,0.3526,130.89,4.0889,4.3619,5.7066,Azetidinium_Pb_F,1.3446999999999996
1005,3.67822926972,4.69492450225,7.82293176908,85.3349293389,94.1923572029,100.945979988,Azetidinium Lead Fluoride,16,"B. Zhou et al., Angew. Chem. Int. Ed. 50, 11441 (2011)",131.96734720956798,Pb,F,1,3,3,1,8,0,0,Azetidinium,2.9875,6.0847,9.0723,1.7285,-4.8452,-0.2571,0.3643,131.97,4.0555,4.0184,5.4208,Azetidinium_Pb_F,1.4024
1006,6.53975138202,4.99988467435,4.32727154314,72.6885825224,83.1737879942,81.6524682725,Azetidinium Lead Fluoride,16,"B. Zhou et al., Angew. Chem. Int. Ed. 50, 11441 (2011)",133.22317859212822,Pb,F,1,3,3,1,8,0,0,Azetidinium,2.9387,4.3954,7.3341,1.7143,-4.8319,-0.2438,0.3776,133.22,4.0174,3.904,5.2741,Azetidinium_Pb_F,1.3700999999999999
1007,6.97466762428,4.65332399728,4.3750204863,106.165525691,83.67561341,88.0743312189,Azetidinium Lead Fluoride,16,"B. Zhou et al., Angew. Chem. Int. Ed. 50, 11441 (2011)",135.24122932391504,Pb,F,1,3,3,1,8,0,0,Azetidinium,2.8907,4.3822,7.2729,1.7002,-4.8462,-0.2581,0.3633,135.24,3.9574,4.0999,5.4868,Azetidinium_Pb_F,1.3868999999999998
1008,4.70467734632,6.17344887235,4.70425210441,86.2836916746,75.7852025388,93.7113765567,Imidazolium Lead Fluoride,14,"B.Saparov et al., Chem. Rev. 116, 4558 (2016)",131.70871060393952,Pb,F,1,3,3,2,5,0,0,Imidazolium,3.1899,4.7502,7.9401,1.786,-5.3854,-0.1234,0.5867,131.71,4.202,3.9393,5.1026,Imidazolium_Pb_F,1.1633
1009,4.79071135559,6.02830938553,4.70627906254,97.2464360134,78.5608075492,84.0131166379,Imidazolium Lead Fluoride,14,"B.Saparov et al., Chem. Rev. 116, 4558 (2016)",130.97885522417428,Pb,F,1,3,3,2,5,0,0,Imidazolium,3.1782,4.6287,7.8069,1.7828,-5.3805,-0.1185,0.5916,130.98,4.2254,4.1006,5.278,Imidazolium_Pb_F,1.1773999999999996
1010,5.58789205549,5.09803465521,4.87575011121,76.5668645462,82.430759913,98.1984445923,Imidazolium Lead Fluoride,14,"B.Saparov et al., Chem. Rev. 116, 4558 (2016)",131.74108441694128,Pb,F,1,3,3,2,5,0,0,Imidazolium,3.1788,5.766,8.9448,1.7829,-5.379,-0.117,0.5932,131.74,4.201,3.2919,4.4664,Imidazolium_Pb_F,1.1745
1011,4.86952631037,5.12849838233,5.5548695707,98.2746353103,98.1516072369,102.943439777,Imidazolium Lead Fluoride,14,"B.Saparov et al., Chem. Rev. 116, 4558 (2016)",131.59536132691315,Pb,F,1,3,3,2,5,0,0,Imidazolium,3.1766,6.0111,9.1878,1.7823,-5.3785,-0.1165,0.5937,131.6,4.2055,3.3035,4.4501,Imidazolium_Pb_F,1.1465999999999998
1012,4.62131492277,3.53806123674,8.11574000106,87.2611003165,87.9628617523,81.7304873015,Imidazolium Lead Fluoride,14,"B.Saparov et al., Chem. Rev. 116, 4558 (2016)",131.11144352001148,Pb,F,1,3,3,2,5,0,0,Imidazolium,3.1114,5.7576,8.869,1.7639,-5.3815,-0.1195,0.5907,131.11,4.2212,3.5992,4.8334,Imidazolium_Pb_F,1.2342
1013,4.58940119138,3.5560209057,8.1308084949,92.2405440462,88.2203865938,93.7250069986,Imidazolium Lead Fluoride,14,"B.Saparov et al., Chem. Rev. 116, 4558 (2016)",132.2591659142844,Pb,F,1,3,3,2,5,0,0,Imidazolium,3.1042,5.3626,8.4668,1.7619,-5.3755,-0.1135,0.5967,132.26,4.1845,3.7647,4.9651,Imidazolium_Pb_F,1.2003999999999997
1014,5.88309586075,5.80898291421,6.00588681852,81.4848511045,88.602711313,94.386835293,Ethylammonium Lead Chloride,15,"B.Saparov et al., Chem. Rev. 116, 4558 (2016)",202.2600320726225,Pb,Cl,1,3,2,1,8,0,0,Ethylammonium,3.5564,9.2665,12.8229,1.8858,-4.4081,0.0128,0.313,202.26,2.9528,2.6486,3.561,Ethylammonium_Pb_Cl,0.9123999999999999
1015,5.65622548739,4.15131324985,8.74081381298,96.9885773255,90.451428007,92.0999429744,Ethylammonium Lead Chloride,15,"B.Saparov et al., Chem. Rev. 116, 4558 (2016)",203.5635748272803,Pb,Cl,1,3,2,1,8,0,0,Ethylammonium,3.266,6.3549,9.6209,1.8072,-4.3997,0.0212,0.3214,203.56,2.9339,3.6294,4.6482,Ethylammonium_Pb_Cl,1.0188000000000001
1016,8.34761325021,4.23943133307,5.81939098518,82.0297248897,93.5373875784,87.7271353726,Ethylammonium Lead Chloride,15,"B.Saparov et al., Chem. Rev. 116, 4558 (2016)",203.3229311350661,Pb,Cl,1,3,2,1,8,0,0,Ethylammonium,3.2681,5.9683,9.2363,1.8078,-4.4026,0.0183,0.3185,203.32,2.9374,3.6682,4.6774,Ethylammonium_Pb_Cl,1.0091999999999994
1017,5.87811462912,4.3285459438,8.12861480393,94.7504781805,96.9943653665,93.7226190805,Ethylammonium Lead Chloride,15,"B.Saparov et al., Chem. Rev. 116, 4558 (2016)",203.98853380255343,Pb,Cl,1,3,2,1,8,0,0,Ethylammonium,3.3472,8.5636,11.9108,1.8295,-4.4039,0.0169,0.3171,203.99,2.9277,3.3766,4.3797,Ethylammonium_Pb_Cl,1.0030999999999999
1018,7.34457071641,4.47581666561,6.96967888752,108.950028376,84.6860587258,100.499588858,Ethylammonium Lead Chloride,15,"B.Saparov et al., Chem. Rev. 116, 4558 (2016)",212.9303679934577,Pb,Cl,1,3,2,1,8,0,0,Ethylammonium,3.0539,6.2057,9.2597,1.7475,-4.392,0.0289,0.3291,212.93,2.8048,3.5365,4.6102,Ethylammonium_Pb_Cl,1.0736999999999997
1019,4.72498070844,4.06584326857,10.4120464199,78.8887095849,85.2453659417,90.4195834266,Ethylammonium Lead Chloride,15,"B.Saparov et al., Chem. Rev. 116, 4558 (2016)",195.545653373216,Pb,Cl,1,3,2,1,8,0,0,Ethylammonium,3.4139,11.3099,14.7238,1.8477,-4.398,0.0229,0.3231,195.55,3.0541,3.1356,4.1891,Ethylammonium_Pb_Cl,1.0534999999999997
1020,5.80736521641,4.4110539945,7.95086602697,85.9641315057,85.2791957875,78.5804099061,Ethylammonium Lead Chloride,15,"B.Saparov et al., Chem. Rev. 116, 4558 (2016)",198.6596765710457,Pb,Cl,1,3,2,1,8,0,0,Ethylammonium,3.3846,8.1246,11.5092,1.8397,-4.3909,0.03,0.3302,198.66,3.0063,3.3189,4.3325,Ethylammonium_Pb_Cl,1.0135999999999994
1021,8.68771156313,4.12409548286,5.44112627631,90.3312484424,89.90540852,90.3015961995,Ethylammonium Lead Chloride,15,"B.Saparov et al., Chem. Rev. 116, 4558 (2016)",194.94363746156176,Pb,Cl,1,3,2,1,8,0,0,Ethylammonium,3.3726,6.5613,9.9339,1.8365,-4.3895,0.0313,0.3315,194.94,3.0637,3.4288,4.4675,Ethylammonium_Pb_Cl,1.0387000000000004
1022,10.6449717325,4.53612895895,4.29198465831,90.1789240236,89.5258842774,85.717541824,Ethylammonium Lead Chloride,15,"B.Saparov et al., Chem. Rev. 116, 4558 (2016)",206.65975670382545,Pb,Cl,1,3,2,1,8,0,0,Ethylammonium,3.3058,10.0013,13.3071,1.8182,-4.3832,0.0377,0.3379,206.66,2.8899,2.0233,2.8744,Ethylammonium_Pb_Cl,0.8511000000000002
1023,9.38200223437,4.48801752719,5.66634839281,89.5251226033,97.9717268521,119.40660662,Ethylammonium Lead Chloride,15,"B.Saparov et al., Chem. Rev. 116, 4558 (2016)",205.34621567087848,Pb,Cl,1,3,2,1,8,0,0,Ethylammonium,3.324,10.1261,13.4501,1.8232,-4.4019,0.019,0.3192,205.35,2.9083,3.0841,4.0595,Ethylammonium_Pb_Cl,0.9754
1024,5.82835088262,5.79929003456,7.17042635384,73.6790627245,87.4307919843,86.2309126443,Propylammonium Lead Chloride,18,"S.Kataoka et al., J. Am. Chem. Soc. 137, 4158 (2015)",232.00499037413488,Pb,Cl,1,3,3,1,10,0,0,Propylammonium,3.132,7.1826,10.3147,1.7698,-4.5059,-0.0301,0.2201,232.0,2.6747,3.2954,4.2491,Propylammonium_Pb_Cl,0.9537000000000004
1025,5.74230038215,5.73856901587,7.40823860424,102.675077993,80.7203954358,89.7191597114,Propylammonium Lead Chloride,18,"S.Kataoka et al., J. Am. Chem. Soc. 137, 4158 (2015)",234.84871170391116,Pb,Cl,1,3,3,1,10,0,0,Propylammonium,3.1225,4.8749,7.9974,1.7671,-4.5121,-0.0363,0.2139,234.85,2.6422,2.9727,4.0077,Propylammonium_Pb_Cl,1.0349999999999997
1026,5.78487151581,5.78342964083,7.31816338389,103.074220978,80.3135736769,90.7200200418,Propylammonium Lead Chloride,18,"S.Kataoka et al., J. Am. Chem. Soc. 137, 4158 (2015)",235.009626408373,Pb,Cl,1,3,3,1,10,0,0,Propylammonium,3.1392,5.5289,8.6681,1.7718,-4.5123,-0.0365,0.2137,235.01,2.6404,2.8993,3.9499,Propylammonium_Pb_Cl,1.0505999999999998
1027,6.14572875115,5.89189831969,6.15950235489,97.7651222366,81.2484907937,96.2301394757,Propylammonium Lead Chloride,18,"S.Kataoka et al., J. Am. Chem. Soc. 137, 4158 (2015)",217.53464134580744,Pb,Cl,1,3,3,1,10,0,0,Propylammonium,3.4421,8.9006,12.3427,1.8553,-4.5111,-0.0353,0.2148,217.53,2.8526,2.7341,3.8444,Propylammonium_Pb_Cl,1.1102999999999996
1028,6.15225868792,6.15662493585,5.98773953757,77.1756693317,89.5196521772,83.7849350022,Propylammonium Lead Chloride,18,"S.Kataoka et al., J. Am. Chem. Soc. 137, 4158 (2015)",219.81266706357508,Pb,Cl,1,3,3,1,10,0,0,Propylammonium,3.4052,6.8791,10.2843,1.8453,-4.5106,-0.0348,0.2154,219.81,2.823,2.8387,3.7596,Propylammonium_Pb_Cl,0.9209
1029,8.08758435982,4.29399607952,7.18770428366,75.2115908347,83.1156999312,76.2308866886,Propylammonium Lead Chloride,18,"S.Kataoka et al., J. Am. Chem. Soc. 137, 4158 (2015)",233.94600272252453,Pb,Cl,1,3,3,1,10,0,0,Propylammonium,3.0067,4.9207,7.9274,1.734,-4.5047,-0.0289,0.2212,233.95,2.6524,3.5514,4.622,Propylammonium_Pb_Cl,1.0705999999999998
1030,5.75684117795,4.21003601484,10.3181369056,89.0817249647,115.628481665,99.4745263562,Propylammonium Lead Chloride,18,"S.Kataoka et al., J. Am. Chem. Soc. 137, 4158 (2015)",221.96848153076976,Pb,Cl,1,3,3,1,10,0,0,Propylammonium,3.2265,5.379,8.6055,1.7962,-4.5126,-0.0368,0.2134,221.97,2.7955,3.771,4.8088,Propylammonium_Pb_Cl,1.0377999999999998
1031,7.24488081487,4.25703787317,9.51785425122,107.045021948,123.530196998,72.2117817801,Propylammonium Lead Chloride,18,"S.Kataoka et al., J. Am. Chem. Soc. 137, 4158 (2015)",230.12271619284587,Pb,Cl,1,3,3,1,10,0,0,Propylammonium,3.0694,5.4168,8.4862,1.752,-4.5031,-0.0272,0.2229,230.12,2.6965,3.6178,4.7081,Propylammonium_Pb_Cl,1.0903
1032,11.0698206241,4.23168140991,5.82311533477,93.7572968084,61.4074042397,108.773340417,Propylammonium Lead Chloride,18,"S.Kataoka et al., J. Am. Chem. Soc. 137, 4158 (2015)",225.4806011259272,Pb,Cl,1,3,3,1,10,0,0,Propylammonium,3.1931,5.8791,9.0723,1.7869,-4.5147,-0.0389,0.2113,225.48,2.752,3.625,4.6379,Propylammonium_Pb_Cl,1.0129000000000001
1033,5.77074423483,5.75122581892,9.36241221611,62.8433864333,123.778261198,96.2343647563,Propylammonium Lead Chloride,18,"S.Kataoka et al., J. Am. Chem. Soc. 137, 4158 (2015)",225.33327786905645,Pb,Cl,1,3,3,1,10,0,0,Propylammonium,3.2515,5.4319,8.6834,1.8032,-4.5047,-0.0289,0.2213,225.33,2.7538,3.0501,3.9914,Propylammonium_Pb_Cl,0.9413
1034,7.53346642593,5.92925306884,6.00775395889,83.825113082,102.969658661,106.302860278,Butylammonium Lead Chloride,21,"H. Hu et al., Sci. Rep. 6, 33546 (2016)",250.70747326141955,Pb,Cl,1,3,4,1,12,0,0,Butylammonium,3.1499,7.501,10.6509,1.7748,-4.5864,-0.0713,0.1431,250.71,2.568,2.9523,4.0285,Butylammonium_Pb_Cl,1.0762
1035,6.00713296075,5.92659492424,7.55418939322,73.7108433202,76.9141560444,83.633313627,Butylammonium Lead Chloride,21,"H. Hu et al., Sci. Rep. 6, 33546 (2016)",251.1205053816041,Pb,Cl,1,3,4,1,12,0,0,Butylammonium,3.1288,5.9612,9.09,1.7688,-4.5864,-0.0714,0.1431,251.12,2.5638,2.953,4.0515,Butylammonium_Pb_Cl,1.0985
1036,6.39153069764,7.02374877711,5.84868268258,83.1874409032,93.976616018,110.566462474,Butylammonium Lead Chloride,21,"H. Hu et al., Sci. Rep. 6, 33546 (2016)",243.9838499808601,Pb,Cl,1,3,4,1,12,0,0,Butylammonium,3.1973,5.7644,8.9617,1.7881,-4.5867,-0.0716,0.1428,243.98,2.6388,3.4287,4.5045,Butylammonium_Pb_Cl,1.0758
1037,6.003684029,5.91962942355,7.57236770048,73.6794293177,77.2422190647,83.8197271091,Butylammonium Lead Chloride,21,"H. Hu et al., Sci. Rep. 6, 33546 (2016)",251.59920203363507,Pb,Cl,1,3,4,1,12,0,0,Butylammonium,3.1171,6.6429,9.76,1.7655,-4.5865,-0.0714,0.143,251.6,2.5589,2.9756,4.069,Butylammonium_Pb_Cl,1.0934
1038,6.45065552631,5.93423678298,5.91320188413,82.1006382681,84.1687571343,90.5789830168,Isopropylammonium Lead Chloride,18,"C.C.Stoumpos et al., J. Am. Chem. Soc. 137, 6804 (2015)",222.98108976384964,Pb,Cl,1,3,3,1,10,0,0,Isopropylammonium,3.3282,6.853,10.1812,1.8243,-4.517,-0.0352,0.2149,222.98,2.7829,3.1857,4.2764,Isopropylammonium_Pb_Cl,1.0906999999999996
1039,5.85607588005,6.19623401484,6.16813968666,87.692822118,95.0170567254,80.2907977316,Isopropylammonium Lead Chloride,18,"C.C.Stoumpos et al., J. Am. Chem. Soc. 137, 6804 (2015)",219.41859925352185,Pb,Cl,1,3,3,1,10,0,0,Isopropylammonium,3.4241,7.9739,11.398,1.8504,-4.5149,-0.0331,0.2171,219.42,2.828,2.8825,3.8219,Isopropylammonium_Pb_Cl,0.9394
1040,6.19439884033,6.08001880261,5.94667516723,79.167367466,84.2725751917,91.4479054551,Isopropylammonium Lead Chloride,18,"C.C.Stoumpos et al., J. Am. Chem. Soc. 137, 6804 (2015)",218.652774271379,Pb,Cl,1,3,3,1,10,0,0,Isopropylammonium,3.4087,5.5728,8.9815,1.8463,-4.5146,-0.0328,0.2174,218.65,2.838,2.9455,3.8709,Isopropylammonium_Pb_Cl,0.9253999999999998
1041,5.85854807729,5.75836183617,6.60997565099,94.3630236707,92.3583042226,83.666192732,Isopropylammonium Lead Chloride,18,"C.C.Stoumpos et al., J. Am. Chem. Soc. 137, 6804 (2015)",220.8676030251859,Pb,Cl,1,3,3,1,10,0,0,Isopropylammonium,3.3724,8.9751,12.3475,1.8364,-4.5148,-0.033,0.2171,220.87,2.8094,3.1297,4.1789,Isopropylammonium_Pb_Cl,1.0491999999999995
1042,6.56539350848,5.76809952309,5.8827028535,96.4325740162,87.8426660791,94.8503098872,Isopropylammonium Lead Chloride,18,"C.C.Stoumpos et al., J. Am. Chem. Soc. 137, 6804 (2015)",220.49247828259504,Pb,Cl,1,3,3,1,10,0,0,Isopropylammonium,3.3799,8.5898,11.9697,1.8385,-4.5145,-0.0327,0.2174,220.49,2.8143,3.1582,4.1625,Isopropylammonium_Pb_Cl,1.0042999999999997
1043,6.95561937067,4.53847514532,8.18174947469,108.415076526,88.7732317406,110.003529677,Isopropylammonium Lead Chloride,18,"C.C.Stoumpos et al., J. Am. Chem. Soc. 137, 6804 (2015)",229.1809136795937,Pb,Cl,1,3,3,1,10,0,0,Isopropylammonium,3.0725,8.8726,11.9451,1.7529,-4.5079,-0.0261,0.2241,229.18,2.7076,3.4182,4.4801,Isopropylammonium_Pb_Cl,1.0619
1044,8.15988372739,4.59371169057,6.75022281028,111.191877154,79.3429109394,104.218394912,Propylammonium Lead Chloride,18,"S.Kataoka et al., J. Am. Chem. Soc. 137, 4158 (2015)",227.391072225842,Pb,Cl,1,3,3,1,10,0,0,Propylammonium,3.1035,11.0041,14.1076,1.7617,-4.5073,-0.0315,0.2186,227.39,2.7289,3.3154,4.3781,Propylammonium_Pb_Cl,1.0627
1045,7.96936196815,4.52330424519,7.00252537991,70.3264831926,80.3266864389,75.9200006571,Isopropylammonium Lead Chloride,18,"C.C.Stoumpos et al., J. Am. Chem. Soc. 137, 6804 (2015)",229.5225801560102,Pb,Cl,1,3,3,1,10,0,0,Isopropylammonium,3.0658,8.1371,11.2028,1.7509,-4.508,-0.0261,0.224,229.52,2.7036,3.4439,4.5088,Isopropylammonium_Pb_Cl,1.0648999999999997
1046,8.26470906415,4.58062466684,6.73377849251,108.649719935,79.2795077439,108.518394895,Isopropylammonium Lead Chloride,18,"C.C.Stoumpos et al., J. Am. Chem. Soc. 137, 6804 (2015)",228.01792574185905,Pb,Cl,1,3,3,1,10,0,0,Isopropylammonium,3.0919,9.6032,12.6951,1.7584,-4.5075,-0.0257,0.2244,228.02,2.7213,3.3443,4.4085,Isopropylammonium_Pb_Cl,1.0642
1047,7.71327601767,4.30663871757,7.27469524314,76.5017825554,79.2920749321,91.5270510207,Isopropylammonium Lead Chloride,18,"C.C.Stoumpos et al., J. Am. Chem. Soc. 137, 6804 (2015)",230.2653672622409,Pb,Cl,1,3,3,1,10,0,0,Isopropylammonium,3.0247,4.1968,7.2215,1.7392,-4.5059,-0.0241,0.2261,230.27,2.6948,3.6857,4.7548,Isopropylammonium_Pb_Cl,1.0691000000000002
1048,5.85867542258,4.36084280535,8.8463248662,82.7730646452,85.5701620067,95.393422374,Isopropylammonium Lead Chloride,18,"C.C.Stoumpos et al., J. Am. Chem. Soc. 137, 6804 (2015)",222.3150391627726,Pb,Cl,1,3,3,1,10,0,0,Isopropylammonium,3.2653,7.5381,10.8034,1.807,-4.5047,-0.0229,0.2273,222.32,2.7911,3.5485,4.6136,Isopropylammonium_Pb_Cl,1.0650999999999997
1049,6.03684319134,5.88920211824,5.82212425763,85.3504242068,97.1330414268,97.9512303441,Dimethylammonium Lead Chloride,15,"B.Saparov et al., Chem. Rev. 116, 4558 (2016)",202.98244803806543,Pb,Cl,1,3,2,1,8,0,0,Dimethylammonium,3.5798,18.9971,22.577,1.892,-4.3815,0.0172,0.3174,202.98,2.9423,2.679,3.6445,Dimethylammonium_Pb_Cl,0.9655
1050,5.90424469291,5.93781163591,5.8978487367,85.1944381636,99.884801599,98.7883918938,Dimethylammonium Lead Chloride,15,"B.Saparov et al., Chem. Rev. 116, 4558 (2016)",200.95549188638344,Pb,Cl,1,3,2,1,8,0,0,Dimethylammonium,3.6155,18.0013,21.6169,1.9015,-4.386,0.0127,0.3129,200.96,2.9719,2.462,3.4231,Dimethylammonium_Pb_Cl,0.9610999999999996
1051,5.92302001811,5.93336013304,5.87375223226,81.0354700662,99.6272323603,95.3581189768,Dimethylammonium Lead Chloride,15,"B.Saparov et al., Chem. Rev. 116, 4558 (2016)",200.54970319810036,Pb,Cl,1,3,2,1,8,0,0,Dimethylammonium,3.6578,32.6414,36.2992,1.9125,-4.3859,0.0129,0.3131,200.55,2.978,2.3908,3.3139,Dimethylammonium_Pb_Cl,0.9230999999999998
1052,5.93471438873,5.88998644934,5.9269726718,86.2036626322,82.6388536705,79.0959603247,Dimethylammonium Lead Chloride,15,"B.Saparov et al., Chem. Rev. 116, 4558 (2016)",201.57489506292745,Pb,Cl,1,3,2,1,8,0,0,Dimethylammonium,3.579,14.396,17.975,1.8918,-4.386,0.0127,0.3129,201.57,2.9629,2.5941,3.5168,Dimethylammonium_Pb_Cl,0.9226999999999999
1053,5.80113044449,4.27026546928,8.28921137743,88.1685507335,82.6912818812,82.5349955291,Dimethylammonium Lead Chloride,15,"B.Saparov et al., Chem. Rev. 116, 4558 (2016)",201.9238620118621,Pb,Cl,1,3,2,1,8,0,0,Dimethylammonium,3.3244,7.2982,10.6226,1.8233,-4.3805,0.0183,0.3185,201.92,2.9577,3.5088,4.5362,Dimethylammonium_Pb_Cl,1.0274
1054,8.22232286145,4.26299713806,6.81690926549,122.46607425,92.6458957392,93.7862038015,Dimethylammonium Lead Chloride,15,"B.Saparov et al., Chem. Rev. 116, 4558 (2016)",200.21233618507628,Pb,Cl,1,3,2,1,8,0,0,Dimethylammonium,3.3573,7.6911,11.0484,1.8323,-4.3802,0.0185,0.3187,200.21,2.983,3.5203,4.5566,Dimethylammonium_Pb_Cl,1.0363000000000002
1055,5.7260439589,4.24053965782,8.17022281816,82.9285509557,86.2742486171,86.0987972129,Dimethylammonium Lead Chloride,15,"B.Saparov et al., Chem. Rev. 116, 4558 (2016)",196.0989016100073,Pb,Cl,1,3,2,1,8,0,0,Dimethylammonium,3.4275,9.2681,12.6955,1.8513,-4.3797,0.019,0.3192,196.1,3.0455,3.5291,4.574,Dimethylammonium_Pb_Cl,1.0448999999999997
1056,6.01775439791,5.93585879848,5.93836640708,88.5655285588,99.8913959548,81.1355139427,Acetamidinium Lead Chloride,15,"C.C.Stoumpos et al., J. Am. Chem. Soc. 137, 6804 (2015)",206.18323517347292,Pb,Cl,1,3,2,2,7,0,0,Acetamidinium,3.6512,17.6683,21.3195,1.9108,-4.6931,0.1317,0.4319,206.18,3.0013,2.3041,3.312,Acetamidinium_Pb_Cl,1.0078999999999998
1057,5.98471751191,5.98186512313,5.97292463313,91.7515834149,100.148400649,100.866485652,Acetamidinium Lead Chloride,15,"C.C.Stoumpos et al., J. Am. Chem. Soc. 137, 6804 (2015)",206.2593311584676,Pb,Cl,1,3,2,2,7,0,0,Acetamidinium,3.5972,10.9555,14.5527,1.8966,-4.692,0.1328,0.433,206.26,3.0002,2.7718,3.7277,Acetamidinium_Pb_Cl,0.9559000000000002
1058,5.99618565947,5.90514735941,5.96750332521,83.2684611987,103.653262021,89.2875557695,Acetamidinium Lead Chloride,15,"C.C.Stoumpos et al., J. Am. Chem. Soc. 137, 6804 (2015)",203.7369835713787,Pb,Cl,1,3,2,2,7,0,0,Acetamidinium,3.6458,15.9072,19.5531,1.9094,-4.691,0.1338,0.434,203.74,3.0373,2.746,3.7667,Acetamidinium_Pb_Cl,1.0207000000000002
1059,5.84239569807,4.13910139801,8.5509224539,89.7247473356,95.0938394711,101.526803371,Acetamidinium Lead Chloride,15,"C.C.Stoumpos et al., J. Am. Chem. Soc. 137, 6804 (2015)",201.7922899407794,Pb,Cl,1,3,2,2,7,0,0,Acetamidinium,3.4291,6.902,10.3311,1.8518,-4.6929,0.1319,0.4321,201.79,3.0666,3.5748,4.6376,Acetamidinium_Pb_Cl,1.0627999999999997
1060,5.79036672702,4.24592104918,8.98645766239,109.113263089,83.3011383234,91.9386654576,Acetamidinium Lead Chloride,15,"C.C.Stoumpos et al., J. Am. Chem. Soc. 137, 6804 (2015)",207.32907521011015,Pb,Cl,1,3,2,2,7,0,0,Acetamidinium,3.3688,8.365,11.7337,1.8354,-4.6891,0.1357,0.4359,207.33,2.9847,3.5218,4.5652,Acetamidinium_Pb_Cl,1.0434
1061,8.73742399566,3.84874784072,6.16737370008,89.8242107976,87.4221258204,89.9222341444,Acetamidinium Lead Chloride,15,"C.C.Stoumpos et al., J. Am. Chem. Soc. 137, 6804 (2015)",207.18630408261976,Pb,Cl,1,3,2,2,7,0,0,Acetamidinium,3.2791,9.2448,12.5239,1.8108,-4.6787,0.1461,0.4463,207.19,2.9867,3.4462,4.5162,Acetamidinium_Pb_Cl,1.0700000000000003
1062,5.77798305518,5.68618716573,5.8234080502,90.0253575048,91.9929436416,89.8728232873,Methylammonium Lead Chloride,12,"T.D.Huan et al., Phys. Rev. B 93,094105(2016)",191.21007051516185,Pb,Cl,1,3,1,1,6,0,0,Methylammonium,3.5243,8.3055,11.8298,1.8773,-4.2317,0.0994,0.4746,191.21,3.0016,2.5715,3.495,Methylammonium_Pb_Cl,0.9235000000000002
1063,5.76133357366,5.74663423444,5.82411873849,86.7931046532,85.3274999073,93.2145247049,Methylammonium Lead Chloride,12,"T.D.Huan et al., Phys. Rev. B 93,094105(2016)",191.5282352386132,Pb,Cl,1,3,1,1,6,0,0,Methylammonium,3.5364,8.9966,12.5329,1.8805,-4.2313,0.0998,0.475,191.53,2.9966,2.5313,3.424,Methylammonium_Pb_Cl,0.8927
1064,5.82998519239,4.27452403635,7.52410154927,98.0960706885,83.2399211413,93.810919337,Methylammonium Lead Chloride,12,"T.D.Huan et al., Phys. Rev. B 93,094105(2016)",184.1068758376003,Pb,Cl,1,3,1,1,6,0,0,Methylammonium,3.3722,8.9136,12.2858,1.8364,-4.2269,0.1042,0.4795,184.11,3.1173,3.4021,4.412,Methylammonium_Pb_Cl,1.0099
1065,5.68034631126,4.16229900237,8.76148973379,118.274770341,83.4948578323,95.6424013824,Methylammonium Lead Chloride,12,"T.D.Huan et al., Phys. Rev. B 93,094105(2016)",181.0238391064636,Pb,Cl,1,3,1,1,6,0,0,Methylammonium,3.448,7.537,10.985,1.8569,-4.2254,0.1057,0.4809,181.02,3.1706,3.3906,4.4069,Methylammonium_Pb_Cl,1.0163000000000002
1066,7.24367953037,4.5275988205,7.30373027015,51.6634792369,98.8523700691,104.319913028,Methylammonium Lead Chloride,12,"T.D.Huan et al., Phys. Rev. B 93,094105(2016)",182.05025364961404,Pb,Cl,1,3,1,1,6,0,0,Methylammonium,3.4551,9.5269,12.982,1.8588,-4.2245,0.1066,0.4818,182.05,3.1526,3.0962,4.0914,Methylammonium_Pb_Cl,0.9952000000000001
1067,5.88361512585,5.88453698049,5.88258314275,97.6053747849,96.4462320853,96.171698169,Guanidinium Lead Chloride,14,"B.Saparov et al., Chem. Rev. 116, 4558 (2016)",199.04668645798984,Pb,Cl,1,3,1,3,6,0,0,Guanidinium,3.726,14.008,17.7339,1.9303,-4.7396,0.3187,0.6404,199.05,3.1171,2.4624,3.4088,Guanidinium_Pb_Cl,0.9463999999999997
1068,5.83654217596,5.83303955724,5.85035840434,86.7654493085,94.2718245257,84.636524147,Guanidinium Lead Chloride,14,"B.Saparov et al., Chem. Rev. 116, 4558 (2016)",197.3478193248993,Pb,Cl,1,3,1,3,6,0,0,Guanidinium,3.7444,16.3548,20.0992,1.935,-4.7337,0.3247,0.6463,197.35,3.1439,2.4782,3.422,Guanidinium_Pb_Cl,0.9438
1069,9.20468230548,4.09677505405,5.87454195238,77.5954420263,96.0907876884,116.426032691,Guanidinium Lead Chloride,14,"B.Saparov et al., Chem. Rev. 116, 4558 (2016)",193.73368671122503,Pb,Cl,1,3,1,3,6,0,0,Guanidinium,3.4849,7.6807,11.1656,1.8668,-4.7383,0.32,0.6417,193.73,3.2027,3.4585,4.4648,Guanidinium_Pb_Cl,1.0063000000000004
1070,5.63462846535,5.63374992966,5.6264674172,107.957580521,91.4834116191,80.2469169269,Hydroxylammonium Lead Chloride,10,"G.Kieslich et al., Chem. Sci. 6, 3430 (2015)",167.3844676711205,Pb,Cl,1,3,0,1,4,0,1,Hydroxylammonium,3.6662,12.5911,16.2573,1.9147,-3.953,0.3069,0.7572,167.38,3.4485,3.467,4.4886,Hydroxylammonium_Pb_Cl,1.0215999999999998
1071,5.76395846484,4.32251981441,7.05936138508,107.928678252,85.5599331656,91.9734275942,Hydroxylammonium Lead Chloride,10,"G.Kieslich et al., Chem. Sci. 6, 3430 (2015)",166.8293196950291,Pb,Cl,1,3,0,1,4,0,1,Hydroxylammonium,3.6036,9.0916,12.6951,1.8983,-3.9803,0.2796,0.7299,166.83,3.4599,3.1237,4.1047,Hydroxylammonium_Pb_Cl,0.9810000000000003
1072,7.00024992316,4.38198511652,5.71048659227,91.5163348811,95.7820874876,71.7329097389,Hydroxylammonium Lead Chloride,10,"G.Kieslich et al., Chem. Sci. 6, 3430 (2015)",165.49286395406486,Pb,Cl,1,3,0,1,4,0,1,Hydroxylammonium,3.6059,8.2057,11.8116,1.8989,-3.9773,0.2826,0.7329,165.49,3.4879,3.1711,4.1645,Hydroxylammonium_Pb_Cl,0.9934000000000003
1073,5.57925945463,4.18482559003,7.2193033713,105.877991549,81.3330901642,94.5083777202,Hydroxylammonium Lead Chloride,10,"G.Kieslich et al., Chem. Sci. 6, 3430 (2015)",160.15166786705447,Pb,Cl,1,3,0,1,4,0,1,Hydroxylammonium,3.6605,7.2359,10.8964,1.9133,-3.9736,0.2863,0.7366,160.15,3.6042,3.4271,4.5196,Hydroxylammonium_Pb_Cl,1.0924999999999998
1074,7.10886395853,4.25423079704,5.60563046293,85.4383024588,79.6984662517,74.7172107677,Hydroxylammonium Lead Chloride,10,"G.Kieslich et al., Chem. Sci. 6, 3430 (2015)",160.80463256766916,Pb,Cl,1,3,0,1,4,0,1,Hydroxylammonium,3.6421,8.9973,12.6394,1.9084,-3.9719,0.288,0.7383,160.8,3.5896,3.4195,4.5186,Hydroxylammonium_Pb_Cl,1.0991
1075,5.69059267302,4.33097982519,6.88575996346,106.381300675,86.789691515,89.5096066355,Hydroxylammonium Lead Chloride,10,"G.Kieslich et al., Chem. Sci. 6, 3430 (2015)",162.50829564726257,Pb,Cl,1,3,0,1,4,0,1,Hydroxylammonium,3.5775,7.7414,11.319,1.8914,-3.974,0.2859,0.7362,162.51,3.5518,3.5107,4.6039,Hydroxylammonium_Pb_Cl,1.0932000000000004
1076,5.82314101282,5.81333707457,5.74551281986,81.3174305729,83.8157061539,86.2868188154,Formamidinium Lead Chloride,12,"T.D.Huan et al., Phys. Rev. B 93,094105(2016)",190.9156733988965,Pb,Cl,1,3,1,2,5,0,0,Formamidinium,3.6964,10.7181,14.4145,1.9226,-4.5763,-0.1527,0.2226,190.92,3.1192,2.3754,3.2914,Formamidinium_Pb_Cl,0.9159999999999999
1077,5.75145718635,5.81672090699,5.78349422851,89.9673952036,101.869742905,92.7635321702,Formamidinium Lead Chloride,12,"T.D.Huan et al., Phys. Rev. B 93,094105(2016)",189.11861648491856,Pb,Cl,1,3,1,2,5,0,0,Formamidinium,3.6906,10.2866,13.9772,1.9211,-4.575,-0.1513,0.2239,189.12,3.1489,2.6687,3.5659,Formamidinium_Pb_Cl,0.8972000000000002
1078,5.687460898,6.11568474596,5.70171281839,101.056597008,99.1526889683,74.0480376383,Formamidinium Lead Chloride,12,"T.D.Huan et al., Phys. Rev. B 93,094105(2016)",185.9522507001924,Pb,Cl,1,3,1,2,5,0,0,Formamidinium,3.4862,5.6323,9.1185,1.8671,-4.4251,-0.0015,0.3737,185.95,3.2026,3.1711,4.2872,Formamidinium_Pb_Cl,1.1161000000000003
1079,6.11407042182,6.24887518292,6.25294774335,90.0865949522,91.070238112,89.5906842547,Tetramethylammonium Lead Chloride,21,"B.Saparov et al., Chem. Rev. 116, 4558 (2016)",238.85251661982736,Pb,Cl,1,3,4,1,12,0,0,Tetramethylammonium,3.3285,4.751,8.0795,1.8244,-4.5596,-0.0516,0.1366,238.85,2.6955,2.9253,3.8987,Tetramethylammonium_Pb_Cl,0.9733999999999998
1080,6.18432046342,6.35385974961,6.15846191373,89.5136491962,87.9221934157,89.9015276391,Tetramethylammonium Lead Chloride,21,"B.Saparov et al., Chem. Rev. 116, 4558 (2016)",241.8244195629116,Pb,Cl,1,3,4,1,12,0,0,Tetramethylammonium,3.2373,3.7482,6.9855,1.7992,-4.5604,-0.0525,0.1358,241.82,2.6624,3.1341,4.1332,Tetramethylammonium_Pb_Cl,0.9991000000000003
1081,6.64034375956,5.01391600194,7.57296430405,90.6299198164,90.2229155104,85.4103737587,Tetramethylammonium Lead Chloride,21,"B.Saparov et al., Chem. Rev. 116, 4558 (2016)",251.3103896671104,Pb,Cl,1,3,4,1,12,0,0,Tetramethylammonium,2.9768,2.6838,5.6606,1.7253,-4.5513,-0.0433,0.1449,251.31,2.5618,3.4785,4.533,Tetramethylammonium_Pb_Cl,1.0545000000000004
1082,5.80141863322,5.57691283644,5.70488698925,95.4692491285,87.1004681646,88.3091329525,Hydrazinium Lead Chloride,11,"B.Saparov et al., Chem. Rev. 116, 4558 (2016)",183.39101685874576,Pb,Cl,1,3,0,2,5,0,0,Hydrazinium,3.5457,8.016,11.5617,1.883,-4.1199,0.3592,0.7686,183.39,3.1385,2.9813,3.8474,Hydrazinium_Pb_Cl,0.8660999999999999
1083,8.09008845132,5.56443945902,5.74311494876,106.115008498,46.1655516451,113.66514891,Hydrazinium Lead Chloride,11,"B.Saparov et al., Chem. Rev. 116, 4558 (2016)",170.81100357094172,Pb,Cl,1,3,0,2,5,0,0,Hydrazinium,3.6835,10.6855,14.369,1.9192,-4.1261,0.3531,0.7624,170.81,3.3697,3.3652,4.3591,Hydrazinium_Pb_Cl,0.9938999999999996
1084,3.93297777655,5.8914282428,7.98689820731,82.3660270674,108.108297397,112.482161152,Hydrazinium Lead Chloride,11,"B.Saparov et al., Chem. Rev. 116, 4558 (2016)",162.50817049038235,Pb,Cl,1,3,0,2,5,0,0,Hydrazinium,3.7169,10.6938,14.4107,1.9279,-4.1395,0.3396,0.749,162.51,3.5418,3.4481,4.4639,Hydrazinium_Pb_Cl,1.0157999999999996
1085,6.94135547568,5.68604650933,4.46517048257,91.0388712965,72.3011391689,87.8093178853,Hydrazinium Lead Chloride,11,"B.Saparov et al., Chem. Rev. 116, 4558 (2016)",167.68892428177372,Pb,Cl,1,3,0,2,5,0,0,Hydrazinium,3.5865,8.2018,11.7883,1.8938,-4.1353,0.3439,0.7532,167.69,3.4324,3.518,4.6678,Hydrazinium_Pb_Cl,1.1498
1086,7.4895425975,4.04011385901,5.93712787889,91.0339933406,94.9531126286,71.7866469485,Hydrazinium Lead Chloride,11,"B.Saparov et al., Chem. Rev. 116, 4558 (2016)",170.0038009271572,Pb,Cl,1,3,0,2,5,0,0,Hydrazinium,3.6209,9.9953,13.6162,1.9029,-4.1416,0.3376,0.7469,170.0,3.3857,3.096,4.0308,Hydrazinium_Pb_Cl,0.9348000000000001
1087,7.41912164674,5.5107475638,4.45592889402,90.2002356934,106.980620871,76.3889083227,Hydrazinium Lead Chloride,11,"B.Saparov et al., Chem. Rev. 116, 4558 (2016)",168.92692788545773,Pb,Cl,1,3,0,2,5,0,0,Hydrazinium,3.5499,7.7308,11.2807,1.8841,-4.1349,0.3443,0.7536,168.93,3.4072,3.4717,4.5776,Hydrazinium_Pb_Cl,1.1059000000000005
1088,7.72879725489,3.96091634755,5.69346338228,88.8664090529,89.5336614548,78.2445152513,Hydrazinium Lead Chloride,11,"B.Saparov et al., Chem. Rev. 116, 4558 (2016)",170.6041139109484,Pb,Cl,1,3,0,2,5,0,0,Hydrazinium,3.5958,7.4381,11.034,1.8963,-4.139,0.3401,0.7495,170.6,3.3738,3.2008,4.1124,Hydrazinium_Pb_Cl,0.9116
1089,5.84904788921,3.98029649434,7.66766172223,101.335667713,93.7882046945,68.4793097996,Hydrazinium Lead Chloride,11,"B.Saparov et al., Chem. Rev. 116, 4558 (2016)",162.82249341712816,Pb,Cl,1,3,0,2,5,0,0,Hydrazinium,3.7035,10.6798,14.3833,1.9244,-4.1442,0.335,0.7443,162.82,3.535,3.5652,4.5724,Hydrazinium_Pb_Cl,1.0072
1090,7.49299350703,4.04120892833,5.93631362074,91.2049543903,95.1097852645,71.7366367382,Hydrazinium Lead Chloride,11,"B.Saparov et al., Chem. Rev. 116, 4558 (2016)",170.0181325093281,Pb,Cl,1,3,0,2,5,0,0,Hydrazinium,3.621,10.9435,14.5644,1.9029,-4.1418,0.3374,0.7467,170.02,3.3853,3.0945,4.0285,Hydrazinium_Pb_Cl,0.9340000000000002
1091,5.69128426141,5.69149436737,5.7031943208,83.6452843051,84.0075399457,83.8745341544,Ammonium Lead Chloride,9,"T.D.Huan et al., Phys. Rev. B 93,094105(2016)",181.75098093519512,Pb,Cl,1,3,0,1,4,0,0,Ammonium,3.3758,8.2903,11.6661,1.8373,-3.9479,0.2875,0.7878,181.75,3.0297,2.8234,3.7383,Ammonium_Pb_Cl,0.9149000000000003
1092,7.28878514461,5.64511322339,4.2295442824,111.919661967,106.818928417,77.7184255165,Ammonium Lead Chloride,9,"T.D.Huan et al., Phys. Rev. B 93,094105(2016)",153.46402049690843,Pb,Cl,1,3,0,1,4,0,0,Ammonium,3.6969,11.3812,15.0781,1.9227,-3.9562,0.2791,0.7795,153.46,3.5882,3.5122,4.7461,Ammonium_Pb_Cl,1.2339000000000002
1093,5.88294578485,6.08585132826,6.24067990146,86.9446372858,88.7316351407,98.8265176513,Trimethylammonium Lead Chloride,18,"A. Mancini et al., J. Solid State Chem. 240, 55 (2016)",220.36946914652648,Pb,Cl,1,3,3,1,10,0,0,Trimethylammonium,3.4335,12.9508,16.3843,1.853,-4.4883,-0.04,0.2102,220.37,2.8158,2.6497,3.6402,Trimethylammonium_Pb_Cl,0.9904999999999999
1094,5.8553016241,6.05676468569,6.3116744996,89.5504026347,90.5358548549,100.112102907,Trimethylammonium Lead Chloride,18,"A. Mancini et al., J. Solid State Chem. 240, 55 (2016)",220.3472921955201,Pb,Cl,1,3,3,1,10,0,0,Trimethylammonium,3.4249,9.5148,12.9397,1.8506,-4.488,-0.0397,0.2105,220.35,2.8161,2.5224,3.509,Trimethylammonium_Pb_Cl,0.9865999999999997
1095,5.9761013341,6.02780442241,6.13208948391,95.7086599785,86.3956752015,84.0396129383,Trimethylammonium Lead Chloride,18,"A. Mancini et al., J. Solid State Chem. 240, 55 (2016)",218.01235729437917,Pb,Cl,1,3,3,1,10,0,0,Trimethylammonium,3.4433,8.9883,12.4316,1.8556,-4.4879,-0.0395,0.2106,218.01,2.8463,3.0687,4.0673,Trimethylammonium_Pb_Cl,0.9986000000000002
1096,5.96001419688,6.15428372766,6.29302998662,79.1790618061,86.1660613145,93.9199897972,Trimethylammonium Lead Chloride,18,"A. Mancini et al., J. Solid State Chem. 240, 55 (2016)",225.44177021226733,Pb,Cl,1,3,3,1,10,0,0,Trimethylammonium,3.2653,10.4361,13.7014,1.807,-4.4853,-0.037,0.2132,225.44,2.7525,3.3046,4.3048,Trimethylammonium_Pb_Cl,1.0002
1097,6.06319962426,6.05461180535,5.99905517479,94.6486546518,95.9035071085,94.9175279538,Trimethylammonium Lead Chloride,18,"A. Mancini et al., J. Solid State Chem. 240, 55 (2016)",217.3538492474397,Pb,Cl,1,3,3,1,10,0,0,Trimethylammonium,3.4451,7.8279,11.273,1.8561,-4.4879,-0.0396,0.2106,217.35,2.8549,3.1798,4.1276,Trimethylammonium_Pb_Cl,0.9478
1098,5.87215667045,6.24483485802,6.11101843843,91.9416195405,80.0275915284,89.0252728251,Trimethylammonium Lead Chloride,18,"A. Mancini et al., J. Solid State Chem. 240, 55 (2016)",220.52290946848228,Pb,Cl,1,3,3,1,10,0,0,Trimethylammonium,3.4223,11.3006,14.7229,1.8499,-4.4881,-0.0398,0.2103,220.52,2.8139,2.6485,3.5936,Trimethylammonium_Pb_Cl,0.9451
1099,4.47719659698,7.70184357987,7.06273931649,102.060719213,75.6751963963,87.6282969252,Trimethylammonium Lead Chloride,18,"A. Mancini et al., J. Solid State Chem. 240, 55 (2016)",229.64528566196796,Pb,Cl,1,3,3,1,10,0,0,Trimethylammonium,3.0407,4.3398,7.3806,1.7438,-4.4697,-0.0214,0.2287,229.65,2.702,3.3019,4.3438,Trimethylammonium_Pb_Cl,1.0419
1100,8.8694117123,4.45731543671,5.74289936711,94.3371211455,93.7933068133,93.8855640433,Trimethylammonium Lead Chloride,18,"A. Mancini et al., J. Solid State Chem. 240, 55 (2016)",225.287359124446,Pb,Cl,1,3,3,1,10,0,0,Trimethylammonium,3.2917,15.3879,18.6797,1.8143,-4.482,-0.0336,0.2165,225.29,2.7543,3.1506,4.1385,Trimethylammonium_Pb_Cl,0.9878999999999998
1101,5.74109937831,4.45498429256,8.86937259364,93.9031014424,86.0953634777,85.6768834854,Trimethylammonium Lead Chloride,18,"A. Mancini et al., J. Solid State Chem. 240, 55 (2016)",225.06530783818437,Pb,Cl,1,3,3,1,10,0,0,Trimethylammonium,3.2929,14.7884,18.0814,1.8146,-4.4818,-0.0335,0.2166,225.07,2.757,3.1574,4.1454,Trimethylammonium_Pb_Cl,0.9880000000000004
1102,5.74213638354,4.44911537562,8.87599960901,93.9866649061,86.2295596775,85.7417996717,Trimethylammonium Lead Chloride,18,"A. Mancini et al., J. Solid State Chem. 240, 55 (2016)",225.01184175114685,Pb,Cl,1,3,3,1,10,0,0,Trimethylammonium,3.2928,11.542,14.8348,1.8146,-4.4819,-0.0336,0.2166,225.01,2.7577,3.1695,4.159,Trimethylammonium_Pb_Cl,0.9894999999999996
1103,6.30249753943,4.6241751519,7.86897926627,90.6384886836,93.3633936383,74.688384824,Trimethylammonium Lead Chloride,18,"A. Mancini et al., J. Solid State Chem. 240, 55 (2016)",220.8087153366349,Pb,Cl,1,3,3,1,10,0,0,Trimethylammonium,3.1659,5.4443,8.6102,1.7793,-4.4751,-0.0267,0.2234,220.81,2.8102,3.5996,4.7241,Trimethylammonium_Pb_Cl,1.1244999999999998
1104,6.02096051236,5.8739319053,5.95817260663,89.9784927783,89.5241070358,89.2097551854,Azetidinium Lead Chloride,16,"B. Zhou et al., Angew. Chem. Int. Ed. 50, 11441 (2011)",210.6936575437664,Pb,Cl,1,3,3,1,8,0,0,Azetidinium,3.6309,17.2204,20.8513,1.9055,-4.5651,-0.0146,0.2669,210.69,2.9293,2.4437,3.4663,Azetidinium_Pb_Cl,1.0225999999999997
1105,5.9715940275,5.87056809491,5.95634483109,93.2281917384,86.5105830811,89.8909667949,Azetidinium Lead Chloride,16,"B. Zhou et al., Angew. Chem. Int. Ed. 50, 11441 (2011)",208.08866537037028,Pb,Cl,1,3,3,1,8,0,0,Azetidinium,3.6923,25.698,29.3903,1.9215,-4.5639,-0.0133,0.2681,208.09,2.9659,2.3229,3.3068,Azetidinium_Pb_Cl,0.9838999999999998
1106,5.93832500323,5.97266858686,5.89455869391,94.0236859561,91.2100328278,95.6960754137,Azetidinium Lead Chloride,16,"B. Zhou et al., Angew. Chem. Int. Ed. 50, 11441 (2011)",207.43799615887227,Pb,Cl,1,3,3,1,8,0,0,Azetidinium,3.6619,16.1863,19.8482,1.9136,-4.5615,-0.011,0.2704,207.44,2.9752,2.6221,3.5114,Azetidinium_Pb_Cl,0.8893
1107,5.9174987202,5.9217924316,5.94697911671,86.6269437632,83.4517840928,93.8211082574,Azetidinium Lead Chloride,16,"B. Zhou et al., Angew. Chem. Int. Ed. 50, 11441 (2011)",206.11097802639543,Pb,Cl,1,3,3,1,8,0,0,Azetidinium,3.6914,14.8658,18.5572,1.9213,-4.5599,-0.0094,0.2721,206.11,2.9944,2.3359,3.293,Azetidinium_Pb_Cl,0.9571000000000001
1108,8.24218013575,5.81193723786,4.62836566745,90.3175832366,84.2213742989,89.8825603294,Azetidinium Lead Chloride,16,"B. Zhou et al., Angew. Chem. Int. Ed. 50, 11441 (2011)",220.58194089733675,Pb,Cl,1,3,3,1,8,0,0,Azetidinium,3.3044,12.7907,16.095,1.8178,-4.553,-0.0025,0.279,220.58,2.798,2.4119,3.7101,Azetidinium_Pb_Cl,1.2982
1109,8.07984615939,5.78818611258,4.61304928035,94.0689355618,84.0504589842,86.7198044868,Azetidinium Lead Chloride,16,"B. Zhou et al., Angew. Chem. Int. Ed. 50, 11441 (2011)",213.58468692577648,Pb,Cl,1,3,3,1,8,0,0,Azetidinium,3.3591,11.3416,14.7007,1.8328,-4.5545,-0.004,0.2774,213.58,2.8897,2.5394,3.8252,Azetidinium_Pb_Cl,1.2858
1110,7.96153821049,5.82793859672,4.61110006966,89.4925201876,96.2177644185,85.6120761594,Azetidinium Lead Chloride,16,"B. Zhou et al., Angew. Chem. Int. Ed. 50, 11441 (2011)",212.03833738161748,Pb,Cl,1,3,3,1,8,0,0,Azetidinium,3.3783,12.5824,15.9607,1.838,-4.5555,-0.005,0.2765,212.04,2.9106,2.6985,3.9503,Azetidinium_Pb_Cl,1.2517999999999998
1111,5.81753542599,4.22173268601,8.484932417,85.4003081689,90.1948006408,91.0880343884,Azetidinium Lead Chloride,16,"B. Zhou et al., Angew. Chem. Int. Ed. 50, 11441 (2011)",207.6816324411241,Pb,Cl,1,3,3,1,8,0,0,Azetidinium,3.3892,6.6097,9.9988,1.841,-4.5561,-0.0056,0.2758,207.68,2.9718,3.6137,4.6259,Azetidinium_Pb_Cl,1.0121999999999995
1112,8.79855503197,4.31519772125,5.84974383514,79.0145075199,91.1701586011,105.471721336,Azetidinium Lead Chloride,16,"B. Zhou et al., Angew. Chem. Int. Ed. 50, 11441 (2011)",210.02076925466037,Pb,Cl,1,3,3,1,8,0,0,Azetidinium,3.3083,5.9948,9.303,1.8189,-4.552,-0.0015,0.2799,210.02,2.9386,3.5887,4.677,Azetidinium_Pb_Cl,1.0882999999999998
1113,5.76774417062,4.17298422245,8.59945878747,88.7639066044,90.3463538083,85.5239820497,Azetidinium Lead Chloride,16,"B. Zhou et al., Angew. Chem. Int. Ed. 50, 11441 (2011)",206.29235564758636,Pb,Cl,1,3,3,1,8,0,0,Azetidinium,3.3949,7.8004,11.1952,1.8425,-4.5524,-0.0019,0.2795,206.29,2.9918,3.6406,4.6439,Azetidinium_Pb_Cl,1.0033000000000003
1114,4.17462012028,5.71624211597,8.62312080158,91.3637078668,89.6777505463,94.367356945,Azetidinium Lead Chloride,16,"B. Zhou et al., Angew. Chem. Int. Ed. 50, 11441 (2011)",205.1176118841901,Pb,Cl,1,3,3,1,8,0,0,Azetidinium,3.4743,9.9109,13.3852,1.8639,-4.549,0.0015,0.2829,205.12,3.0088,3.305,4.4575,Azetidinium_Pb_Cl,1.1524999999999994
1115,7.99248978596,5.93075519909,4.60551784514,90.162666922,88.9948412641,82.646607621,Azetidinium Lead Chloride,16,"B. Zhou et al., Angew. Chem. Int. Ed. 50, 11441 (2011)",216.47683795379515,Pb,Cl,1,3,3,1,8,0,0,Azetidinium,3.1584,5.858,9.0164,1.7772,-4.5366,0.0139,0.2953,216.48,2.8509,3.0468,4.095,Azetidinium_Pb_Cl,1.0481999999999996
1116,8.52095276934,5.60146858189,4.63939029124,93.4932327511,102.049924853,81.7325487933,Azetidinium Lead Chloride,16,"B. Zhou et al., Angew. Chem. Int. Ed. 50, 11441 (2011)",214.1983669836323,Pb,Cl,1,3,3,1,8,0,0,Azetidinium,3.2038,6.2424,9.4463,1.7899,-4.5264,0.0241,0.3055,214.2,2.8813,2.8993,3.9753,Azetidinium_Pb_Cl,1.0759999999999996
1117,5.91007026385,6.1234636516,5.90895254409,96.7801578511,80.6591692971,83.5150699985,Imidazolium Lead Chloride,14,"B.Saparov et al., Chem. Rev. 116, 4558 (2016)",207.6212677417023,Pb,Cl,1,3,3,2,5,0,0,Imidazolium,3.6614,10.9234,14.5848,1.9135,-5.0298,0.1893,0.511,207.62,3.0605,2.7953,3.7965,Imidazolium_Pb_Cl,1.0011999999999999
1118,6.06750798257,5.95012818424,5.92224834298,81.3796518277,83.2564117652,96.7877050817,Imidazolium Lead Chloride,14,"B.Saparov et al., Chem. Rev. 116, 4558 (2016)",207.9124994266272,Pb,Cl,1,3,3,2,5,0,0,Imidazolium,3.6981,16.4416,20.1397,1.923,-5.03,0.189,0.5107,207.91,3.0562,2.5692,3.6158,Imidazolium_Pb_Cl,1.0466000000000002
1119,5.9355169532,5.91791598278,6.07975044707,97.094872549,97.1518229856,98.0525377249,Imidazolium Lead Chloride,14,"B.Saparov et al., Chem. Rev. 116, 4558 (2016)",207.63525674565807,Pb,Cl,1,3,3,2,5,0,0,Imidazolium,3.6766,13.2171,16.8938,1.9175,-5.0302,0.1889,0.5105,207.64,3.0602,2.685,3.7414,Imidazolium_Pb_Cl,1.0564
1120,9.90531536612,4.05153894621,5.66326720974,79.3447042579,86.8660925246,67.8187958832,Imidazolium Lead Chloride,14,"B.Saparov et al., Chem. Rev. 116, 4558 (2016)",206.79974480117733,Pb,Cl,1,3,3,2,5,0,0,Imidazolium,3.4708,6.4839,9.9547,1.863,-5.0336,0.1855,0.5071,206.8,3.0726,3.6492,4.6311,Imidazolium_Pb_Cl,0.9819
1121,9.05427861073,4.08369847552,5.6860385115,100.400080816,94.0406879319,90.4184159714,Imidazolium Lead Chloride,14,"B.Saparov et al., Chem. Rev. 116, 4558 (2016)",206.22997253117973,Pb,Cl,1,3,3,2,5,0,0,Imidazolium,3.4782,6.7952,10.2734,1.865,-5.0332,0.1858,0.5075,206.23,3.0811,3.6318,4.649,Imidazolium_Pb_Cl,1.0171999999999999
1122,5.80919843779,4.09063461647,8.98341852228,92.163222095,90.3757732729,97.0288361309,Imidazolium Lead Chloride,14,"B.Saparov et al., Chem. Rev. 116, 4558 (2016)",211.7069709654857,Pb,Cl,1,3,3,2,5,0,0,Imidazolium,3.418,8.4213,11.8394,1.8488,-5.0353,0.1837,0.5054,211.71,3.0013,3.4571,4.4024,Imidazolium_Pb_Cl,0.9453
1123,5.83205730776,4.11859755182,9.5932709251,112.347539088,95.4600678867,82.0134925778,Imidazolium Lead Chloride,14,"B.Saparov et al., Chem. Rev. 116, 4558 (2016)",210.83031168188592,Pb,Cl,1,3,3,2,5,0,0,Imidazolium,3.4261,7.2009,10.627,1.851,-5.0347,0.1843,0.506,210.83,3.0139,3.4766,4.4332,Imidazolium_Pb_Cl,0.9566000000000003
1124,6.14193405016,6.07805146311,6.28223508398,82.4136937067,88.6293340643,93.9667920757,Ethylammonium Lead Bromide,15,"B.Saparov et al., Chem. Rev. 116, 4558 (2016)",231.78280852838836,Pb,Br,1,3,2,1,8,0,0,Ethylammonium,4.1098,8.8621,12.9719,2.0273,-4.2898,0.0894,0.3265,231.78,3.5235,2.2075,3.0532,Ethylammonium_Pb_Br,0.8456999999999999
1125,6.23355545263,6.01597721419,6.26432557401,85.9202529661,81.4726080367,87.4177072912,Ethylammonium Lead Bromide,15,"B.Saparov et al., Chem. Rev. 116, 4558 (2016)",231.5905082196356,Pb,Br,1,3,2,1,8,0,0,Ethylammonium,4.1146,9.4708,13.5854,2.0285,-4.2876,0.0916,0.3287,231.59,3.5264,2.1507,3.0355,Ethylammonium_Pb_Br,0.8847999999999998
1126,5.99984996142,4.27969438019,8.99839974631,97.1622226149,90.3526613285,91.997917211,Ethylammonium Lead Bromide,15,"B.Saparov et al., Chem. Rev. 116, 4558 (2016)",229.1015062845328,Pb,Br,1,3,2,1,8,0,0,Ethylammonium,3.7475,7.0512,10.7987,1.9359,-4.2836,0.0956,0.3327,229.1,3.5647,2.9235,3.885,Ethylammonium_Pb_Br,0.9614999999999996
1127,8.559929804,4.39862713409,6.15642652867,82.5056414473,92.7681153766,87.8464974319,Ethylammonium Lead Bromide,15,"B.Saparov et al., Chem. Rev. 116, 4558 (2016)",229.32770661975889,Pb,Br,1,3,2,1,8,0,0,Ethylammonium,3.7376,6.3675,10.1051,1.9333,-4.2854,0.0938,0.3309,229.33,3.5612,3.0253,3.9837,Ethylammonium_Pb_Br,0.9583999999999997
1128,6.19716968493,4.47504913296,8.42488810398,94.3641421327,96.4559845419,94.0288326779,Ethylammonium Lead Bromide,15,"B.Saparov et al., Chem. Rev. 116, 4558 (2016)",230.756003941081,Pb,Br,1,3,2,1,8,0,0,Ethylammonium,3.8423,10.4481,14.2904,1.9602,-4.2864,0.0927,0.3299,230.76,3.5391,2.8517,3.7525,Ethylammonium_Pb_Br,0.9007999999999998
1129,6.74489007309,4.61424323271,7.82801593176,107.255486361,88.6406434066,84.951438369,Ethylammonium Lead Bromide,15,"B.Saparov et al., Chem. Rev. 116, 4558 (2016)",231.4418509905762,Pb,Br,1,3,2,1,8,0,0,Ethylammonium,3.6214,6.8052,10.4265,1.903,-4.2799,0.0992,0.3363,231.44,3.5287,2.9335,3.9125,Ethylammonium_Pb_Br,0.9790000000000001
1130,6.06170509159,4.57169031586,8.29080314623,86.4833090306,85.5724560386,78.2195857605,Ethylammonium Lead Bromide,15,"B.Saparov et al., Chem. Rev. 116, 4558 (2016)",224.00154896443337,Pb,Br,1,3,2,1,8,0,0,Ethylammonium,3.8676,7.5938,11.4614,1.9666,-4.2767,0.1024,0.3396,224.0,3.6459,2.8605,3.855,Ethylammonium_Pb_Br,0.9944999999999999
1131,8.93135092533,4.22764246908,5.82783874042,90.5134966051,89.9871685422,92.1966539927,Ethylammonium Lead Bromide,15,"B.Saparov et al., Chem. Rev. 116, 4558 (2016)",219.88025460475475,Pb,Br,1,3,2,1,8,0,0,Ethylammonium,3.898,8.9528,12.8508,1.9743,-4.2736,0.1055,0.3426,219.88,3.7142,2.8135,3.7646,Ethylammonium_Pb_Br,0.9511000000000003
1132,11.0724999406,4.69500420901,4.52376410007,90.0475433294,89.9758981413,85.2430931118,Ethylammonium Lead Bromide,15,"B.Saparov et al., Chem. Rev. 116, 4558 (2016)",234.35969083531813,Pb,Br,1,3,2,1,8,0,0,Ethylammonium,3.7587,14.8842,18.643,1.9387,-4.2697,0.1094,0.3465,234.36,3.4847,1.6915,2.5996,Ethylammonium_Pb_Br,0.9081000000000001
1133,9.58101350373,4.58081559078,5.66192496969,83.6727808486,99.8653049583,111.032513157,Ethylammonium Lead Bromide,15,"B.Saparov et al., Chem. Rev. 116, 4558 (2016)",228.1893634400238,Pb,Br,1,3,2,1,8,0,0,Ethylammonium,3.6557,5.888,9.5437,1.912,-4.2692,0.11,0.3471,228.19,3.5789,2.6879,3.6859,Ethylammonium_Pb_Br,0.9980000000000002
1134,6.08237538271,6.10473446827,7.2912074242,74.6121502404,85.6798943653,86.5023379609,Propylammonium Lead Bromide,18,"S.Kataoka et al., J. Am. Chem. Soc. 137, 4158 (2015)",260.04798102814385,Pb,Br,1,3,3,1,10,0,0,Propylammonium,3.5665,6.0885,9.655,1.8885,-4.4103,0.0307,0.2283,260.05,3.23,2.6827,3.5594,Propylammonium_Pb_Br,0.8767
1135,6.00424765683,6.06167472555,7.47855291693,101.568628294,80.7647148011,89.5188646808,Propylammonium Lead Bromide,18,"S.Kataoka et al., J. Am. Chem. Soc. 137, 4158 (2015)",262.9700294679242,Pb,Br,1,3,3,1,10,0,0,Propylammonium,3.5487,5.1107,8.6594,1.8838,-4.4152,0.0258,0.2234,262.97,3.1942,2.4784,3.4422,Propylammonium_Pb_Br,0.9638
1136,6.03758933194,6.08682643799,7.42436614572,102.063681636,80.8583571383,90.1970701034,Propylammonium Lead Bromide,18,"S.Kataoka et al., J. Am. Chem. Soc. 137, 4158 (2015)",263.3039779073119,Pb,Br,1,3,3,1,10,0,0,Propylammonium,3.5693,5.493,9.0623,1.8893,-4.4154,0.0256,0.2232,263.3,3.1902,2.4262,3.3984,Propylammonium_Pb_Br,0.9722
1137,6.33708883015,6.16645017912,6.45911571642,97.3321709904,82.0408400889,95.4156126082,Propylammonium Lead Bromide,18,"S.Kataoka et al., J. Am. Chem. Soc. 137, 4158 (2015)",247.1724593520736,Pb,Br,1,3,3,1,10,0,0,Propylammonium,3.9694,11.1731,15.1425,1.9923,-4.415,0.026,0.2237,247.17,3.3984,2.1145,3.144,Propylammonium_Pb_Br,1.0295
1138,6.38671331773,6.39283668529,6.28395069894,78.32290589,89.6065230881,83.9165091619,Propylammonium Lead Bromide,18,"S.Kataoka et al., J. Am. Chem. Soc. 137, 4158 (2015)",249.8158056706109,Pb,Br,1,3,3,1,10,0,0,Propylammonium,3.8989,7.6984,11.5973,1.9746,-4.4144,0.0266,0.2242,249.82,3.3623,2.3124,3.1474,Propylammonium_Pb_Br,0.8350000000000004
1139,8.14070589064,4.46238422846,7.53861008483,75.7241926315,84.7510578539,75.8958452301,Propylammonium Lead Bromide,18,"S.Kataoka et al., J. Am. Chem. Soc. 137, 4158 (2015)",257.2539051239167,Pb,Br,1,3,3,1,10,0,0,Propylammonium,3.406,4.6992,8.1052,1.8455,-4.4091,0.0319,0.2295,257.25,3.2652,3.0107,3.9922,Propylammonium_Pb_Br,0.9815
1140,7.89000076617,4.49895606819,8.40083071705,85.1884948418,113.395240378,102.862005924,Propylammonium Lead Bromide,18,"S.Kataoka et al., J. Am. Chem. Soc. 137, 4158 (2015)",266.8159525649845,Pb,Br,1,3,3,1,10,0,0,Propylammonium,3.2626,4.4071,7.6697,1.8063,-4.3985,0.0425,0.2401,266.82,3.1481,3.0687,4.0678,Propylammonium_Pb_Br,0.9990999999999999
1141,7.39370144211,4.38856002733,10.1036340866,108.022631912,123.897426748,71.4227677305,Propylammonium Lead Bromide,18,"S.Kataoka et al., J. Am. Chem. Soc. 137, 4158 (2015)",254.30021288926488,Pb,Br,1,3,3,1,10,0,0,Propylammonium,3.47,5.5012,8.9712,1.8628,-4.4071,0.0339,0.2316,254.3,3.3031,3.0752,4.0813,Propylammonium_Pb_Br,1.0060999999999996
1142,11.4142956701,4.40323759419,6.2336915553,94.8611344728,58.9007670445,108.793977897,Propylammonium Lead Bromide,18,"S.Kataoka et al., J. Am. Chem. Soc. 137, 4158 (2015)",252.6787921912012,Pb,Br,1,3,3,1,10,0,0,Propylammonium,3.5902,6.3098,9.9,1.8948,-4.4169,0.0241,0.2217,252.68,3.3243,3.061,4.023,Propylammonium_Pb_Br,0.9619999999999997
1143,8.06032400091,4.57779315122,8.45653505038,95.717406424,116.652636843,71.3800125042,Propylammonium Lead Bromide,18,"S.Kataoka et al., J. Am. Chem. Soc. 137, 4158 (2015)",263.9297865177577,Pb,Br,1,3,3,1,10,0,0,Propylammonium,3.3045,5.5522,8.8567,1.8178,-4.3986,0.0424,0.24,263.93,3.1826,3.01,4.0169,Propylammonium_Pb_Br,1.0069
1144,6.01930138673,6.0263480973,9.79820427976,61.7459980655,123.408505283,95.5392205008,Propylammonium Lead Bromide,18,"S.Kataoka et al., J. Am. Chem. Soc. 137, 4158 (2015)",254.7540182884276,Pb,Br,1,3,3,1,10,0,0,Propylammonium,3.6819,5.6291,9.311,1.9188,-4.4101,0.0309,0.2285,254.75,3.2972,2.4687,3.3254,Propylammonium_Pb_Br,0.8567
1145,7.68557205813,6.17538296624,6.24988513921,84.8637007127,101.57248724,105.450518312,Butylammonium Lead Bromide,21,"H. Hu et al., Sci. Rep. 6, 33546 (2016)",279.89152388988674,Pb,Br,1,3,4,1,12,0,0,Butylammonium,3.5391,7.3732,10.9123,1.8813,-4.5054,-0.0201,0.1492,279.89,3.0843,2.4637,3.3912,Butylammonium_Pb_Br,0.9275000000000002
1146,6.24837829009,6.15305875408,7.72298462155,74.5814777462,78.1029263392,84.4618787386,Butylammonium Lead Bromide,21,"H. Hu et al., Sci. Rep. 6, 33546 (2016)",279.8141193458444,Pb,Br,1,3,4,1,12,0,0,Butylammonium,3.5241,6.1303,9.6544,1.8773,-4.5054,-0.0202,0.1492,279.81,3.0852,2.4083,3.4214,Butylammonium_Pb_Br,1.0131000000000001
1147,6.33335867059,7.36542260433,6.25419002249,81.6567682642,94.2908084391,109.430885856,Butylammonium Lead Bromide,21,"H. Hu et al., Sci. Rep. 6, 33546 (2016)",272.10584316119554,Pb,Br,1,3,4,1,12,0,0,Butylammonium,3.7091,9.4268,13.136,1.9259,-4.5035,-0.0183,0.1511,272.11,3.1725,2.6278,3.4906,Butylammonium_Pb_Br,0.8628
1148,6.24814450336,6.12206433182,7.77395315165,74.4743047753,78.1961161077,84.3977688839,Butylammonium Lead Bromide,21,"H. Hu et al., Sci. Rep. 6, 33546 (2016)",280.1663648212317,Pb,Br,1,3,4,1,12,0,0,Butylammonium,3.4874,5.2661,8.7534,1.8675,-4.5053,-0.02,0.1493,280.17,3.0812,2.4819,3.4833,Butylammonium_Pb_Br,1.0013999999999998
1149,6.51962275339,6.2388042944,6.24249190531,82.0014331562,84.0611847502,90.9079047896,Isopropylammonium Lead Bromide,18,"C.C.Stoumpos et al., J. Am. Chem. Soc. 137, 6804 (2015)",249.9736022727052,Pb,Br,1,3,3,1,10,0,0,Isopropylammonium,3.9034,8.8294,12.7328,1.9757,-4.4187,0.0283,0.2259,249.97,3.3603,2.4719,3.5293,Isopropylammonium_Pb_Br,1.0574
1150,6.14260815721,6.34851680146,6.44957473112,87.5241204546,94.3336161807,81.239562722,Isopropylammonium Lead Bromide,18,"C.C.Stoumpos et al., J. Am. Chem. Soc. 137, 6804 (2015)",247.48345959674344,Pb,Br,1,3,3,1,10,0,0,Isopropylammonium,3.9705,8.0889,12.0594,1.9926,-4.4195,0.0276,0.2252,247.48,3.3941,2.2971,3.183,Isopropylammonium_Pb_Br,0.8858999999999999
1151,6.44861878512,6.28774521285,6.23432651892,80.0780526248,84.9656469139,91.7576793555,Isopropylammonium Lead Bromide,18,"C.C.Stoumpos et al., J. Am. Chem. Soc. 137, 6804 (2015)",247.7732785602203,Pb,Br,1,3,3,1,10,0,0,Isopropylammonium,3.9488,7.9685,11.9173,1.9872,-4.4197,0.0273,0.2249,247.77,3.3901,2.3871,3.2861,Isopropylammonium_Pb_Br,0.8989999999999996
1152,6.24332152681,6.08999487661,6.56709858212,94.5756990606,91.8951183641,84.0100242905,Isopropylammonium Lead Bromide,18,"C.C.Stoumpos et al., J. Am. Chem. Soc. 137, 6804 (2015)",247.46100400260315,Pb,Br,1,3,3,1,10,0,0,Isopropylammonium,3.9603,9.8165,13.7768,1.9901,-4.416,0.031,0.2286,247.46,3.3944,2.4579,3.4613,Isopropylammonium_Pb_Br,1.0034
1153,8.27200857622,4.71029747619,7.27271258046,109.546910975,79.2355692113,104.315613959,Isopropylammonium Lead Bromide,18,"C.C.Stoumpos et al., J. Am. Chem. Soc. 137, 6804 (2015)",257.062741537968,Pb,Br,1,3,3,1,10,0,0,Isopropylammonium,3.4293,8.1146,11.5439,1.8518,-4.4123,0.0347,0.2323,257.06,3.2676,2.8854,3.8618,Isopropylammonium_Pb_Br,0.9763999999999999
1154,7.35189943226,4.69250619938,8.16308892746,104.35408063,90.8100723065,108.330768264,Isopropylammonium Lead Bromide,18,"C.C.Stoumpos et al., J. Am. Chem. Soc. 137, 6804 (2015)",257.6792391241153,Pb,Br,1,3,3,1,10,0,0,Isopropylammonium,3.4133,7.3105,10.7238,1.8475,-4.4125,0.0345,0.2321,257.68,3.2598,2.9311,3.9202,Isopropylammonium_Pb_Br,0.9891000000000001
1155,7.76568716126,4.46112704475,7.80165498627,76.3744758944,78.8261535302,90.3116594075,Isopropylammonium Lead Bromide,18,"C.C.Stoumpos et al., J. Am. Chem. Soc. 137, 6804 (2015)",257.3221333655316,Pb,Br,1,3,3,1,10,0,0,Isopropylammonium,3.3709,4.0985,7.4694,1.836,-4.4107,0.0363,0.2339,257.32,3.2643,3.1531,4.1434,Isopropylammonium_Pb_Br,0.9903
1156,6.2592063061,4.47953103491,9.06040248891,84.1913819735,85.5157762953,95.545257518,Isopropylammonium Lead Bromide,18,"C.C.Stoumpos et al., J. Am. Chem. Soc. 137, 6804 (2015)",250.5567309614797,Pb,Br,1,3,3,1,10,0,0,Isopropylammonium,3.6319,7.0841,10.716,1.9058,-4.4097,0.0373,0.2349,250.56,3.3524,2.997,4.1353,Isopropylammonium_Pb_Br,1.1383
1157,6.34504758908,6.10796693209,6.08279126888,87.5431703194,94.6283675582,95.9263394554,Dimethylammonium Lead Bromide,15,"B.Saparov et al., Chem. Rev. 116, 4558 (2016)",233.57425090232556,Pb,Br,1,3,2,1,8,0,0,Dimethylammonium,4.1865,28.7479,32.9344,2.0461,-4.2648,0.0922,0.3293,233.57,3.4965,2.1394,3.0243,Dimethylammonium_Pb_Br,0.8849
1158,6.1848647628,6.1963366525,6.17195028738,85.7965929638,99.2879607713,97.6953974622,Dimethylammonium Lead Bromide,15,"B.Saparov et al., Chem. Rev. 116, 4558 (2016)",231.0042195901734,Pb,Br,1,3,2,1,8,0,0,Dimethylammonium,4.1999,19.2473,23.4471,2.0494,-4.269,0.088,0.3251,231.0,3.5354,2.0214,2.9199,Dimethylammonium_Pb_Br,0.8985000000000003
1159,6.18738459841,6.19861040994,6.15678717948,81.8387008811,98.878485861,94.7591346059,Dimethylammonium Lead Bromide,15,"B.Saparov et al., Chem. Rev. 116, 4558 (2016)",230.4897489146228,Pb,Br,1,3,2,1,8,0,0,Dimethylammonium,4.241,29.9149,34.1559,2.0594,-4.2689,0.088,0.3252,230.49,3.5432,2.0009,2.8697,Dimethylammonium_Pb_Br,0.8687999999999998
1160,6.20758257731,6.1624823518,6.17974450806,87.2695002632,84.3039967557,79.4772180215,Dimethylammonium Lead Bromide,15,"B.Saparov et al., Chem. Rev. 116, 4558 (2016)",231.17212241260157,Pb,Br,1,3,2,1,8,0,0,Dimethylammonium,4.1622,15.4394,19.6016,2.0401,-4.2687,0.0883,0.3254,231.17,3.5328,2.1149,2.9779,Dimethylammonium_Pb_Br,0.863
1161,6.12596499897,4.42719666114,8.55384729791,88.12567853,83.1670366368,82.5713530005,Dimethylammonium Lead Bromide,15,"B.Saparov et al., Chem. Rev. 116, 4558 (2016)",228.37117988703687,Pb,Br,1,3,2,1,8,0,0,Dimethylammonium,3.7969,7.636,11.4329,1.9486,-4.2645,0.0925,0.3296,228.37,3.5761,2.9849,3.982,Dimethylammonium_Pb_Br,0.9971000000000001
1162,7.97160052104,4.4773079998,7.06809182359,104.553155078,94.8957134278,102.833335542,Dimethylammonium Lead Bromide,15,"B.Saparov et al., Chem. Rev. 116, 4558 (2016)",235.39784726270352,Pb,Br,1,3,2,1,8,0,0,Dimethylammonium,3.5328,5.7241,9.2569,1.8796,-4.2547,0.1022,0.3394,235.4,3.4693,2.9811,3.9937,Dimethylammonium_Pb_Br,1.0126
1163,6.06197787166,4.42768817521,8.37292454601,82.1520853674,86.7747436966,85.3623373888,Dimethylammonium Lead Bromide,15,"B.Saparov et al., Chem. Rev. 116, 4558 (2016)",221.66727884976805,Pb,Br,1,3,2,1,8,0,0,Dimethylammonium,3.9414,9.513,13.4543,1.9853,-4.2642,0.0927,0.3299,221.67,3.6842,2.8973,3.9601,Dimethylammonium_Pb_Br,1.0628000000000002
1164,6.28018816868,6.20560689812,6.20149950401,88.5191257861,98.8579562099,81.9411061022,Acetamidinium Lead Bromide,15,"C.C.Stoumpos et al., J. Am. Chem. Soc. 137, 6804 (2015)",236.1682529112059,Pb,Br,1,3,2,2,7,0,0,Acetamidinium,4.2243,18.6278,22.8521,2.0553,-4.576,0.2071,0.4442,236.17,3.5494,1.8768,2.8325,Acetamidinium_Pb_Br,0.9557
1165,6.28368384221,6.21977773602,6.22238492471,91.0594187445,98.8719560717,98.8338051682,Acetamidinium Lead Bromide,15,"C.C.Stoumpos et al., J. Am. Chem. Soc. 137, 6804 (2015)",237.2086985507565,Pb,Br,1,3,2,2,7,0,0,Acetamidinium,4.2007,16.3654,20.5661,2.0496,-4.5754,0.2076,0.4447,237.21,3.5339,1.9555,2.8888,Acetamidinium_Pb_Br,0.9332999999999998
1166,6.2274550409,6.17953903242,6.25091988411,84.4947909365,100.630766402,89.1956622912,Acetamidinium Lead Bromide,15,"C.C.Stoumpos et al., J. Am. Chem. Soc. 137, 6804 (2015)",235.20979191755185,Pb,Br,1,3,2,2,7,0,0,Acetamidinium,4.2367,19.9258,24.1625,2.0583,-4.5746,0.2085,0.4456,235.21,3.5639,1.915,2.8937,Acetamidinium_Pb_Br,0.9786999999999999
1167,6.24876261468,4.31693292241,8.6460989996,89.9897245648,95.2578241869,101.983823401,Acetamidinium Lead Bromide,15,"C.C.Stoumpos et al., J. Am. Chem. Soc. 137, 6804 (2015)",227.1472450542328,Pb,Br,1,3,2,2,7,0,0,Acetamidinium,3.8549,5.9166,9.7715,1.9634,-4.5761,0.2069,0.444,227.15,3.6904,2.9878,4.0198,Acetamidinium_Pb_Br,1.032
1168,6.15256494318,4.37704103363,9.26525911612,109.178799424,82.2138734496,92.3630492243,Acetamidinium Lead Bromide,15,"C.C.Stoumpos et al., J. Am. Chem. Soc. 137, 6804 (2015)",233.4910835046831,Pb,Br,1,3,2,2,7,0,0,Acetamidinium,3.816,7.4373,11.2533,1.9535,-4.5733,0.2097,0.4469,233.49,3.5902,3.0409,4.0373,Acetamidinium_Pb_Br,0.9964
1169,8.68430919801,4.0199882039,6.71045402499,87.9233305051,88.0942777723,88.5289246928,Acetamidinium Lead Bromide,15,"C.C.Stoumpos et al., J. Am. Chem. Soc. 137, 6804 (2015)",233.91389148415217,Pb,Br,1,3,2,2,7,0,0,Acetamidinium,3.6804,10.3136,13.994,1.9184,-4.5627,0.2203,0.4575,233.91,3.5837,2.9395,3.9205,Acetamidinium_Pb_Br,0.9810000000000003
1170,6.07199496418,5.97168314379,6.09937476685,89.9990126475,91.5356890259,89.9084086044,Methylammonium Lead Bromide,12,"T.D.Huan et al., Phys. Rev. B 93,094105(2016)",221.0837927456373,Pb,Br,1,3,1,1,6,0,0,Methylammonium,4.1353,9.4254,13.5607,2.0335,-4.0787,0.2003,0.4967,221.08,3.5887,2.0862,2.9543,Methylammonium_Pb_Br,0.8681000000000001
1171,6.05015108181,6.03480245442,6.10254273474,86.9573524446,85.9140599613,92.9568487986,Methylammonium Lead Bromide,12,"T.D.Huan et al., Phys. Rev. B 93,094105(2016)",221.5900393611016,Pb,Br,1,3,1,1,6,0,0,Methylammonium,4.1561,12.4938,16.65,2.0387,-4.0784,0.2005,0.4969,221.59,3.5804,2.0712,2.8957,Methylammonium_Pb_Br,0.8245
1172,6.19125513704,4.44576368286,7.86935631454,100.841861887,82.7777024972,94.1039843688,Methylammonium Lead Bromide,12,"T.D.Huan et al., Phys. Rev. B 93,094105(2016)",210.79329568052748,Pb,Br,1,3,1,1,6,0,0,Methylammonium,3.9412,15.1132,19.0544,1.9852,-4.0771,0.2019,0.4983,210.79,3.7639,2.6947,3.6199,Methylammonium_Pb_Br,0.9251999999999998
1173,5.99603146751,4.33794258061,9.19242200995,117.952746044,84.0116229772,93.8000807005,Methylammonium Lead Bromide,12,"T.D.Huan et al., Phys. Rev. B 93,094105(2016)",210.0107404135973,Pb,Br,1,3,1,1,6,0,0,Methylammonium,3.978,8.6556,12.6335,1.9945,-4.0757,0.2032,0.4996,210.01,3.7779,2.799,3.7363,Methylammonium_Pb_Br,0.9373
1174,7.66628655356,4.63894426664,7.6367089111,52.5588718232,99.3213731822,105.396110489,Methylammonium Lead Bromide,12,"T.D.Huan et al., Phys. Rev. B 93,094105(2016)",207.89648948440075,Pb,Br,1,3,1,1,6,0,0,Methylammonium,4.0664,10.4003,14.4667,2.0165,-4.0771,0.2019,0.4983,207.9,3.8162,2.6459,3.5767,Methylammonium_Pb_Br,0.9308000000000001
1175,6.15374911081,6.15009362486,6.14848862362,96.937383785,96.0834158669,95.8831683364,Guanidinium Lead Bromide,14,"B.Saparov et al., Chem. Rev. 116, 4558 (2016)",228.11971460971665,Pb,Br,1,3,1,3,6,0,0,Guanidinium,4.3547,18.9528,23.3075,2.0868,-4.6117,0.4019,0.656,228.12,3.6819,1.9713,2.8637,Guanidinium_Pb_Br,0.8924000000000001
1176,6.10595285505,6.10798431848,6.12383151016,87.1667485088,93.7476872721,85.1398910962,Guanidinium Lead Bromide,14,"B.Saparov et al., Chem. Rev. 116, 4558 (2016)",226.7336067802125,Pb,Br,1,3,1,3,6,0,0,Guanidinium,4.3688,26.1984,30.5672,2.0902,-4.6089,0.4047,0.6588,226.73,3.7044,1.913,2.8001,Guanidinium_Pb_Br,0.8871
1177,9.45294294685,4.2590434168,6.22687355262,76.8361112654,96.5033541544,116.768598207,Guanidinium Lead Bromide,14,"B.Saparov et al., Chem. Rev. 116, 4558 (2016)",217.9323520515593,Pb,Br,1,3,1,3,6,0,0,Guanidinium,3.9655,7.2381,11.2036,1.9914,-4.6137,0.3999,0.654,217.93,3.854,2.787,3.7356,Guanidinium_Pb_Br,0.9485999999999999
1178,5.7137195249,6.18457692566,5.93773319812,97.8137844027,76.035539731,80.3600826944,Hydroxylammonium Lead Bromide,10,"G.Kieslich et al., Chem. Sci. 6, 3430 (2015)",197.30477406619875,Pb,Br,1,3,0,1,4,0,1,Hydroxylammonium,4.203,10.6383,14.8413,2.0501,-3.7775,0.4197,0.7754,197.3,4.0378,2.8341,3.8385,Hydroxylammonium_Pb_Br,1.0044
1179,6.05551783757,4.45904226711,7.49470969338,107.055206697,86.2307909765,92.0735415031,Hydroxylammonium Lead Bromide,10,"G.Kieslich et al., Chem. Sci. 6, 3430 (2015)",193.0221960178951,Pb,Br,1,3,0,1,4,0,1,Hydroxylammonium,4.2582,10.5988,14.857,2.0635,-3.7958,0.4015,0.7571,193.02,4.1274,2.6149,3.5014,Hydroxylammonium_Pb_Br,0.8864999999999998
1180,7.48849939936,4.49370512506,6.03214872213,90.3583941004,93.4363621624,72.2431407892,Hydroxylammonium Lead Bromide,10,"G.Kieslich et al., Chem. Sci. 6, 3430 (2015)",192.95494713868823,Pb,Br,1,3,0,1,4,0,1,Hydroxylammonium,4.2456,9.4072,13.6528,2.0605,-3.7947,0.4025,0.7582,192.95,4.1289,2.6493,3.5536,Hydroxylammonium_Pb_Br,0.9042999999999997
1181,6.03858534068,4.38093207271,7.53561587255,106.045233955,84.8320814769,94.4938417013,Hydroxylammonium Lead Bromide,10,"G.Kieslich et al., Chem. Sci. 6, 3430 (2015)",190.5093389252292,Pb,Br,1,3,0,1,4,0,1,Hydroxylammonium,4.2585,13.524,17.7824,2.0636,-3.7865,0.4108,0.7665,190.51,4.1817,2.608,3.5121,Hydroxylammonium_Pb_Br,0.9041000000000001
1182,7.64144353301,4.39294010781,6.03706528333,86.4214451098,75.650336869,74.6277786366,Hydroxylammonium Lead Bromide,10,"G.Kieslich et al., Chem. Sci. 6, 3430 (2015)",189.3069408227337,Pb,Br,1,3,0,1,4,0,1,Hydroxylammonium,4.212,9.2371,13.4491,2.0523,-3.7843,0.413,0.7687,189.31,4.2082,2.9224,3.9514,Hydroxylammonium_Pb_Br,1.029
1183,6.0068611804,4.50999617423,7.27969948477,106.528120796,87.4635120494,89.5673117722,Hydroxylammonium Lead Bromide,10,"G.Kieslich et al., Chem. Sci. 6, 3430 (2015)",188.8379226523467,Pb,Br,1,3,0,1,4,0,1,Hydroxylammonium,4.1751,8.6094,12.7846,2.0433,-3.7858,0.4114,0.7671,188.84,4.2187,2.9251,3.9499,Hydroxylammonium_Pb_Br,1.0248
1184,7.71810576227,4.38198742686,5.95443441069,89.8506289696,90.7616031469,72.900874066,Hydroxylammonium Lead Bromide,10,"G.Kieslich et al., Chem. Sci. 6, 3430 (2015)",192.4596971540013,Pb,Br,1,3,0,1,4,0,1,Hydroxylammonium,4.2518,15.775,20.0267,2.062,-3.7867,0.4106,0.7663,192.46,4.1394,2.7752,3.6874,Hydroxylammonium_Pb_Br,0.9121999999999999
1185,6.09579605441,6.08708873763,6.03117587908,82.3834929335,84.5193289387,86.4822713335,Formamidinium Lead Bromide,12,"T.D.Huan et al., Phys. Rev. B 93,094105(2016)",220.5331366722286,Pb,Br,1,3,1,2,5,0,0,Formamidinium,4.3205,13.7301,18.0506,2.0786,-4.4256,-0.0542,0.2422,220.53,3.6955,1.9223,2.7839,Formamidinium_Pb_Br,0.8616000000000001
1186,6.03943978699,6.09256624273,6.08020888342,88.4356906542,99.1975886517,93.1947769179,Formamidinium Lead Bromide,12,"T.D.Huan et al., Phys. Rev. B 93,094105(2016)",220.4673990933943,Pb,Br,1,3,1,2,5,0,0,Formamidinium,4.3123,12.7602,17.0725,2.0766,-4.4251,-0.0537,0.2427,220.47,3.6965,2.0273,2.8978,Formamidinium_Pb_Br,0.8705000000000003
1187,5.96272332676,6.35327929708,5.99595759714,101.111414655,98.1864658242,74.6491242788,Formamidinium Lead Bromide,12,"T.D.Huan et al., Phys. Rev. B 93,094105(2016)",213.92948578620795,Pb,Br,1,3,1,2,5,0,0,Formamidinium,3.9545,5.7632,9.7176,1.9886,-4.2757,0.0957,0.3922,213.93,3.8095,2.7211,3.8563,Formamidinium_Pb_Br,1.1352000000000002
1188,6.42582271915,6.42141612768,6.38913944918,90.0900815278,90.5915491949,89.7939212151,Tetramethylammonium Lead Bromide,21,"B.Saparov et al., Chem. Rev. 116, 4558 (2016)",263.6182381537759,Pb,Br,1,3,4,1,12,0,0,Tetramethylammonium,3.9378,9.7114,13.6492,1.9844,-4.4821,-0.0039,0.144,263.62,3.2747,2.2969,3.186,Tetramethylammonium_Pb_Br,0.8891
1189,6.37417917571,6.46427811885,6.41975550239,90.052842587,89.4834379843,90.1123813786,Tetramethylammonium Lead Bromide,21,"B.Saparov et al., Chem. Rev. 116, 4558 (2016)",264.5112359939907,Pb,Br,1,3,4,1,12,0,0,Tetramethylammonium,3.8978,8.0873,11.9851,1.9743,-4.4822,-0.0041,0.1439,264.51,3.2636,2.2759,3.232,Tetramethylammonium_Pb_Br,0.9561000000000002
1190,6.95532160721,4.99701891138,8.0336165032,91.2723891876,89.9414925504,85.3439051753,Tetramethylammonium Lead Bromide,21,"B.Saparov et al., Chem. Rev. 116, 4558 (2016)",278.2241793353877,Pb,Br,1,3,4,1,12,0,0,Tetramethylammonium,3.3538,4.4727,7.8265,1.8313,-4.4731,0.0051,0.153,278.22,3.1028,2.866,3.8502,Tetramethylammonium_Pb_Br,0.9842
1191,6.09924246372,5.87109244148,6.0145966789,94.3173099803,87.0883955272,88.8356620347,Hydrazinium Lead Bromide,11,"B.Saparov et al., Chem. Rev. 116, 4558 (2016)",214.42655529327527,Pb,Br,1,3,0,2,5,0,0,Hydrazinium,4.1464,9.2183,13.3646,2.0363,-3.951,0.4712,0.7945,214.43,3.7076,2.3859,3.1859,Hydrazinium_Pb_Br,0.8000000000000003
1192,4.19709148525,6.22042313248,7.90003432847,93.3859131538,107.482795459,90.2588584498,Hydrazinium Lead Bromide,11,"B.Saparov et al., Chem. Rev. 116, 4558 (2016)",196.32718260719105,Pb,Br,1,3,0,2,5,0,0,Hydrazinium,4.2282,9.9298,14.158,2.0563,-3.9737,0.4486,0.7719,196.33,4.0494,2.4495,3.3594,Hydrazinium_Pb_Br,0.9098999999999999
1193,8.50471115565,5.8877112379,6.02091468116,108.015623182,46.5328815121,116.233543146,Hydrazinium Lead Bromide,11,"B.Saparov et al., Chem. Rev. 116, 4558 (2016)",196.26626981471532,Pb,Br,1,3,0,2,5,0,0,Hydrazinium,4.3207,13.3878,17.7084,2.0786,-3.9539,0.4683,0.7917,196.27,4.0507,2.7589,3.7784,Hydrazinium_Pb_Br,1.0194999999999999
1194,4.08474205877,6.29022629434,8.31796290619,83.3563295928,106.571082711,113.660808626,Hydrazinium Lead Bromide,11,"B.Saparov et al., Chem. Rev. 116, 4558 (2016)",187.6247868108372,Pb,Br,1,3,0,2,5,0,0,Hydrazinium,4.3523,12.0941,16.4464,2.0862,-3.9721,0.4501,0.7735,187.62,4.2374,2.7949,3.7302,Hydrazinium_Pb_Br,0.9352999999999998
1195,7.74689850646,5.86382391535,4.62645061697,90.1658850046,107.142346339,75.8479226482,Hydrazinium Lead Bromide,11,"B.Saparov et al., Chem. Rev. 116, 4558 (2016)",194.18840604755044,Pb,Br,1,3,0,2,5,0,0,Hydrazinium,4.1463,8.5918,12.7381,2.0363,-3.9657,0.4565,0.7799,194.19,4.0941,2.933,4.0317,Hydrazinium_Pb_Br,1.0987
1196,8.11419608966,4.10695226846,5.9789520951,89.3884096515,89.7742498205,76.97825757,Hydrazinium Lead Bromide,11,"B.Saparov et al., Chem. Rev. 116, 4558 (2016)",194.11129117175776,Pb,Br,1,3,0,2,5,0,0,Hydrazinium,4.2504,7.9521,12.2026,2.0617,-3.9754,0.4469,0.7702,194.11,4.0958,2.6163,3.432,Hydrazinium_Pb_Br,0.8157000000000001
1197,6.20802238602,4.19802818653,7.84715926725,103.834725616,87.4850477276,83.3608279239,Hydrazinium Lead Bromide,11,"B.Saparov et al., Chem. Rev. 116, 4558 (2016)",196.70068039270615,Pb,Br,1,3,0,2,5,0,0,Hydrazinium,4.2319,13.3323,17.5643,2.0572,-3.9753,0.4469,0.7703,196.7,4.0418,2.4566,3.3201,Hydrazinium_Pb_Br,0.8635000000000002
1198,7.91879714509,4.19961132421,6.22853742525,91.1692560228,95.1641608605,72.041356603,Hydrazinium Lead Bromide,11,"B.Saparov et al., Chem. Rev. 116, 4558 (2016)",196.23793160612132,Pb,Br,1,3,0,2,5,0,0,Hydrazinium,4.2395,12.7244,16.9639,2.059,-3.9754,0.4468,0.7702,196.24,4.0513,2.4394,3.3254,Hydrazinium_Pb_Br,0.8860000000000001
1199,5.99171443982,5.99442590004,6.00422920019,83.4166885442,83.7822071719,83.7177914005,Ammonium Lead Bromide,9,"T.D.Huan et al., Phys. Rev. B 93,094105(2016)",211.9410273014536,Pb,Br,1,3,0,1,4,0,0,Ammonium,3.9671,10.1026,14.0696,1.9918,-3.7407,0.425,0.8203,211.94,3.6335,2.378,3.2364,Ammonium_Pb_Br,0.8584
1200,7.52500076829,6.2314861878,4.40598990334,108.275667813,105.948070544,75.5823430084,Ammonium Lead Bromide,9,"T.D.Huan et al., Phys. Rev. B 93,094105(2016)",185.6091422848324,Pb,Br,1,3,0,1,4,0,0,Ammonium,4.1087,10.1867,14.2955,2.027,-3.7446,0.4211,0.8164,185.61,4.149,2.8513,4.0176,Ammonium_Pb_Br,1.1662999999999997
1201,4.40254936593,6.24674466809,7.54508380299,75.2488221687,74.0591976723,71.7724600381,Ammonium Lead Bromide,9,"T.D.Huan et al., Phys. Rev. B 93,094105(2016)",186.24922836378437,Pb,Br,1,3,0,1,4,0,0,Ammonium,4.0878,9.5469,13.6347,2.0218,-3.7448,0.421,0.8162,186.25,4.1347,3.0347,4.0772,Ammonium_Pb_Br,1.0425000000000004
1202,6.18781083845,6.31593421381,6.43362422487,87.470691037,88.7705616578,97.9662499129,Trimethylammonium Lead Bromide,18,"A. Mancini et al., J. Solid State Chem. 240, 55 (2016)",248.67204001754004,Pb,Br,1,3,3,1,10,0,0,Trimethylammonium,4.0166,13.5936,17.6103,2.0042,-4.3943,0.0192,0.2168,248.67,3.3779,2.0668,2.9874,Trimethylammonium_Pb_Br,0.9205999999999999
1203,6.15075874638,6.30149190286,6.49797067996,90.0009896246,90.3427835478,98.8880672591,Trimethylammonium Lead Bromide,18,"A. Mancini et al., J. Solid State Chem. 240, 55 (2016)",248.82574318955443,Pb,Br,1,3,3,1,10,0,0,Trimethylammonium,3.9876,11.772,15.7596,1.9969,-4.3943,0.0192,0.2168,248.83,3.3757,2.0366,2.9537,Trimethylammonium_Pb_Br,0.9171
1204,6.2350143552,6.25432158162,6.37437582597,95.0481708421,87.2143609503,84.4924394283,Trimethylammonium Lead Bromide,18,"A. Mancini et al., J. Solid State Chem. 240, 55 (2016)",246.0582702520897,Pb,Br,1,3,3,1,10,0,0,Trimethylammonium,4.0927,25.38,29.4726,2.023,-4.3935,0.02,0.2176,246.06,3.4137,2.2716,3.2041,Trimethylammonium_Pb_Br,0.9325000000000001
1205,6.32637334305,6.26702048105,6.258288409,94.9508334269,93.7812018577,95.0615793267,Trimethylammonium Lead Bromide,18,"A. Mancini et al., J. Solid State Chem. 240, 55 (2016)",245.5584598401788,Pb,Br,1,3,3,1,10,0,0,Trimethylammonium,4.0963,20.3801,24.4764,2.0239,-4.3934,0.0202,0.2178,245.56,3.4206,2.4214,3.3189,Trimethylammonium_Pb_Br,0.8975
1206,6.28299112547,6.37962376647,6.49081913833,79.891286282,86.4047572622,93.8488207915,Trimethylammonium Lead Bromide,18,"A. Mancini et al., J. Solid State Chem. 240, 55 (2016)",254.81992347846528,Pb,Br,1,3,3,1,10,0,0,Trimethylammonium,3.7866,13.0893,16.8759,1.9459,-4.3894,0.0241,0.2217,254.82,3.2963,2.5655,3.5612,Trimethylammonium_Pb_Br,0.9956999999999998
1207,6.17531402324,6.43616830675,6.32824355645,91.5519451109,81.1702449653,89.0720542215,Trimethylammonium Lead Bromide,18,"A. Mancini et al., J. Solid State Chem. 240, 55 (2016)",248.3936176886542,Pb,Br,1,3,3,1,10,0,0,Trimethylammonium,4.0071,17.0148,21.0219,2.0018,-4.3941,0.0194,0.217,248.39,3.3817,2.0933,2.961,Trimethylammonium_Pb_Br,0.8676999999999997
1208,4.63202654777,7.96461721214,7.43386593264,102.980141634,74.8251545592,87.8992667133,Trimethylammonium Lead Bromide,18,"A. Mancini et al., J. Solid State Chem. 240, 55 (2016)",256.59451181136825,Pb,Br,1,3,3,1,10,0,0,Trimethylammonium,3.4307,4.7575,8.1882,1.8522,-4.3779,0.0357,0.2333,256.59,3.2736,2.7809,3.7321,Trimethylammonium_Pb_Br,0.9512
1209,6.04245990791,4.66610413978,9.08289376406,94.0098303253,85.0006881511,84.8196967464,Trimethylammonium Lead Bromide,18,"A. Mancini et al., J. Solid State Chem. 240, 55 (2016)",253.29133418463448,Pb,Br,1,3,3,1,10,0,0,Trimethylammonium,3.7338,11.3836,15.1174,1.9323,-4.3876,0.0259,0.2235,253.29,3.3163,2.7052,3.6215,Trimethylammonium_Pb_Br,0.9163000000000001
1210,6.63773172982,4.71528295126,8.21294256302,90.5012535393,94.2141696272,74.7355662095,Trimethylammonium Lead Bromide,18,"A. Mancini et al., J. Solid State Chem. 240, 55 (2016)",247.3009919860698,Pb,Br,1,3,3,1,10,0,0,Trimethylammonium,3.5694,6.3687,9.9381,1.8893,-4.3835,0.03,0.2276,247.3,3.3966,2.9726,4.0025,Trimethylammonium_Pb_Br,1.0299000000000005
1211,6.27815178609,6.12195586779,6.19986729521,89.9809484068,89.5210197446,89.1904257923,Azetidinium Lead Bromide,16,"B. Zhou et al., Angew. Chem. Int. Ed. 50, 11441 (2011)",238.25710428535075,Pb,Br,1,3,3,1,8,0,0,Azetidinium,4.2614,23.361,27.6224,2.0643,-4.4568,0.0546,0.2769,238.26,3.5114,1.9129,2.8647,Azetidinium_Pb_Br,0.9518
1212,6.20215063122,6.22583651367,6.13354619777,93.163381764,90.0363581492,94.1454974532,Azetidinium Lead Bromide,16,"B. Zhou et al., Angew. Chem. Int. Ed. 50, 11441 (2011)",235.85602687144984,Pb,Br,1,3,3,1,8,0,0,Azetidinium,4.3169,29.2146,33.5315,2.0777,-4.4556,0.0558,0.2781,235.86,3.5471,1.8915,2.7635,Azetidinium_Pb_Br,0.8720000000000001
1213,6.19090225087,6.16001072355,6.21213475003,87.1206812908,83.77561629,93.1461140223,Azetidinium Lead Bromide,16,"B. Zhou et al., Angew. Chem. Int. Ed. 50, 11441 (2011)",234.77759744638024,Pb,Br,1,3,3,1,8,0,0,Azetidinium,4.3032,26.8709,31.174,2.0744,-4.4527,0.0587,0.281,234.78,3.5634,1.8617,2.7591,Azetidinium_Pb_Br,0.8974000000000002
1214,8.49641139657,6.16919554384,4.69499231441,90.3167381306,83.8442161884,89.8613857893,Azetidinium Lead Bromide,16,"B. Zhou et al., Angew. Chem. Int. Ed. 50, 11441 (2011)",244.66899716717103,Pb,Br,1,3,3,1,8,0,0,Azetidinium,3.8259,16.5816,20.4076,1.956,-4.4472,0.0642,0.2865,244.67,3.4194,2.1195,3.4193,Azetidinium_Pb_Br,1.2997999999999998
1215,8.39973604994,6.12422699005,4.68762977558,93.4943129649,84.4168896736,86.5278481039,Azetidinium Lead Bromide,16,"B. Zhou et al., Angew. Chem. Int. Ed. 50, 11441 (2011)",239.01318328720828,Pb,Br,1,3,3,1,8,0,0,Azetidinium,3.8637,11.4133,15.277,1.9656,-4.4487,0.0627,0.285,239.01,3.5004,2.2172,3.4696,Azetidinium_Pb_Br,1.2523999999999997
1216,8.38421776361,6.14472880617,4.67897242002,88.9809345253,97.5342615547,86.1669549887,Azetidinium Lead Bromide,16,"B. Zhou et al., Angew. Chem. Int. Ed. 50, 11441 (2011)",238.35319478653156,Pb,Br,1,3,3,1,8,0,0,Azetidinium,3.8709,14.7544,18.6252,1.9674,-4.4495,0.0619,0.2842,238.35,3.5101,2.3528,3.5768,Azetidinium_Pb_Br,1.2240000000000002
1217,6.07420822444,4.39659900595,8.81512393765,86.2196047822,91.0140017957,92.9238485614,Azetidinium Lead Bromide,16,"B. Zhou et al., Angew. Chem. Int. Ed. 50, 11441 (2011)",234.5731400278633,Pb,Br,1,3,3,1,8,0,0,Azetidinium,3.856,7.1807,11.0367,1.9637,-4.4466,0.0648,0.2871,234.57,3.5666,3.1039,4.0273,Azetidinium_Pb_Br,0.9234000000000004
1218,8.95258088905,4.49006558169,6.27687439419,103.079702371,90.2575959492,76.5335390622,Azetidinium Lead Bromide,16,"B. Zhou et al., Angew. Chem. Int. Ed. 50, 11441 (2011)",238.70295706474863,Pb,Br,1,3,3,1,8,0,0,Azetidinium,3.6879,5.7298,9.4178,1.9204,-4.4425,0.0689,0.2912,238.7,3.5049,3.0639,4.1004,Azetidinium_Pb_Br,1.0364999999999998
1219,6.08247756906,4.45157507373,9.32427859331,108.112583025,90.3494553313,95.8232771579,Azetidinium Lead Bromide,16,"B. Zhou et al., Angew. Chem. Int. Ed. 50, 11441 (2011)",238.53176699338425,Pb,Br,1,3,3,1,8,0,0,Azetidinium,3.7631,6.6599,10.423,1.9399,-4.4434,0.0679,0.2903,238.53,3.5074,3.0366,4.0311,Azetidinium_Pb_Br,0.9945000000000004
1220,8.6071279949,4.68763788723,6.21212291243,78.6975924227,88.5496435356,101.755348644,Azetidinium Lead Bromide,16,"B. Zhou et al., Angew. Chem. Int. Ed. 50, 11441 (2011)",240.06918828493932,Pb,Br,1,3,3,1,8,0,0,Azetidinium,3.7077,8.9167,12.6243,1.9255,-4.4418,0.0696,0.2919,240.07,3.4849,2.8776,3.9173,Azetidinium_Pb_Br,1.0396999999999998
1221,4.37399806586,5.99803457746,8.88499636188,92.2693037894,89.5848552792,94.6004751202,Azetidinium Lead Bromide,16,"B. Zhou et al., Angew. Chem. Int. Ed. 50, 11441 (2011)",232.1661981198021,Pb,Br,1,3,3,1,8,0,0,Azetidinium,3.9579,9.5628,13.5206,1.9894,-4.4423,0.0691,0.2914,232.17,3.6035,2.7593,3.8928,Azetidinium_Pb_Br,1.1334999999999997
1222,8.24887191931,6.31682711524,4.68114363215,90.660695035,89.4420000404,83.4224764407,Azetidinium Lead Bromide,16,"B. Zhou et al., Angew. Chem. Int. Ed. 50, 11441 (2011)",242.28227997512303,Pb,Br,1,3,3,1,8,0,0,Azetidinium,3.5412,4.6941,8.2353,1.8818,-4.4338,0.0776,0.2999,242.28,3.4531,2.7203,3.7071,Azetidinium_Pb_Br,0.9868000000000001
1223,8.6130708462,6.08096101827,4.71600692942,92.1746958975,99.8694828193,81.7180730953,Azetidinium Lead Bromide,16,"B. Zhou et al., Angew. Chem. Int. Ed. 50, 11441 (2011)",240.78883110920745,Pb,Br,1,3,3,1,8,0,0,Azetidinium,3.5817,5.5435,9.1252,1.8925,-4.4257,0.0857,0.308,240.79,3.4745,2.5485,3.5788,Azetidinium_Pb_Br,1.0303
1224,6.11904909649,6.55919339146,6.12895141777,89.5731008879,80.401406755,90.3318912706,Imidazolium Lead Bromide,14,"B.Saparov et al., Chem. Rev. 116, 4558 (2016)",242.53499742505608,Pb,Br,1,3,3,2,5,0,0,Imidazolium,4.1914,13.8444,18.0358,2.0473,-4.901,0.2734,0.5274,242.53,3.5248,2.0319,2.8641,Imidazolium_Pb_Br,0.8322000000000003
1225,6.17352070391,6.32407592957,6.21021296289,96.0991610141,81.7603364342,84.1598282993,Imidazolium Lead Bromide,14,"B.Saparov et al., Chem. Rev. 116, 4558 (2016)",236.90507513560985,Pb,Br,1,3,3,2,5,0,0,Imidazolium,4.3262,28.9021,33.2283,2.0799,-4.9054,0.269,0.523,236.91,3.6084,2.0541,2.9692,Imidazolium_Pb_Br,0.9150999999999998
1226,6.20046924477,6.19936783197,6.30691158634,96.4378345172,96.4449565774,97.0885602814,Imidazolium Lead Bromide,14,"B.Saparov et al., Chem. Rev. 116, 4558 (2016)",237.0990008720378,Pb,Br,1,3,3,2,5,0,0,Imidazolium,4.331,62.7813,67.1123,2.0811,-4.9059,0.2685,0.5225,237.1,3.6055,2.0313,2.9359,Imidazolium_Pb_Br,0.9046000000000003
1227,9.11266689811,4.26895134579,6.08522029527,100.22807664,93.9578583756,90.304803779,Imidazolium Lead Bromide,14,"B.Saparov et al., Chem. Rev. 116, 4558 (2016)",232.3696930943589,Pb,Br,1,3,3,2,5,0,0,Imidazolium,3.9193,8.2707,12.1901,1.9797,-4.9071,0.2672,0.5213,232.37,3.6789,2.9868,3.9686,Imidazolium_Pb_Br,0.9817999999999998
1228,6.15501626065,4.30579553955,9.01052955481,93.6712510375,92.3948192328,98.6637704376,Imidazolium Lead Bromide,14,"B.Saparov et al., Chem. Rev. 116, 4558 (2016)",235.26957143573,Pb,Br,1,3,3,2,5,0,0,Imidazolium,3.8804,6.8173,10.6976,1.9699,-4.9094,0.2649,0.519,235.27,3.6335,3.0095,3.9201,Imidazolium_Pb_Br,0.9106000000000001
1229,6.5119542446,6.45795084751,6.71983562584,83.7300407047,88.7114113531,93.4068129472,Ethylammonium Lead Iodide,15,"B.Saparov et al., Chem. Rev. 116, 4558 (2016)",280.2887522314807,Pb,I,1,3,2,1,8,0,0,Ethylammonium,4.8953,8.9692,13.8645,2.2125,-4.1706,0.2277,0.3776,280.29,3.7562,1.8794,2.6461,Ethylammonium_Pb_I,0.7667000000000002
1230,6.58964494559,6.38965885196,6.7092323143,86.5151140399,83.3408403879,88.3166692624,Ethylammonium Lead Iodide,15,"B.Saparov et al., Chem. Rev. 116, 4558 (2016)",280.0004197399143,Pb,I,1,3,2,1,8,0,0,Ethylammonium,4.9083,9.3536,14.2618,2.2155,-4.1688,0.2295,0.3794,280.0,3.7601,1.7746,2.6208,Ethylammonium_Pb_I,0.8462000000000001
1231,6.5039426848,4.50977432009,9.39720931632,98.3867170758,90.1355919274,92.4895471001,Ethylammonium Lead Iodide,15,"B.Saparov et al., Chem. Rev. 116, 4558 (2016)",272.4169988770991,Pb,I,1,3,2,1,8,0,0,Ethylammonium,4.4767,8.7629,13.2396,2.1158,-4.1682,0.2302,0.3801,272.42,3.8647,2.1717,2.9708,Ethylammonium_Pb_I,0.7991000000000001
1232,8.97005336856,4.65141764453,6.59397347222,83.1013709318,91.9140306595,88.0504155218,Ethylammonium Lead Iodide,15,"B.Saparov et al., Chem. Rev. 116, 4558 (2016)",272.77858587029044,Pb,I,1,3,2,1,8,0,0,Ethylammonium,4.4532,6.8905,11.3437,2.1103,-4.1691,0.2292,0.3791,272.78,3.8596,2.279,3.1007,Ethylammonium_Pb_I,0.8216999999999999
1233,6.62561132011,4.69853098172,8.9135184019,94.2968738215,95.8632273873,94.0155896449,Ethylammonium Lead Iodide,15,"B.Saparov et al., Chem. Rev. 116, 4558 (2016)",274.41073383529164,Pb,I,1,3,2,1,8,0,0,Ethylammonium,4.6016,15.5777,20.1794,2.1451,-4.1696,0.2288,0.3787,274.41,3.8367,2.0444,2.9563,Ethylammonium_Pb_I,0.9119000000000002
1234,6.64762692317,4.68267266547,9.8022429132,64.3892345325,94.5653925144,96.1447292009,Ethylammonium Lead Iodide,15,"B.Saparov et al., Chem. Rev. 116, 4558 (2016)",273.3820946397305,Pb,I,1,3,2,1,8,0,0,Ethylammonium,4.4681,7.3754,11.8436,2.1138,-4.1693,0.2291,0.379,273.38,3.8511,2.2244,3.0678,Ethylammonium_Pb_I,0.8433999999999999
1235,7.22768696786,4.81357766782,8.24689008254,106.873353063,89.8150549552,85.3934346799,Ethylammonium Lead Iodide,15,"B.Saparov et al., Chem. Rev. 116, 4558 (2016)",273.57274421090364,Pb,I,1,3,2,1,8,0,0,Ethylammonium,4.2906,6.5911,10.8817,2.0714,-4.1672,0.2312,0.3811,273.57,3.8484,2.4243,3.2984,Ethylammonium_Pb_I,0.8740999999999999
1236,6.4876735764,4.71301106083,8.95479954272,89.0358288683,87.6251647303,80.5168556709,Ethylammonium Lead Iodide,15,"B.Saparov et al., Chem. Rev. 116, 4558 (2016)",269.8185763968176,Pb,I,1,3,2,1,8,0,0,Ethylammonium,4.4957,7.0602,11.5559,2.1203,-4.1674,0.231,0.3809,269.82,3.9019,2.3702,3.1931,Ethylammonium_Pb_I,0.8228999999999997
1237,9.2552398958,4.40239639421,6.51092182088,90.7825527348,89.3627771099,92.1947260034,Ethylammonium Lead Iodide,15,"B.Saparov et al., Chem. Rev. 116, 4558 (2016)",265.0547964279828,Pb,I,1,3,2,1,8,0,0,Ethylammonium,4.4161,7.9324,12.3485,2.1014,-4.1537,0.2446,0.3945,265.05,3.9721,1.8327,2.6467,Ethylammonium_Pb_I,0.8140000000000001
1238,11.7378488851,4.90080092097,4.86222305725,89.9923181929,90.0491540159,85.1645831343,Ethylammonium Lead Iodide,15,"B.Saparov et al., Chem. Rev. 116, 4558 (2016)",278.7031318617149,Pb,I,1,3,2,1,8,0,0,Ethylammonium,4.4669,20.1954,24.6622,2.1135,-4.1561,0.2422,0.3921,278.7,3.7776,1.3945,2.2316,Ethylammonium_Pb_I,0.8370999999999997
1239,9.6700276915,4.73933456541,6.36770671447,87.0871362536,98.5507357457,108.046518117,Ethylammonium Lead Iodide,15,"B.Saparov et al., Chem. Rev. 116, 4558 (2016)",274.38463682760795,Pb,I,1,3,2,1,8,0,0,Ethylammonium,4.2063,4.4654,8.6717,2.0509,-4.1552,0.2431,0.393,274.38,3.8371,2.3214,3.128,Ethylammonium_Pb_I,0.8066
1240,6.4974090031,6.58766205956,7.43396546719,76.5096335315,85.952348027,87.7074863549,Propylammonium Lead Iodide,18,"S.Kataoka et al., J. Am. Chem. Soc. 137, 4158 (2015)",308.552171853425,Pb,I,1,3,3,1,10,0,0,Propylammonium,4.22,5.8063,10.0264,2.0543,-4.316,0.141,0.2659,308.55,3.4876,2.1329,2.8934,Propylammonium_Pb_I,0.7605000000000004
1241,6.36934266909,6.46443530083,7.69370898195,99.6503702055,81.118397713,88.9550837838,Propylammonium Lead Iodide,18,"S.Kataoka et al., J. Am. Chem. Soc. 137, 4158 (2015)",308.23826216854275,Pb,I,1,3,3,1,10,0,0,Propylammonium,4.2057,5.0266,9.2323,2.0508,-4.3192,0.1378,0.2627,308.24,3.4911,2.006,2.7651,Propylammonium_Pb_I,0.7591000000000001
1242,6.37612723871,6.48480000718,7.6760181642,100.164011664,81.5819970306,89.2412072952,Propylammonium Lead Iodide,18,"S.Kataoka et al., J. Am. Chem. Soc. 137, 4158 (2015)",308.7917206536579,Pb,I,1,3,3,1,10,0,0,Propylammonium,4.2244,5.3877,9.6121,2.0553,-4.3195,0.1376,0.2625,308.79,3.4849,1.9962,2.7546,Propylammonium_Pb_I,0.7584
1243,6.64544341208,6.57785690341,6.88331732354,97.0245388488,83.9785669055,93.1280410047,Propylammonium Lead Iodide,18,"S.Kataoka et al., J. Am. Chem. Soc. 137, 4158 (2015)",296.7171094197932,Pb,I,1,3,3,1,10,0,0,Propylammonium,4.7605,14.7503,19.5107,2.1818,-4.3189,0.1381,0.263,296.72,3.6267,1.6953,2.583,Propylammonium_Pb_I,0.8877000000000002
1244,6.71896980896,6.75170042521,6.71996647161,80.1547571637,89.5837461377,84.3889114453,Propylammonium Lead Iodide,18,"S.Kataoka et al., J. Am. Chem. Soc. 137, 4158 (2015)",298.9052307339095,Pb,I,1,3,3,1,10,0,0,Propylammonium,4.6617,12.2162,16.8778,2.1591,-4.3188,0.1383,0.2632,298.91,3.6001,1.7363,2.5934,Propylammonium_Pb_I,0.8571
1245,6.67724053455,6.5554041578,6.83898518365,83.6085827035,83.3592372285,85.6471147097,Propylammonium Lead Iodide,18,"S.Kataoka et al., J. Am. Chem. Soc. 137, 4158 (2015)",294.89660945771925,Pb,I,1,3,3,1,10,0,0,Propylammonium,4.8235,18.6272,23.4507,2.1963,-4.3186,0.1384,0.2633,294.9,3.6491,1.6352,2.5411,Propylammonium_Pb_I,0.9059000000000001
1246,6.68365945118,6.54717306899,6.82326157569,83.899085005,83.0524314305,84.8492672224,Propylammonium Lead Iodide,18,"S.Kataoka et al., J. Am. Chem. Soc. 137, 4158 (2015)",293.81228188589506,Pb,I,1,3,3,1,10,0,0,Propylammonium,4.8513,20.0569,24.9083,2.2026,-4.3185,0.1386,0.2635,293.81,3.6626,1.6076,2.52,Propylammonium_Pb_I,0.9124000000000001
1247,8.41538668528,4.69914830823,8.07363235921,75.5081337645,86.8097446455,76.055084022,Propylammonium Lead Iodide,18,"S.Kataoka et al., J. Am. Chem. Soc. 137, 4158 (2015)",300.00079751756664,Pb,I,1,3,3,1,10,0,0,Propylammonium,3.9949,4.8029,8.7978,1.9987,-4.3158,0.1412,0.2661,300.0,3.587,2.5589,3.417,Propylammonium_Pb_I,0.8580999999999999
1248,8.8212678414,4.97281921056,8.82215359701,82.9255863737,121.383156813,115.17900463,Propylammonium Lead Iodide,18,"S.Kataoka et al., J. Am. Chem. Soc. 137, 4158 (2015)",296.5547121771619,Pb,I,1,3,3,1,10,0,0,Propylammonium,4.0917,7.0354,11.1271,2.0228,-4.3109,0.1462,0.2711,296.55,3.6288,2.3707,3.2162,Propylammonium_Pb_I,0.8455000000000004
1249,8.7800313696,4.80558313317,9.66618952095,104.813218637,123.00157462,59.6075965816,Propylammonium Lead Iodide,18,"S.Kataoka et al., J. Am. Chem. Soc. 137, 4158 (2015)",294.92848913939304,Pb,I,1,3,3,1,10,0,0,Propylammonium,4.1321,9.6922,13.8243,2.0327,-4.3099,0.1471,0.2721,294.93,3.6487,2.4987,3.3625,Propylammonium_Pb_I,0.8637999999999999
1250,8.84827536275,4.94292229928,8.07903068562,81.9794414773,59.9124578201,96.9194098796,Propylammonium Lead Iodide,18,"S.Kataoka et al., J. Am. Chem. Soc. 137, 4158 (2015)",295.1749744025642,Pb,I,1,3,3,1,10,0,0,Propylammonium,4.1202,7.3126,11.4328,2.0298,-4.3108,0.1462,0.2712,295.17,3.6457,2.375,3.2265,Propylammonium_Pb_I,0.8515000000000001
1251,8.93411734561,4.9401155114,8.72623613486,96.9286463009,121.354809734,65.0989026172,Propylammonium Lead Iodide,18,"S.Kataoka et al., J. Am. Chem. Soc. 137, 4158 (2015)",295.8975714085877,Pb,I,1,3,3,1,10,0,0,Propylammonium,4.0943,6.7012,10.7955,2.0234,-4.3108,0.1463,0.2712,295.9,3.6367,2.3763,3.2223,Propylammonium_Pb_I,0.8460000000000001
1252,6.37424768846,6.42346269624,10.5239850637,61.0193355479,123.526683743,94.236309828,Propylammonium Lead Iodide,18,"S.Kataoka et al., J. Am. Chem. Soc. 137, 4158 (2015)",302.9403961769913,Pb,I,1,3,3,1,10,0,0,Propylammonium,4.3173,6.1134,10.4307,2.0778,-4.3157,0.1414,0.2663,302.94,3.5522,1.9704,2.6842,Propylammonium_Pb_I,0.7138000000000002
1253,7.80756647021,6.62244547139,6.57861397942,86.760830757,99.3997624139,104.244853054,Butylammonium Lead Iodide,21,"H. Hu et al., Sci. Rep. 6, 33546 (2016)",325.21575207297406,Pb,I,1,3,4,1,12,0,0,Butylammonium,4.2158,7.9398,12.1556,2.0532,-4.4242,0.0748,0.1819,325.22,3.3805,1.9936,2.7329,Butylammonium_Pb_I,0.7392999999999998
1254,6.57456932834,6.5640475354,7.91055027593,75.9140104227,80.1065638117,86.1639366116,Butylammonium Lead Iodide,21,"H. Hu et al., Sci. Rep. 6, 33546 (2016)",326.08453317137133,Pb,I,1,3,4,1,12,0,0,Butylammonium,4.171,6.7747,10.9458,2.0423,-4.4247,0.0743,0.1814,326.08,3.3716,1.9361,2.7786,Butylammonium_Pb_I,0.8425
1255,6.83536609608,7.42820690017,6.65299588656,82.2438255435,93.3754701647,108.563679924,Butylammonium Lead Iodide,21,"H. Hu et al., Sci. Rep. 6, 33546 (2016)",317.2517136403757,Pb,I,1,3,4,1,12,0,0,Butylammonium,4.3461,5.6403,9.9864,2.0847,-4.4237,0.0753,0.1823,317.25,3.4654,1.9508,2.883,Butylammonium_Pb_I,0.9321999999999999
1256,7.59358747062,5.42566708038,8.5716266628,72.9436742888,79.6351347661,92.5551888663,Butylammonium Lead Iodide,21,"H. Hu et al., Sci. Rep. 6, 33546 (2016)",330.32695314920244,Pb,I,1,3,4,1,12,0,0,Butylammonium,3.7101,4.1107,7.8208,1.9262,-4.4174,0.0816,0.1886,330.33,3.3282,2.4623,3.3768,Butylammonium_Pb_I,0.9144999999999999
1257,6.85477882664,6.61150006479,6.60060380513,82.0928052545,85.360795983,91.9724298007,Isopropylammonium Lead Iodide,18,"C.C.Stoumpos et al., J. Am. Chem. Soc. 137, 6804 (2015)",295.01244881760624,Pb,I,1,3,3,1,10,0,0,Isopropylammonium,4.7794,11.2117,15.9911,2.1862,-4.323,0.14,0.2649,295.01,3.6477,1.7753,2.7485,Isopropylammonium_Pb_I,0.9731999999999998
1258,6.54817078025,6.65507271373,6.82907312285,87.6308572032,93.7800368351,82.293234165,Isopropylammonium Lead Iodide,18,"C.C.Stoumpos et al., J. Am. Chem. Soc. 137, 6804 (2015)",293.8922732780344,Pb,I,1,3,3,1,10,0,0,Isopropylammonium,4.819,10.9379,15.7569,2.1952,-4.3245,0.1385,0.2634,293.89,3.6616,1.8351,2.6828,Isopropylammonium_Pb_I,0.8476999999999999
1259,6.81387114156,6.63858914624,6.60396533866,81.1873604986,85.6417534529,91.8637993928,Isopropylammonium Lead Iodide,18,"C.C.Stoumpos et al., J. Am. Chem. Soc. 137, 6804 (2015)",294.05098001705227,Pb,I,1,3,3,1,10,0,0,Isopropylammonium,4.7961,12.1266,16.9227,2.19,-4.3246,0.1384,0.2634,294.05,3.6596,1.8532,2.7435,Isopropylammonium_Pb_I,0.8903000000000001
1260,6.7586528138,6.48745471172,6.79052872641,93.4191729716,92.2256152858,85.3654298215,Isopropylammonium Lead Iodide,18,"C.C.Stoumpos et al., J. Am. Chem. Soc. 137, 6804 (2015)",296.0656426300166,Pb,I,1,3,3,1,10,0,0,Isopropylammonium,4.8397,21.5866,26.4263,2.1999,-4.3202,0.1428,0.2677,296.07,3.6346,1.703,2.6572,Isopropylammonium_Pb_I,0.9541999999999999
1261,6.80519404906,6.48109145644,6.7757874887,94.9262179556,87.9888841505,94.0762819613,Isopropylammonium Lead Iodide,18,"C.C.Stoumpos et al., J. Am. Chem. Soc. 137, 6804 (2015)",296.8631904989738,Pb,I,1,3,3,1,10,0,0,Isopropylammonium,4.7962,20.4337,25.23,2.19,-4.3206,0.1424,0.2674,296.86,3.625,1.6849,2.6193,Isopropylammonium_Pb_I,0.9343999999999999
1262,7.93167426725,4.87783190954,8.57082545988,104.617111914,93.4688035937,107.502547709,Isopropylammonium Lead Iodide,18,"C.C.Stoumpos et al., J. Am. Chem. Soc. 137, 6804 (2015)",302.65109183067324,Pb,I,1,3,3,1,10,0,0,Isopropylammonium,3.9628,6.5441,10.5069,1.9907,-4.3179,0.1452,0.2701,302.65,3.5556,2.512,3.4157,Isopropylammonium_Pb_I,0.9037000000000002
1263,9.12568613115,4.86631379168,8.14647881299,72.0081988247,72.3250143302,62.0336844557,Isopropylammonium Lead Iodide,18,"C.C.Stoumpos et al., J. Am. Chem. Soc. 137, 6804 (2015)",298.42417986529256,Pb,I,1,3,3,1,10,0,0,Isopropylammonium,4.0338,6.0042,10.038,2.0084,-4.3188,0.1442,0.2691,298.42,3.606,2.423,3.2493,Isopropylammonium_Pb_I,0.8262999999999998
1264,8.71398853243,4.90026903202,7.95357896975,107.946963296,79.0523904295,108.84837877,Isopropylammonium Lead Iodide,18,"C.C.Stoumpos et al., J. Am. Chem. Soc. 137, 6804 (2015)",304.22983696837,Pb,I,1,3,3,1,10,0,0,Isopropylammonium,3.94,6.238,10.178,1.9849,-4.3186,0.1445,0.2694,304.23,3.5372,2.5203,3.3862,Isopropylammonium_Pb_I,0.8658999999999999
1265,7.96389977012,4.73444620477,8.37795563605,75.675356168,78.6347081138,88.0073698757,Isopropylammonium Lead Iodide,18,"C.C.Stoumpos et al., J. Am. Chem. Soc. 137, 6804 (2015)",300.0325123909503,Pb,I,1,3,3,1,10,0,0,Isopropylammonium,3.9315,4.2256,8.1571,1.9828,-4.3182,0.1448,0.2698,300.03,3.5867,2.6818,3.5672,Isopropylammonium_Pb_I,0.8854000000000002
1266,6.84051571002,4.65925218697,9.38620997335,85.4452165601,85.881688548,96.0837511965,Isopropylammonium Lead Iodide,18,"C.C.Stoumpos et al., J. Am. Chem. Soc. 137, 6804 (2015)",295.5570940063496,Pb,I,1,3,3,1,10,0,0,Isopropylammonium,4.1673,6.1385,10.3058,2.0414,-4.316,0.147,0.2719,295.56,3.6409,2.454,3.3949,Isopropylammonium_Pb_I,0.9408999999999996
1267,6.79233403614,6.47037665283,6.46452938437,88.237421472,93.8520589438,95.0205669508,Dimethylammonium Lead Iodide,15,"B.Saparov et al., Chem. Rev. 116, 4558 (2016)",282.2914485795354,Pb,I,1,3,2,1,8,0,0,Dimethylammonium,4.9945,15.3141,20.3085,2.2348,-4.1484,0.2278,0.3777,282.29,3.7296,1.7971,2.5684,Dimethylammonium_Pb_I,0.7713000000000001
1268,6.59322772213,6.58048331369,6.57634016614,86.2179995695,98.4337273182,96.6306238533,Dimethylammonium Lead Iodide,15,"B.Saparov et al., Chem. Rev. 116, 4558 (2016)",280.0027122076437,Pb,I,1,3,2,1,8,0,0,Dimethylammonium,4.9804,13.9639,18.9444,2.2317,-4.1513,0.2249,0.3748,280.0,3.7601,1.7793,2.5721,Dimethylammonium_Pb_I,0.7927999999999997
1269,6.5883595856,6.59638538046,6.56667852538,82.7153629725,97.9715112209,94.6300587467,Dimethylammonium Lead Iodide,15,"B.Saparov et al., Chem. Rev. 116, 4558 (2016)",279.7651574254897,Pb,I,1,3,2,1,8,0,0,Dimethylammonium,4.9835,13.3403,18.3238,2.2324,-4.1512,0.225,0.3749,279.77,3.7632,1.805,2.5546,Dimethylammonium_Pb_I,0.7496000000000003
1270,6.61174435797,6.57054458469,6.54948351705,88.0783017485,85.7861411209,80.5221481624,Dimethylammonium Lead Iodide,15,"B.Saparov et al., Chem. Rev. 116, 4558 (2016)",279.81854855858575,Pb,I,1,3,2,1,8,0,0,Dimethylammonium,5.0244,24.4598,29.4842,2.2415,-4.1507,0.2255,0.3754,279.82,3.7625,1.607,2.519,Dimethylammonium_Pb_I,0.9120000000000001
1271,6.56960246026,4.66927389918,9.0041853481,87.8199897035,83.8201834111,82.9464318315,Dimethylammonium Lead Iodide,15,"B.Saparov et al., Chem. Rev. 116, 4558 (2016)",272.43631902854924,Pb,I,1,3,2,1,8,0,0,Dimethylammonium,4.5026,7.798,12.3006,2.1219,-4.1495,0.2267,0.3766,272.44,3.8644,2.2787,3.1454,Dimethylammonium_Pb_I,0.8666999999999998
1272,8.38707766764,4.77148329735,7.45312626299,101.35393972,95.4420243299,104.944932713,Dimethylammonium Lead Iodide,15,"B.Saparov et al., Chem. Rev. 116, 4558 (2016)",279.17852880121444,Pb,I,1,3,2,1,8,0,0,Dimethylammonium,4.2107,6.1116,10.3224,2.052,-4.1435,0.2326,0.3825,279.18,3.7711,2.2889,3.18,Dimethylammonium_Pb_I,0.8911000000000002
1273,6.59324841203,4.75257092619,8.66059140727,78.6173345076,87.180432428,83.9816484857,Dimethylammonium Lead Iodide,15,"B.Saparov et al., Chem. Rev. 116, 4558 (2016)",264.46145599419714,Pb,I,1,3,2,1,8,0,0,Dimethylammonium,4.697,9.133,13.83,2.1672,-4.1501,0.2261,0.376,264.46,3.981,2.23,3.1111,Dimethylammonium_Pb_I,0.8811
1274,6.65217116795,6.60257501595,6.59359859845,88.8001815263,97.7904993925,82.9507838657,Acetamidinium Lead Iodide,15,"C.C.Stoumpos et al., J. Am. Chem. Soc. 137, 6804 (2015)",284.5507131155273,Pb,I,1,3,2,2,7,0,0,Acetamidinium,5.0475,15.5805,20.6279,2.2467,-4.4585,0.3438,0.4937,284.55,3.7758,1.6481,2.4839,Acetamidinium_Pb_I,0.8358000000000003
1275,6.66501248759,6.60932222244,6.61240374519,90.8061132054,97.7763486993,97.7100616367,Acetamidinium Lead Iodide,15,"C.C.Stoumpos et al., J. Am. Chem. Soc. 137, 6804 (2015)",285.8425611276715,Pb,I,1,3,2,2,7,0,0,Acetamidinium,5.0155,14.7511,19.7666,2.2395,-4.4585,0.3437,0.4936,285.84,3.7588,1.6716,2.4857,Acetamidinium_Pb_I,0.8141
1276,6.57753696915,6.58951925989,6.62015243205,85.8196415266,98.1089224866,88.8727587367,Acetamidinium Lead Iodide,15,"C.C.Stoumpos et al., J. Am. Chem. Soc. 137, 6804 (2015)",283.1809486978914,Pb,I,1,3,2,2,7,0,0,Acetamidinium,5.1093,16.2043,21.3136,2.2604,-4.4573,0.345,0.4949,283.18,3.7941,1.5898,2.4574,Acetamidinium_Pb_I,0.8675999999999997
1277,6.73479763255,4.55577923074,9.04862621756,90.2281028013,95.2236682078,101.793549948,Acetamidinium Lead Iodide,15,"C.C.Stoumpos et al., J. Am. Chem. Soc. 137, 6804 (2015)",270.57014378151257,Pb,I,1,3,2,2,7,0,0,Acetamidinium,4.4849,5.4035,9.8884,2.1178,-4.4606,0.3417,0.4916,270.57,3.9709,2.2793,3.1117,Acetamidinium_Pb_I,0.8323999999999998
1278,6.63670659644,4.60497635093,9.63998738537,108.750045475,81.5954820102,92.2249676456,Acetamidinium Lead Iodide,15,"C.C.Stoumpos et al., J. Am. Chem. Soc. 137, 6804 (2015)",275.9742987627871,Pb,I,1,3,2,2,7,0,0,Acetamidinium,4.5096,6.9212,11.4308,2.1236,-4.4587,0.3436,0.4935,275.97,3.8932,2.2365,3.1491,Acetamidinium_Pb_I,0.9125999999999999
1279,8.43856761711,4.38904325784,7.58647904695,90.5774159744,92.459377417,79.5450730081,Acetamidinium Lead Iodide,15,"C.C.Stoumpos et al., J. Am. Chem. Soc. 137, 6804 (2015)",276.062087581155,Pb,I,1,3,2,2,7,0,0,Acetamidinium,4.3429,13.9156,18.2584,2.084,-4.4491,0.3532,0.5031,276.06,3.8919,2.3622,3.2321,Acetamidinium_Pb_I,0.8698999999999999
1280,6.54042973538,6.38570316197,6.4841099437,89.9595643154,90.7082806322,89.9299849655,Methylammonium Lead Iodide,12,"T.D.Huan et al., Phys. Rev. B 93,094105(2016)",270.7894622081969,Pb,I,1,3,1,1,6,0,0,Methylammonium,5.003,11.3702,16.3732,2.2367,-3.924,0.379,0.5663,270.79,3.8019,1.772,2.5312,Methylammonium_Pb_I,0.7592000000000001
1281,6.45993847982,6.44161702371,6.52589227151,87.4237652108,86.7983593724,92.8515608187,Methylammonium Lead Iodide,12,"T.D.Huan et al., Phys. Rev. B 93,094105(2016)",270.4884465195536,Pb,I,1,3,1,1,6,0,0,Methylammonium,5.0826,18.7995,23.8821,2.2545,-3.9235,0.3794,0.5668,270.49,3.8061,1.7543,2.4638,Methylammonium_Pb_I,0.7095
1282,6.68051111288,4.72566802198,8.39134898591,103.219877001,81.896977978,94.497682185,Methylammonium Lead Iodide,12,"T.D.Huan et al., Phys. Rev. B 93,094105(2016)",255.02547800735545,Pb,I,1,3,1,1,6,0,0,Methylammonium,4.7913,17.3252,22.1164,2.1889,-3.928,0.375,0.5623,255.03,4.0369,2.0398,2.8537,Methylammonium_Pb_I,0.8138999999999998
1283,6.8375993976,4.73443500755,8.62210855323,107.193598478,84.9449949677,75.2066919875,Methylammonium Lead Iodide,12,"T.D.Huan et al., Phys. Rev. B 93,094105(2016)",253.728971765286,Pb,I,1,3,1,1,6,0,0,Methylammonium,4.5345,6.5375,11.072,2.1294,-3.9235,0.3794,0.5668,253.73,4.0576,2.4701,3.321,Methylammonium_Pb_I,0.8509000000000002
1284,8.73394003464,4.61054397434,6.44421305727,86.8794484174,95.7516696742,91.3862015543,Methylammonium Lead Iodide,12,"T.D.Huan et al., Phys. Rev. B 93,094105(2016)",257.7618509483368,Pb,I,1,3,1,1,6,0,0,Methylammonium,4.7736,11.466,16.2396,2.1849,-3.9259,0.377,0.5644,257.76,3.9941,2.2235,3.027,Methylammonium_Pb_I,0.8035000000000001
1285,8.45051944815,4.79444314513,8.07768492325,53.7641506638,100.055054153,106.840163734,Methylammonium Lead Iodide,12,"T.D.Huan et al., Phys. Rev. B 93,094105(2016)",252.6518270679136,Pb,I,1,3,1,1,6,0,0,Methylammonium,4.9672,12.6712,17.6384,2.2287,-3.9285,0.3744,0.5618,252.65,4.0749,2.1107,2.8894,Methylammonium_Pb_I,0.7787000000000002
1286,6.54006633032,6.52635800921,6.52451715619,95.8614741183,95.2032040974,95.0835808987,Guanidinium Lead Iodide,14,"B.Saparov et al., Chem. Rev. 116, 4558 (2016)",274.53760615908897,Pb,I,1,3,1,3,6,0,0,Guanidinium,5.3404,33.013,38.3535,2.3109,-4.4828,0.5514,0.712,274.54,3.9194,1.7272,2.4959,Guanidinium_Pb_I,0.7686999999999997
1287,6.49446576027,6.50256156478,6.51393290171,87.5437029993,93.0727449606,86.3251412331,Guanidinium Lead Iodide,14,"B.Saparov et al., Chem. Rev. 116, 4558 (2016)",273.8314428740687,Pb,I,1,3,1,3,6,0,0,Guanidinium,5.3425,57.53,62.8726,2.3114,-4.4827,0.5515,0.7121,273.83,3.9296,1.5862,2.3586,Guanidinium_Pb_I,0.7724
1288,9.97432534923,4.48595909138,6.65502738033,76.8742606355,96.4463382062,116.650609797,Guanidinium Lead Iodide,14,"B.Saparov et al., Chem. Rev. 116, 4558 (2016)",259.1674939414376,Pb,I,1,3,1,3,6,0,0,Guanidinium,4.6942,6.6815,11.3757,2.1666,-4.4891,0.5451,0.7057,259.17,4.1519,2.0785,2.8905,Guanidinium_Pb_I,0.8119999999999998
1289,6.09375446831,6.64480274131,6.47462016388,98.4482933006,72.6689378784,77.0203859915,Hydroxylammonium Lead Iodide,10,"G.Kieslich et al., Chem. Sci. 6, 3430 (2015)",237.34167440792055,Pb,I,1,3,0,1,4,0,1,Hydroxylammonium,5.1792,21.8846,27.0639,2.2758,-3.5863,0.6398,0.8647,237.34,4.3516,1.9443,2.8193,Hydroxylammonium_Pb_I,0.8750000000000002
1290,6.45617939759,4.72663754795,8.119690064,106.570999634,87.101193599,91.6922151494,Hydroxylammonium Lead Iodide,10,"G.Kieslich et al., Chem. Sci. 6, 3430 (2015)",237.1561359248924,Pb,I,1,3,0,1,4,0,1,Hydroxylammonium,5.2289,15.9864,21.2154,2.2867,-3.6105,0.6156,0.8404,237.16,4.3549,2.0513,2.7895,Hydroxylammonium_Pb_I,0.7382
1291,8.11625272435,4.75445283334,6.44499496392,89.5476783399,92.2004534077,72.6376064077,Hydroxylammonium Lead Iodide,10,"G.Kieslich et al., Chem. Sci. 6, 3430 (2015)",237.1460504023721,Pb,I,1,3,0,1,4,0,1,Hydroxylammonium,5.2325,12.5533,17.7859,2.2875,-3.6101,0.616,0.8408,237.15,4.355,2.1164,2.8566,Hydroxylammonium_Pb_I,0.7401999999999997
1292,6.45155113497,4.65476142726,8.17958071044,105.852731893,86.167344831,92.9232297118,Hydroxylammonium Lead Iodide,10,"G.Kieslich et al., Chem. Sci. 6, 3430 (2015)",235.6283943971133,Pb,I,1,3,0,1,4,0,1,Hydroxylammonium,5.2155,12.2428,17.4582,2.2837,-3.6042,0.6219,0.8467,235.63,4.3831,2.0202,2.7773,Hydroxylammonium_Pb_I,0.7570999999999999
1293,8.25570469299,4.67201239709,6.57560564258,87.6639508832,76.1412833422,74.6673633508,Hydroxylammonium Lead Iodide,10,"G.Kieslich et al., Chem. Sci. 6, 3430 (2015)",237.40927228744349,Pb,I,1,3,0,1,4,0,1,Hydroxylammonium,5.0559,9.0654,14.1213,2.2485,-3.6009,0.6251,0.85,237.41,4.3503,2.2867,3.1221,Hydroxylammonium_Pb_I,0.8353999999999999
1294,6.61412543642,4.66920134461,8.14093529498,104.423605605,100.980857522,83.1171120362,Hydroxylammonium Lead Iodide,10,"G.Kieslich et al., Chem. Sci. 6, 3430 (2015)",238.33749154080408,Pb,I,1,3,0,1,4,0,1,Hydroxylammonium,5.0549,12.2361,17.291,2.2483,-3.603,0.6231,0.8479,238.34,4.3333,2.1009,2.938,Hydroxylammonium_Pb_I,0.8371
1295,8.29774939955,4.66212152245,6.3977954519,89.892051729,91.0371740838,73.3497392145,Hydroxylammonium Lead Iodide,10,"G.Kieslich et al., Chem. Sci. 6, 3430 (2015)",237.07689387870727,Pb,I,1,3,0,1,4,0,1,Hydroxylammonium,5.2252,21.0673,26.2925,2.2859,-3.6018,0.6243,0.8492,237.08,4.3563,2.2782,3.0419,Hydroxylammonium_Pb_I,0.7637
1296,6.49824182462,6.48788689381,6.44508063093,83.8061283056,85.5718732033,86.5803118223,Formamidinium Lead Iodide,12,"T.D.Huan et al., Phys. Rev. B 93,094105(2016)",268.969897373087,Pb,I,1,3,1,2,5,0,0,Formamidinium,5.2728,27.0723,32.345,2.2963,-4.2732,0.1222,0.3096,268.97,3.9079,1.6258,2.3661,Formamidinium_Pb_I,0.7403
1297,6.76459108644,6.36358805362,6.36234671491,92.6896283186,90.3686053302,89.882669887,Formamidinium Lead Iodide,12,"T.D.Huan et al., Phys. Rev. B 93,094105(2016)",273.57260104512613,Pb,I,1,3,1,2,5,0,0,Formamidinium,4.9845,10.0306,15.0151,2.2326,-4.2635,0.1319,0.3193,273.57,3.8422,1.8973,2.6345,Formamidinium_Pb_I,0.7372000000000001
1298,6.36392571171,6.69949002842,6.42217713345,101.132319993,95.3312493863,76.9126225664,Formamidinium Lead Iodide,12,"T.D.Huan et al., Phys. Rev. B 93,094105(2016)",261.3327940643708,Pb,I,1,3,1,2,5,0,0,Formamidinium,4.5865,5.0675,9.6541,2.1416,-4.1359,0.2595,0.4469,261.33,4.0222,2.3022,3.2799,Formamidinium_Pb_I,0.9777
1299,6.83311217037,6.74352171526,6.66236677496,90.019241918,89.9895517529,90.0332834398,Tetramethylammonium Lead Iodide,21,"B.Saparov et al., Chem. Rev. 116, 4558 (2016)",306.99672541070163,Pb,I,1,3,4,1,12,0,0,Tetramethylammonium,4.8919,24.7271,29.619,2.2118,-4.4057,0.0862,0.1771,307.0,3.5811,1.7965,2.5459,Tetramethylammonium_Pb_I,0.7494000000000001
1300,6.655442336,6.8394725301,6.74546601561,90.038194665,89.918065486,89.8321634535,Tetramethylammonium Lead Iodide,21,"B.Saparov et al., Chem. Rev. 116, 4558 (2016)",307.04999037920425,Pb,I,1,3,4,1,12,0,0,Tetramethylammonium,4.8818,23.7591,28.6409,2.2095,-4.4057,0.0862,0.1771,307.05,3.5805,1.6871,2.5415,Tetramethylammonium_Pb_I,0.8544
1301,7.35083701009,5.06582810027,8.67727308038,91.8165777471,90.3011772425,85.243795132,Tetramethylammonium Lead Iodide,21,"B.Saparov et al., Chem. Rev. 116, 4558 (2016)",321.84933500564347,Pb,I,1,3,4,1,12,0,0,Tetramethylammonium,3.9188,6.0674,9.9861,1.9796,-4.3968,0.095,0.1859,321.85,3.4159,2.358,3.229,Tetramethylammonium_Pb_I,0.871
1302,6.50683696715,6.32345978502,6.48238403196,92.0441257488,87.417828977,90.1318385092,Hydrazinium Lead Iodide,11,"B.Saparov et al., Chem. Rev. 116, 4558 (2016)",266.281930645293,Pb,I,1,3,0,2,5,0,0,Hydrazinium,5.0438,12.3356,17.3795,2.2459,-3.7814,0.667,0.8714,266.28,3.8725,1.8533,2.5636,Hydrazinium_Pb_I,0.7103000000000002
1303,8.88229430027,6.32400460709,6.4652958967,94.737284555,47.0063484942,97.2577517586,Hydrazinium Lead Iodide,11,"B.Saparov et al., Chem. Rev. 116, 4558 (2016)",263.49913993641286,Pb,I,1,3,0,2,5,0,0,Hydrazinium,5.1608,13.4134,18.5742,2.2717,-3.7815,0.6669,0.8713,263.5,3.9133,1.9298,2.654,Hydrazinium_Pb_I,0.7242
1304,4.36779576752,6.58154750482,8.79656458687,83.1626179552,105.916545799,104.991641437,Hydrazinium Lead Iodide,11,"B.Saparov et al., Chem. Rev. 116, 4558 (2016)",234.5867165916484,Pb,I,1,3,0,2,5,0,0,Hydrazinium,5.1008,9.4815,14.5823,2.2585,-3.8006,0.6479,0.8523,234.59,4.3956,1.9771,2.9407,Hydrazinium_Pb_I,0.9636
1305,8.32940573429,6.65527052059,4.61761999065,101.27638602,76.4816332243,101.424598618,Hydrazinium Lead Iodide,11,"B.Saparov et al., Chem. Rev. 116, 4558 (2016)",240.9424499661177,Pb,I,1,3,0,2,5,0,0,Hydrazinium,4.914,9.815,14.729,2.2167,-3.7944,0.654,0.8584,240.94,4.2798,2.1969,3.2092,Hydrazinium_Pb_I,1.0123000000000002
1306,8.62892922538,4.43840532977,6.45167439951,89.267131663,90.0359487135,74.3202433249,Hydrazinium Lead Iodide,11,"B.Saparov et al., Chem. Rev. 116, 4558 (2016)",237.8741352822156,Pb,I,1,3,0,2,5,0,0,Hydrazinium,5.2006,10.8947,16.0953,2.2805,-3.8083,0.6401,0.8445,237.87,4.335,2.0952,2.7929,Hydrazinium_Pb_I,0.6976999999999998
1307,8.25512358218,4.89593908265,6.38671101869,90.3048136145,105.159344301,72.9046059754,Hydrazinium Lead Iodide,11,"B.Saparov et al., Chem. Rev. 116, 4558 (2016)",237.42126157915408,Pb,I,1,3,0,2,5,0,0,Hydrazinium,5.0348,10.2732,15.308,2.2438,-3.7955,0.6529,0.8574,237.42,4.3432,2.4011,3.3463,Hydrazinium_Pb_I,0.9451999999999998
1308,8.63352969628,4.40434545472,6.41806924828,89.8770365324,89.9166352283,76.3611192776,Hydrazinium Lead Iodide,11,"B.Saparov et al., Chem. Rev. 116, 4558 (2016)",237.16488638213988,Pb,I,1,3,0,2,5,0,0,Hydrazinium,5.2112,10.035,15.2462,2.2828,-3.8088,0.6396,0.844,237.16,4.348,2.0624,2.8554,Hydrazinium_Pb_I,0.7930000000000001
1309,6.60894455222,4.48623472658,8.45193418035,104.650695305,86.7235807338,85.2672423054,Hydrazinium Lead Iodide,11,"B.Saparov et al., Chem. Rev. 116, 4558 (2016)",240.82686267040688,Pb,I,1,3,0,2,5,0,0,Hydrazinium,5.1639,21.0616,26.2255,2.2724,-3.8066,0.6418,0.8462,240.83,4.2817,1.8877,2.6359,Hydrazinium_Pb_I,0.7482
1310,8.60065864785,4.45194377351,6.46749950869,89.4949327028,90.1859709554,74.2585472589,Hydrazinium Lead Iodide,11,"B.Saparov et al., Chem. Rev. 116, 4558 (2016)",238.3374394616806,Pb,I,1,3,0,2,5,0,0,Hydrazinium,5.1927,11.2369,16.4296,2.2787,-3.8081,0.6403,0.8447,238.34,4.3264,2.0914,2.7925,Hydrazinium_Pb_I,0.7010999999999998
1311,8.17425929189,6.94990954722,4.6841891755,72.7900526898,105.862755986,110.126340611,Ammonium Lead Iodide,9,"T.D.Huan et al., Phys. Rev. B 93,094105(2016)",234.2684236577832,Pb,I,1,3,0,1,4,0,0,Ammonium,4.628,7.3978,12.0258,2.1513,-3.5477,0.6501,0.8999,234.27,4.2952,2.3167,3.3145,Ammonium_Pb_I,0.9977999999999998
1312,6.43563850808,6.4373462077,6.44477278526,82.836113193,83.0519591335,83.0637470153,Ammonium Lead Iodide,9,"T.D.Huan et al., Phys. Rev. B 93,094105(2016)",261.448928709247,Pb,I,1,3,0,1,4,0,0,Ammonium,4.7773,11.3636,16.1409,2.1857,-3.5327,0.665,0.9149,261.45,3.8487,2.0452,2.8535,Ammonium_Pb_I,0.8083
1313,4.68303023583,6.91296444907,8.17740116652,70.8585677815,74.1332769359,72.6028171013,Ammonium Lead Iodide,9,"T.D.Huan et al., Phys. Rev. B 93,094105(2016)",234.09626437381485,Pb,I,1,3,0,1,4,0,0,Ammonium,4.6699,7.6848,12.3547,2.161,-3.5477,0.6501,0.8999,234.1,4.2983,2.3811,3.2699,Ammonium_Pb_I,0.8887999999999998
1314,6.59984145246,6.65534223539,6.78297788776,87.6887255473,88.8031002156,96.6277541659,Trimethylammonium Lead Iodide,18,"A. Mancini et al., J. Solid State Chem. 240, 55 (2016)",295.6070798891901,Pb,I,1,3,3,1,10,0,0,Trimethylammonium,4.8854,19.7503,24.6357,2.2103,-4.3004,0.1291,0.2541,295.61,3.6403,1.5974,2.4541,Trimethylammonium_Pb_I,0.8567
1315,6.5523714728,6.65966522939,6.83846915178,90.2233737798,90.1922731183,97.4183854965,Trimethylammonium Lead Iodide,18,"A. Mancini et al., J. Solid State Chem. 240, 55 (2016)",295.90532043054054,Pb,I,1,3,3,1,10,0,0,Trimethylammonium,4.8314,12.4174,17.2488,2.1981,-4.3005,0.129,0.2539,295.91,3.6366,1.6183,2.4885,Trimethylammonium_Pb_I,0.8702000000000001
1316,6.67131240985,6.59294787778,6.72053629399,94.3785096919,87.7260777149,85.3401512989,Trimethylammonium Lead Iodide,18,"A. Mancini et al., J. Solid State Chem. 240, 55 (2016)",293.44335351918335,Pb,I,1,3,3,1,10,0,0,Trimethylammonium,4.9793,19.0146,23.9938,2.2314,-4.2999,0.1296,0.2545,293.44,3.6672,1.6891,2.572,Trimethylammonium_Pb_I,0.8829
1317,6.69376931665,6.59527461311,6.6867182055,94.1706345349,92.9218514347,94.4388837074,Trimethylammonium Lead Iodide,18,"A. Mancini et al., J. Solid State Chem. 240, 55 (2016)",293.0593966873897,Pb,I,1,3,3,1,10,0,0,Trimethylammonium,5.0044,21.0353,26.0396,2.237,-4.2998,0.1297,0.2546,293.06,3.672,1.7386,2.6247,Trimethylammonium_Pb_I,0.8860999999999999
1318,6.74515496312,6.71049009426,6.79221554666,81.4335533582,86.5328481022,93.9236588031,Trimethylammonium Lead Iodide,18,"A. Mancini et al., J. Solid State Chem. 240, 55 (2016)",302.5164770847089,Pb,I,1,3,3,1,10,0,0,Trimethylammonium,4.6532,13.7688,18.422,2.1571,-4.2947,0.1349,0.2598,302.52,3.5572,1.7666,2.8126,Trimethylammonium_Pb_I,1.0460000000000003
1319,6.67757414297,6.70277500263,6.58609749426,93.6263277055,94.6348646925,93.0723177272,Trimethylammonium Lead Iodide,18,"A. Mancini et al., J. Solid State Chem. 240, 55 (2016)",292.7189901448714,Pb,I,1,3,3,1,10,0,0,Trimethylammonium,5.0297,24.6757,29.7054,2.2427,-4.2998,0.1297,0.2547,292.72,3.6762,1.8033,2.5956,Trimethylammonium_Pb_I,0.7923000000000002
1320,6.58497726827,6.80056911677,6.66922812859,91.5107834846,82.8668677147,89.0173638009,Trimethylammonium Lead Iodide,18,"A. Mancini et al., J. Solid State Chem. 240, 55 (2016)",296.18131351941554,Pb,I,1,3,3,1,10,0,0,Trimethylammonium,4.8425,15.7537,20.5962,2.2006,-4.3005,0.129,0.2539,296.18,3.6333,1.7448,2.4654,Trimethylammonium_Pb_I,0.7205999999999999
1321,4.9229722089,8.30808351179,7.96848267328,104.278391226,73.1863564264,88.8206630776,Trimethylammonium Lead Iodide,18,"A. Mancini et al., J. Solid State Chem. 240, 55 (2016)",300.85653670410494,Pb,I,1,3,3,1,10,0,0,Trimethylammonium,4.0608,5.7416,9.8024,2.0151,-4.2883,0.1412,0.2662,300.86,3.5768,2.3053,3.1178,Trimethylammonium_Pb_I,0.8125
1322,9.29671215756,4.97729411471,6.50542162943,95.9855551888,95.3400997782,94.011306718,Trimethylammonium Lead Iodide,18,"A. Mancini et al., J. Solid State Chem. 240, 55 (2016)",297.11541148846425,Pb,I,1,3,3,1,10,0,0,Trimethylammonium,4.4006,10.687,15.0877,2.0978,-4.2954,0.1341,0.2591,297.12,3.6218,2.1449,3.0741,Trimethylammonium_Pb_I,0.9292000000000002
1323,6.51734367841,4.96394184606,9.32157267098,93.8906719606,84.5027841667,83.8653420224,Trimethylammonium Lead Iodide,18,"A. Mancini et al., J. Solid State Chem. 240, 55 (2016)",297.53238978965794,Pb,I,1,3,3,1,10,0,0,Trimethylammonium,4.3789,9.9706,14.3495,2.0926,-4.2955,0.134,0.259,297.53,3.6168,2.1571,3.0864,Trimethylammonium_Pb_I,0.9293
1324,6.50881124704,4.91936155084,9.42378067419,94.2377702499,84.853632409,84.4741649367,Trimethylammonium Lead Iodide,18,"A. Mancini et al., J. Solid State Chem. 240, 55 (2016)",298.0904447463198,Pb,I,1,3,3,1,10,0,0,Trimethylammonium,4.3908,10.9681,15.3588,2.0954,-4.2956,0.1339,0.2589,298.09,3.61,2.1993,3.137,Trimethylammonium_Pb_I,0.9377
1325,7.04784913935,4.88192816834,8.78502788298,90.5469016496,94.4957010206,75.4554929928,Trimethylammonium Lead Iodide,18,"A. Mancini et al., J. Solid State Chem. 240, 55 (2016)",291.66416079442365,Pb,I,1,3,3,1,10,0,0,Trimethylammonium,4.1587,5.9789,10.1376,2.0393,-4.293,0.1365,0.2614,291.66,3.6896,2.4416,3.3088,Trimethylammonium_Pb_I,0.8672
1326,6.66635982656,6.504721866,6.57367324457,89.9914178842,89.5234792786,89.3171591178,Azetidinium Lead Iodide,16,"B. Zhou et al., Angew. Chem. Int. Ed. 50, 11441 (2011)",285.0228852207512,Pb,I,1,3,3,1,8,0,0,Azetidinium,5.1597,22.2201,27.3798,2.2715,-4.3473,0.1821,0.3226,285.02,3.7638,1.5501,2.3983,Azetidinium_Pb_I,0.8481999999999998
1327,6.57070131099,6.52949808554,6.61114940321,92.7753425628,86.6161111377,90.1890612583,Azetidinium Lead Iodide,16,"B. Zhou et al., Angew. Chem. Int. Ed. 50, 11441 (2011)",282.813989380775,Pb,I,1,3,3,1,8,0,0,Azetidinium,5.1973,30.1966,35.3938,2.2798,-4.3465,0.1829,0.3234,282.81,3.7932,1.5159,2.3404,Azetidinium_Pb_I,0.8244999999999998
1328,6.52767366823,6.60701440932,6.5810691188,93.7682009287,89.9706760519,95.4524256664,Azetidinium Lead Iodide,16,"B. Zhou et al., Angew. Chem. Int. Ed. 50, 11441 (2011)",281.9314584685883,Pb,I,1,3,3,1,8,0,0,Azetidinium,5.103,16.3736,21.4765,2.259,-4.3446,0.1848,0.3253,281.93,3.8051,1.7818,2.483,Azetidinium_Pb_I,0.7012
1329,6.57198471803,6.53884139519,6.5917739789,87.5974948064,84.1711560344,92.4787228321,Azetidinium Lead Iodide,16,"B. Zhou et al., Angew. Chem. Int. Ed. 50, 11441 (2011)",281.235337157041,Pb,I,1,3,3,1,8,0,0,Azetidinium,5.2179,43.5439,48.7618,2.2843,-4.344,0.1854,0.3259,281.24,3.8144,1.5462,2.3181,Azetidinium_Pb_I,0.7718999999999998
1330,8.97513332282,6.62860888688,4.81189601732,90.2880724011,83.8586940275,89.8814947585,Azetidinium Lead Iodide,16,"B. Zhou et al., Angew. Chem. Int. Ed. 50, 11441 (2011)",284.624967616596,Pb,I,1,3,3,1,8,0,0,Azetidinium,4.6244,41.4223,46.0467,2.1504,-4.3426,0.1868,0.3273,284.62,3.7691,1.5966,2.8499,Azetidinium_Pb_I,1.2532999999999999
1331,8.90247809584,6.6069651656,4.81345013224,93.1947324424,83.6352009395,86.5287165153,Azetidinium Lead Iodide,16,"B. Zhou et al., Angew. Chem. Int. Ed. 50, 11441 (2011)",280.300986314244,Pb,I,1,3,3,1,8,0,0,Azetidinium,4.6277,14.0484,18.676,2.1512,-4.3437,0.1857,0.3262,280.3,3.8272,1.7652,2.9697,Azetidinium_Pb_I,1.2045
1332,8.99209957408,6.59249574283,4.80750508235,88.1200957688,100.705895406,86.6874736755,Azetidinium Lead Iodide,16,"B. Zhou et al., Angew. Chem. Int. Ed. 50, 11441 (2011)",279.28671176871427,Pb,I,1,3,3,1,8,0,0,Azetidinium,4.6488,17.1187,21.7676,2.1561,-4.3445,0.1849,0.3254,279.29,3.841,1.7917,2.993,Azetidinium_Pb_I,1.2012999999999998
1333,6.44452549896,4.64162776319,9.33550021336,88.1657825308,93.4095572025,96.1184560541,Azetidinium Lead Iodide,16,"B. Zhou et al., Angew. Chem. Int. Ed. 50, 11441 (2011)",277.0787309080517,Pb,I,1,3,3,1,8,0,0,Azetidinium,4.5951,8.4615,13.0566,2.1436,-4.3361,0.1933,0.3339,277.08,3.8717,2.3772,3.2383,Azetidinium_Pb_I,0.8611
1334,6.80497372633,4.79330908038,9.39124234,107.523409683,97.7956943232,77.4367697618,Azetidinium Lead Iodide,16,"B. Zhou et al., Angew. Chem. Int. Ed. 50, 11441 (2011)",284.3063184929629,Pb,I,1,3,3,1,8,0,0,Azetidinium,4.278,5.936,10.214,2.0683,-4.3359,0.1935,0.334,284.31,3.7732,2.4933,3.3966,Azetidinium_Pb_I,0.9032999999999998
1335,9.19242472911,4.80176194137,6.76679739237,101.630519561,88.4907655984,77.2039526958,Azetidinium Lead Iodide,16,"B. Zhou et al., Angew. Chem. Int. Ed. 50, 11441 (2011)",284.49803169488746,Pb,I,1,3,3,1,8,0,0,Azetidinium,4.2906,6.1606,10.4513,2.0714,-4.336,0.1934,0.3339,284.5,3.7707,2.4691,3.3751,Azetidinium_Pb_I,0.9060000000000001
1336,9.05791935589,4.80856143544,6.6327605361,90.0231656577,85.6000785247,104.409194236,Azetidinium Lead Iodide,16,"B. Zhou et al., Angew. Chem. Int. Ed. 50, 11441 (2011)",278.92909039575403,Pb,I,1,3,3,1,8,0,0,Azetidinium,4.639,16.9374,21.5764,2.1538,-4.3453,0.1841,0.3247,278.93,3.846,2.1556,3.0572,Azetidinium_Pb_I,0.9015999999999997
1337,6.44803584892,4.6149987466,9.35016001137,88.8531034684,89.66460821,85.0051796708,Azetidinium Lead Iodide,16,"B. Zhou et al., Angew. Chem. Int. Ed. 50, 11441 (2011)",277.1245622939234,Pb,I,1,3,3,1,8,0,0,Azetidinium,4.5748,7.9825,12.5573,2.1389,-4.3364,0.193,0.3335,277.12,3.8711,2.3578,3.2095,Azetidinium_Pb_I,0.8516999999999997
1338,4.70147126039,6.460871957,9.16505457381,93.6109368171,90.4551451156,95.6005493712,Azetidinium Lead Iodide,16,"B. Zhou et al., Angew. Chem. Int. Ed. 50, 11441 (2011)",276.4872677343113,Pb,I,1,3,3,1,8,0,0,Azetidinium,4.6628,9.2195,13.8823,2.1594,-4.3367,0.1927,0.3332,276.49,3.8799,2.1164,3.1187,Azetidinium_Pb_I,1.0023
1339,8.58322659167,6.90940950991,4.80307594704,90.8264026904,89.9643924151,84.0099089423,Azetidinium Lead Iodide,16,"B. Zhou et al., Angew. Chem. Int. Ed. 50, 11441 (2011)",283.2611621433854,Pb,I,1,3,3,1,8,0,0,Azetidinium,4.138,4.058,8.196,2.0342,-4.3318,0.1976,0.3382,283.26,3.7872,2.4482,3.344,Azetidinium_Pb_I,0.8957999999999999
1340,8.70628852147,6.81574283748,4.83250833348,88.3914088523,93.1958683336,80.7365719946,Azetidinium Lead Iodide,16,"B. Zhou et al., Angew. Chem. Int. Ed. 50, 11441 (2011)",282.3805458606358,Pb,I,1,3,3,1,8,0,0,Azetidinium,4.1579,4.4008,8.5587,2.0391,-4.326,0.2034,0.3439,282.38,3.799,2.3324,3.2456,Azetidinium_Pb_I,0.9132000000000002
1341,6.52208377892,6.87594660782,6.53085019631,89.3790292959,82.1541958142,90.2088521441,Imidazolium Lead Iodide,14,"B.Saparov et al., Chem. Rev. 116, 4558 (2016)",290.1166849150964,Pb,I,1,3,3,2,5,0,0,Imidazolium,5.0625,17.1797,22.2423,2.25,-4.7774,0.4175,0.5781,290.12,3.7605,1.6653,2.3723,Imidazolium_Pb_I,0.7070000000000001
1342,6.53439874411,6.70080199898,6.63220124588,95.2337142556,82.9420258226,85.4382951315,Imidazolium Lead Iodide,14,"B.Saparov et al., Chem. Rev. 116, 4558 (2016)",285.7813351254039,Pb,I,1,3,3,2,5,0,0,Imidazolium,5.2009,38.1234,43.3243,2.2806,-4.7813,0.4136,0.5742,285.78,3.8176,1.5309,2.348,Imidazolium_Pb_I,0.8170999999999999
1343,6.68916243421,6.60486856507,6.57635170598,83.2066023716,85.1502392824,95.4976207321,Imidazolium Lead Iodide,14,"B.Saparov et al., Chem. Rev. 116, 4558 (2016)",285.8287988017718,Pb,I,1,3,3,2,5,0,0,Imidazolium,5.2533,67.4351,72.6884,2.292,-4.7814,0.4135,0.5741,285.83,3.817,1.5521,2.3885,Imidazolium_Pb_I,0.8364
1344,6.57511695862,6.56547225243,6.72686035599,95.6340691636,95.3990760494,96.2265066343,Imidazolium Lead Iodide,14,"B.Saparov et al., Chem. Rev. 116, 4558 (2016)",285.66792359033263,Pb,I,1,3,3,2,5,0,0,Imidazolium,5.1675,23.3872,28.5547,2.2732,-4.7815,0.4134,0.574,285.67,3.8191,1.6908,2.5079,Imidazolium_Pb_I,0.8170999999999997
1345,6.5317557773,4.49792144141,9.70782816101,87.3265386986,90.1237303312,80.1593404944,Imidazolium Lead Iodide,14,"B.Saparov et al., Chem. Rev. 116, 4558 (2016)",280.6923758024137,Pb,I,1,3,3,2,5,0,0,Imidazolium,4.5228,7.4822,12.005,2.1267,-4.784,0.4109,0.5715,280.69,3.8868,2.2322,3.0972,Imidazolium_Pb_I,0.8649999999999998
1346,6.65455464619,4.59210456325,9.99477622505,113.141791813,97.5970888622,80.0381700748,Imidazolium Lead Iodide,14,"B.Saparov et al., Chem. Rev. 116, 4558 (2016)",275.9179649676643,Pb,I,1,3,3,2,5,0,0,Imidazolium,4.5367,6.409,10.9458,2.13,-4.7856,0.4093,0.5699,275.92,3.954,2.302,3.1504,Imidazolium_Pb_I,0.8483999999999998
